01B3
FE18
FE0A
FE98
FE67
01BB
FF04
00F6
FE9D
FDE9
0137
FE8D
01E7
01E6
0143
01CE
0147
FE60
0102
FE13
FE26
018E
010A
FE11
FE89
0183
01E1
011F
012A
FEEA
FEDA
021A
01F8
FEA1
FE80
0163
FE62
FEDD
0143
FE4C
0150
FE87
0118
FEFA
FE73
017D
FE36
FE04
FDFE
FE9B
01E0
FE0A
0177
0173
FEE2
FE4A
FE22
FDE5
00F4
FE4F
0179
01D8
FE73
0162
0193
01BF
01FF
0187
0198
FE84
00E2
0110
FE0B
0203
013B
FE3F
FE0A
FF02
FF16
0112
FF12
00EE
FEEB
FE47
01DE
FE22
FE1A
0190
FEEA
FDFB
01A3
0102
FDFC
FE33
FE63
0126
0171
01B1
0161
FEEA
011D
01C8
FE80
FE57
01C0
020B
FED1
FE52
01D7
FE16
01FC
01AB
FEAD
FE68
FE36
01D1
0167
FEE4
0152
0198
FE4B
015E
FE09
FED7
0138
0146
FE77
01DE
01B5
FEE0
FEAC
FE74
FE9B
01A3
FEC9
0101
FE42
FEA2
01DE
FE01
0118
01F9
01B0
01D0
020A
FDEF
0103
FDE4
FE2B
015D
021A
FE79
FEB2
0214
01E5
0157
019C
FE9C
FE6B
01A1
01AA
FDEF
FE7A
01F4
FE0D
FE05
0174
FDF1
0122
FE00
01F1
FEA2
FE9D
01F3
FEB3
FDF8
FEA3
FEDE
0209
FE03
018A
0122
FEBE
FE05
FEC6
FE6D
010A
FE66
020B
0190
FE11
01C2
0166
016E
013D
0176
01F8
FE2A
01AB
0222
FE22
0133
01FD
FEFB
FE27
FE2E
FDEF
01B3
FE91
020D
FE44
FE89
0115
FF10
FEAD
018E
FDEA
FE8E
00FA
0189
FEFB
FE7D
FDF7
0173
0185
016E
01DB
FE85
016B
01D1
FEA8
FDFD
0136
00FD
FE16
FE08
0219
FE6B
010D
00FE
FF07
FE16
FEEA
01B6
0152
FEDF
0210
0108
FEF8
0129
FDFF
FE01
0211
00F8
FE5D
01FF
FFF4
009B
FF62
0044
002D
FFC7
FFD7
0074
FF7E
FFA7
FFF8
FFD0
0023
FFE5
FFE7
FF6E
FFBC
004B
FFCE
0009
FF90
0055
0016
0075
FF89
0065
FFBA
008C
FFD3
002C
0078
FFE1
000C
FF84
000A
0063
003F
007B
0095
0071
FFA9
005B
FF78
FF93
FFDA
0032
FF72
FF8A
FFA2
FFBA
000B
FFC4
008B
FFB6
005A
FFA5
FFA8
0048
0045
0093
0089
0025
002B
FFC4
0017
FFE6
0049
FFCB
004E
0076
FF91
009A
FFB9
0038
00A2
FF85
FF4F
0015
FFBE
0094
FF8D
FFD9
FF73
FFEE
0032
FF95
FFE4
0078
FFD7
0068
0022
0096
000F
FF76
000F
0018
0057
FF70
FFD1
FFC3
FFC6
001A
0060
0035
FFFB
FFFB
005F
FF69
001D
FFA6
FFAF
FFCF
0086
FF6E
001D
FFC3
0002
0006
0045
0007
FF5D
FF96
0020
001F
009D
FFD5
FF86
0066
00ED
FE0F
FF10
FE1C
FEAB
012A
FEC6
014C
FEB3
FE2C
01D0
FE18
01F9
0171
0167
01F8
017F
FEAD
01EB
FE24
FE65
01B4
0160
FEEF
FE42
01C2
01B0
01D8
0126
FF27
FED9
0161
01F9
FE87
FE94
0156
FE82
FF39
0117
FE8A
00E3
FE85
0163
FE7B
FE3B
01E7
FF24
FEA8
FE44
FF03
00FE
FEC6
017D
00DB
FE1F
FE41
FE4B
FE8B
015C
FE46
0198
01A7
FE1F
01FB
01F9
0153
01FD
01A3
019A
FE95
00DF
01D3
FF10
0118
0108
FEF1
FE07
FEFB
FE78
019F
FEAC
01C1
FE16
FE80
0131
FEAD
FE5A
014F
FF02
FE7B
01F0
01F0
FE45
FE5A
FEDE
0144
0157
00E3
0203
FEB0
01E7
012E
FE37
FF0C
01F8
0122
FEC5
FE27
0182
FE32
0113
0197
FF13
FE2E
FE93
0169
01A8
FE69
00DA
0121
FE24
01BF
FE75
FF10
0124
015D
FE42
0190
0149
FEF5
FEA2
FE46
FE28
01ED
FE49
0172
FE42
FE10
022C
FEFF
0205
01E0
01C9
0215
01EC
FDFD
018F
FEB6
FE2E
0141
0143
FE8C
FED0
0164
0131
0168
010D
FE4D
FE30
01BB
0212
FE34
FE99
0148
FE57
FE71
021E
FE96
01F1
FEC2
0209
FE2A
FE23
0176
FE36
FEF2
FDE0
FE47
0202
FED6
0216
01A2
FF01
FE4B
FE3C
FEA8
0137
FE4B
01FB
011F
FDE1
01D5
015B
013D
0227
018E
0160
FE63
01E2
01A4
FE02
01DB
015B
FE47
FDE5
FE7B
FE59
0128
FE33
01D4
FE76
FED4
01B4
FEAE
FE23
0203
FE7A
FDEB
0129
022A
FE89
FEE7
FE4D
0180
018E
01BC
0229
FEB3
0131
016F
FEB1
FE7E
01C6
011C
FEB2
FEB1
00F2
FEF1
015D
020E
FEA7
FEBA
FEFC
0211
0213
FEFB
01F5
01FD
FE69
0192
FDDA
FE1C
01F5
01F4
FE3F
0215
FE90
011C
0165
011A
010A
FE06
01DD
FF1A
0177
016C
FEBE
0120
FE12
FEBC
FE0B
FE5E
FDF9
018E
FEF5
0170
011C
FE5B
FE5A
0127
0211
FE87
FE53
FEB7
FEAC
00E5
00E4
FE0D
FF06
0195
020F
FEEC
01BC
00E0
FEFC
018A
FE12
0113
FE94
0206
0200
FE70
01F7
011B
0113
0210
FEA8
018F
FEEE
FE43
00E6
0168
019E
012A
FE24
00F0
FE57
FE01
011C
FE76
FE7B
FE18
FEB8
FEC8
FDEB
019A
FEEC
FE40
0178
FE1C
FF0E
0133
019B
011C
01DB
FE64
01B4
FE0F
0144
01F9
FE0B
01BA
0163
FE96
014A
01D1
FE81
FED6
020B
018A
0102
FEF8
FE0B
FE8D
FE45
010F
FEF4
FF14
0215
01E7
FEAC
FE9A
017F
01F3
FED6
01FA
FED6
FE7D
0140
018D
011A
FE34
FF18
00E6
FE50
FEC2
016B
FE5F
020E
0109
FE8A
FE6F
020A
FE6A
01D6
FEB8
FEFE
FEA5
FE4D
010D
FEB0
01A9
FDE8
FE0E
0222
FE23
01E7
01C5
01C5
00FE
01B3
FECD
014C
FEDE
FE92
01E6
010E
FDFF
FDD4
0190
020C
01DB
013E
FE15
FEEF
022B
021E
FDD6
FEA5
01F7
FE33
FE29
0103
FE2D
0209
FE84
021C
FDD9
FE0C
01C4
FDDA
FE50
FEF9
FE97
020B
FEB9
0119
012C
FEDF
FE6B
FDF2
FEC9
0134
FDD9
0198
018A
FE07
013F
0180
01EB
0165
021F
016B
FEEE
0122
01D5
FEB2
01C7
012B
FEF4
FED3
FE52
FEA7
0212
FE1B
0166
FE10
FDF7
012A
FE9F
FDF5
01A8
FE06
FE39
017D
017F
FED1
FE3E
FDFF
0205
0222
012D
01F4
FE4A
01E1
01B7
FDD6
FEBB
01AB
01CC
FE63
FDDF
020D
FEB2
01F2
01F0
FE96
FEF3
FE4B
018C
0140
FDDE
0223
01B8
FEE9
0239
FED9
FEFA
01B3
0141
FDD2
01BD
0049
FFC8
00C6
00D2
0095
FFF6
002E
FFC2
FFF5
0063
0000
005D
FF18
0022
FF1D
FF5A
FFFC
FFF0
003E
FFDA
00CA
FF1B
FFEF
0000
0039
FFF9
FFB8
FFE9
FFEB
00C1
00E0
0001
0048
FFFA
FFE8
FFA9
00C3
00B3
001F
0057
FF7C
0065
FFBF
00B7
0092
FF31
FFD7
0030
005D
FFFE
002B
007A
FFBF
FFBE
FFCA
0017
000D
0004
FFD4
005F
FF90
FF7D
00BE
FFA6
FF3D
FF81
001F
FFB1
FF8C
0041
FFE9
FFF0
0025
FF58
0017
00F7
00E7
00B8
006C
FF78
009A
002A
00A7
00F6
002F
FFE0
FFE5
FF34
00FE
009D
002C
FF59
0033
0004
00A6
0024
FF9A
FFB3
FF24
FFDA
FF65
FF45
004E
009E
FF24
FFDC
00ED
FFFC
FFBB
0069
FFCA
0009
FFC8
FFEF
0058
FF6F
FF1F
009C
FF1E
FF8E
0091
FFAC
FFE2
00FC
FFA8
0022
0068
FFC1
FEBD
0113
0126
00F4
0140
FF1D
01D5
FEE7
01F9
01C7
FE38
01C6
FEB9
FE73
FEB7
FE0D
FE06
0145
FE60
011F
0108
FE90
FE71
01BB
012E
FED5
FDFC
FED4
FE25
0142
01D7
FDFB
FE47
01EA
0187
FE79
00F2
01AB
FEB9
010A
FE20
01B8
FEC8
0196
01BF
FEB3
019E
0113
0109
00EB
FE06
016A
FE6C
FEE0
0189
0178
017E
0102
FE60
0168
FDF9
FEAC
019A
FE8F
FEC3
FE56
FE9D
FE62
FE47
012E
FE4C
FE5A
011D
FE99
FF03
0124
01DD
0179
00EF
FE7F
0153
FE0A
016B
0129
FE14
0165
01B3
FDE7
0102
01C8
FE10
FDF0
01AE
01CB
0147
FF00
FEDA
FE2B
FEF4
012A
FE4B
FEB9
01BF
011C
FE09
FE7B
01EA
0207
FE6D
016F
FEFC
FE87
0180
01B0
01D7
FEFB
FED7
0192
FF04
FF0B
017E
FE71
01FF
01D5
FE28
FF17
01C7
FEFF
01CE
FE25
FE6B
FE36
FEAC
0214
FF0F
018F
FE5F
FEAD
0114
FE30
01FF
0112
01F8
0116
0164
FDE6
0184
FE97
FE27
0120
00F4
FE15
FE7D
0106
0144
0109
0171
FE2E
FE0C
0181
0154
FE0C
FDED
012C
FEED
FE3D
0109
FE33
0174
FE83
0222
FEC0
FE13
0144
FDE9
FF06
FE17
FE99
00EF
FE7F
0201
0220
FF10
FF07
FE91
FEA6
01E6
FE4C
012B
017B
FE25
01DE
0217
013D
01FF
010C
01B8
FDFC
016A
0195
FEBC
018C
014E
FE2E
FE78
FDEE
FE05
018C
FF10
01F6
FE4C
FE7C
0202
FEDB
FE3D
0180
FEB7
FF00
0219
01D8
FEB3
FDED
FE58
0196
0115
01C5
00FE
FE77
0110
0154
FE60
FE36
016A
01CF
FE00
FECA
0122
FE2C
020C
0141
FEF8
FEEB
FEDF
01EC
0132
FEC3
015F
0104
FDF2
01ED
FE95
FE44
0165
01E5
FEAC
0160
FFFC
FF86
FF88
FFF7
001F
004D
0072
FFAA
002E
FF72
006B
FF64
FFF1
0091
0081
FFB2
0076
FFD8
000F
FFA4
FF87
00B0
000C
FFD4
FFF7
00BC
0028
006B
006D
004F
0024
009C
0059
FFD0
0002
005E
FF5D
FFB0
0041
FF8C
004C
003C
00AC
0060
003E
FFF7
FF82
000D
003B
FFF7
0057
FFC9
FFCA
FFB8
FFF9
002B
FF5C
0016
00A6
FFB8
0065
002A
FF75
0014
008E
00A2
00B7
FF9F
002F
001E
FFE9
FF97
FF65
003B
FFBF
FF87
FF65
004B
FF84
00C3
FFDA
0050
0027
FFF6
0042
002B
0059
0006
FF8B
FF8D
0013
003E
0021
FF4A
FFE8
FFC0
FFF7
003B
0050
0022
FFBE
0046
FF78
0056
FFDD
000C
FF66
FF48
0080
0003
FFC7
002D
FFD2
002D
FF5F
0081
FFBB
FFAD
00A7
FFA2
FFB0
FFBB
FFA8
0067
000D
00A6
FFA5
FFC6
FE59
00E3
01B1
0125
00F9
FE30
00D9
FE6C
0173
0155
FF05
0120
FF3F
FE85
FEAF
FEDE
FEC3
00F8
FE9D
00FE
01B5
FF23
FEB8
01D3
00E8
FF3D
FF1D
FF38
FF30
00BA
0152
FECF
FF08
01BB
00D0
FE23
019D
01D8
FE18
0174
FF2A
01DD
FE83
0177
0194
FEE4
0154
01B9
01AD
01B5
FEF8
011F
FE3F
FF2E
01B9
00EC
016A
0120
FEE3
0159
FE2A
FE4F
01BB
FE7C
FE33
FE81
FF32
FF28
FEA4
0197
FF21
FEC6
011E
FE75
FEEE
013A
01D8
00C8
01BB
FF1B
010B
FE90
00CB
00F3
FEA7
00DD
00C3
FE9D
0127
0166
FE39
FEC9
0182
01BB
00D0
FE1E
FE85
FEFC
FF0B
00FC
FE4F
FED0
00C4
0152
FF3C
FE5A
0152
0192
FE7B
010D
FE78
FE7E
018F
0192
0194
FEFC
FE3D
01A6
FEF7
FE63
0104
FF23
0187
017C
FEA9
FEC5
010E
FED3
0104
FEE5
FE06
FEAD
FE1C
01B6
FF23
01FA
FEE1
FEDD
0210
FE25
0160
00E4
0141
012F
00FD
FF0F
0151
FEC2
FEC6
0201
00E8
FE6A
FE0C
01CB
010C
00FD
012B
FE77
FE8F
01B4
0179
FEAB
FEEC
012A
FE34
FE2B
00E5
FE0C
01A4
FEA0
00F1
FE69
FE19
00EF
FF20
FEC7
FE2D
FE94
01FB
FF1C
0184
016C
FE60
FEE3
FE1A
FE9C
01BD
FEEB
016F
0214
FE37
01CE
00EA
00EA
0197
01CD
018E
FE33
01F5
0179
FEE0
0103
01C5
FE6F
FE79
FE15
FE6F
0185
FE25
01C5
FE86
FF24
0148
FE3D
FE0F
01E6
FE4B
FF12
013E
01A0
FE4E
FF06
FED8
0122
01DD
00EA
01DF
FF17
0117
01EE
FEA3
FEC5
00D8
01BF
FE35
FEA1
00EC
FE88
0204
01EE
FE9C
FEA3
FEAA
017D
0193
FE0A
0174
0151
FE65
01B4
FED3
FEBE
01AA
016E
FEA0
01DC
01FD
FDD9
FE5F
FE3F
FD7B
02C5
FD73
02A9
FD4B
FDA2
0200
FE36
0299
0208
01B1
01C3
024E
FDCD
0223
FD4A
FE52
024A
0206
FE58
FD51
021C
02A9
026E
01AA
FE10
FE0E
01E4
01A4
FE42
FE55
01B4
FDCB
FD6C
02B4
FD58
029D
FE36
0284
FD9F
FDBB
0249
FDBB
FE53
FE63
FE36
01F2
FD6D
0293
01D5
FE28
FDD4
FD30
FE20
0297
FD8C
01D4
02D4
FDD7
0298
01D4
022A
02AD
02A5
023F
FD99
022D
02B2
FE14
027A
022E
FDCC
FE3E
FDC9
FE64
01C2
FD4A
02CE
FD9D
FDDF
01E1
FDAA
FDD0
01DB
FD72
FDFC
023B
01BB
FE3C
FDC6
FD39
027A
0240
0217
02B5
FD4A
0269
028D
FE67
FE47
026B
01C2
FE41
FD3D
02C1
FDEB
0271
0248
FDF4
FE0E
FD58
02B9
027C
FD47
0287
01CB
FDB1
0209
FD53
FE63
01B0
01B1
FD82
01E0
FF35
00D8
0169
014B
00E4
FF45
012E
FE82
00D3
011D
FF90
017C
FF7D
FE77
FED5
FECE
FF27
0097
FF40
0169
0191
FEE4
FEDB
0095
010A
FF82
FEC9
FE6D
FF1C
0187
00BF
FEA1
FF42
0158
0181
FF3D
00BD
014F
FF38
015E
FEA7
00DD
FEEF
012A
00B1
FF18
0104
00B2
010E
0133
FF27
0189
FF55
FED4
00E0
006F
010C
00E1
FEA3
0096
FF3F
FEAE
0073
FF1E
FE69
FE78
FE85
FEBA
FE93
0103
FEBC
FF58
00AC
FEF6
FE9F
006E
0098
0102
017B
FEFE
0103
FEF5
00FC
019A
FEFE
017B
019C
FE8B
011F
0178
FEFD
FE9A
00D5
0149
00CC
FE67
FF86
FE68
FE8E
00B2
FEF4
FF29
0134
00BB
FEDF
FF15
018F
0076
FF65
00F7
FEAD
FEBE
0090
008A
0190
FEE4
FE94
00ED
FF41
FE70
0140
FE5B
00A4
0163
FF4F
FEB6
0082
FECD
FEEC
0124
01D7
01FB
016B
FDE6
00F0
FE18
0187
017D
FE1E
01C9
FE6F
FEF1
FE8E
FED6
FE36
016B
FE93
0210
0108
FE92
FE70
0216
0101
FE27
FEFB
FE02
FE88
0122
01C8
FEFE
FEEA
01CA
0202
FE32
0198
01A9
FE0E
0184
FEF7
019E
FEF4
0146
0130
FE9D
019E
01F1
0146
01DE
FDF5
012B
FF08
FF0B
021E
01AB
011E
0111
FEEB
01F1
FEC7
FE19
0106
FE8F
FEEE
FE1C
FED5
FE6F
FE04
0201
FF0C
FE9C
0107
FEBB
FECD
0199
01E8
0107
0184
FEAB
0117
FE5E
016A
01E6
FEB0
01BB
01DB
FEB7
01C7
010B
FEDF
FDF6
0198
01B6
0161
FE36
FE49
FED5
FE3D
01D7
FE35
FDFF
011A
020D
FE9F
FEE9
0105
01F0
FF08
01FF
FDF3
FEEB
0138
021C
01CA
FE33
FE90
01EB
FE03
FDD6
017C
FE43
01CE
0215
FDF2
FEE9
021C
FDF0
FE61
0146
01CE
01F2
01E5
FF08
0107
FED6
0206
01E3
FE65
00F0
FE89
FE37
FEE9
FEC5
FE13
0199
FDEB
018D
019C
FE02
FDF6
0130
01FC
FE90
FDE5
FE9D
FEDC
0117
0172
FEF1
FE13
0104
01DF
FEA1
01C9
01BB
FE24
01AD
FF20
0197
FDDF
01E3
0215
FEC4
0125
01BA
019E
01FE
FEF6
01E3
FEE5
FDF5
012F
00F8
01D6
013C
FE10
0192
FEF5
FDEF
00F7
FE43
FE97
FF0A
FE6E
FE9A
FF01
0158
FEAE
FE3D
0135
FE34
FE8D
012E
01B9
0149
0177
FEEC
012C
FE01
0208
01B7
FE0E
0128
01CF
FE89
019B
01FB
FEC5
FE3C
0159
0182
00F9
FED9
FE67
FEF6
FE4B
010F
FE06
FED0
0138
0103
FEDA
FDEB
01E5
01D7
FE69
01D6
FE45
FE87
0189
0134
0189
FEA3
FECC
0151
FE76
FE16
01CA
FDF7
01E7
0161
FF09
FEB9
017B
FED6
FEDB
017C
01F2
01C8
013F
FDF1
014E
FEF1
019A
013A
FE23
0117
FE88
FEB5
FEA9
FE5E
FE90
017B
FE7D
011B
01DE
FDF6
FEA4
018A
0160
FEEC
FE70
FEB8
FE5B
017D
01E4
FF0D
FE52
0170
01E8
FE40
01F6
01B0
FEF6
01BA
FEBE
01E6
FDF0
01DC
015E
FE6A
011C
01C0
01D8
01E5
FE91
016D
FF12
FE9C
010F
0125
0183
01F0
FE39
01D0
FE8E
FE42
0122
FE04
FE40
FE29
FEBB
FF14
FF0E
0158
FDFC
FE1D
01DA
FEE5
FEC7
0100
0191
010D
01B6
FE30
0154
FF16
0193
014B
FED0
01DD
01D0
FEAE
011F
01AA
FE8A
FE1D
01E8
0128
0101
FEDB
FE29
FEEB
FE30
0188
FE3B
FE67
01BB
014D
FEB7
FE79
013D
015B
FF1B
0142
FE85
FEC7
00F2
0178
0192
FE12
FDFA
01CE
FEE9
FE2C
0191
FEBB
0202
014E
FEFE
FE74
011B
FE9C
FED5
00C4
01C8
0105
01E4
FF16
01CE
FEB9
0185
01AD
FF02
0171
FECB
FE96
FE83
FE6A
FE89
0103
FEC3
018C
0156
FED2
FF2F
00D9
01F9
FF1D
FE63
FE84
FF0D
011E
01AB
FEAA
FEEC
0116
0184
FF31
01E9
0158
FEFD
0152
FF0A
00E3
FE3C
0133
00F2
FE9F
00FC
01CC
019C
011C
FE2B
00E3
FEFA
FE3F
01CF
01F8
01C7
0147
FE17
016E
FE9A
FE47
01B5
FE55
FE33
FE38
FE28
FE2E
FE0F
01F5
FEE2
FED0
01CA
FF22
FE22
01CF
0149
0199
01CA
FEC1
018F
FEF2
00DE
00DB
FF0B
01E3
01A6
FE06
01F1
00EB
FE9F
FE68
01AD
0101
0140
FE3C
FE72
FE78
FEEB
01C1
FEB9
FF22
014D
0150
FF38
FE59
01AC
01C0
FF37
018E
FF1E
FE54
01E2
00D3
0149
FF0A
FE90
01D7
FF09
FEB4
0158
FEBB
0102
01BB
FF34
FF0D
00F5
FEEF
0172
FEED
FE9D
FDE9
FED3
0114
FED0
0168
FED9
FE76
0154
FE20
0202
01C2
0201
01A4
014A
FE0F
012C
FE5B
FEB8
0231
01D2
FE2F
FE72
0181
01C6
0149
0189
FDCD
FE93
0118
0138
FEDC
FEE0
0116
FEAF
FEB0
021E
FDF6
0113
FE2A
0168
FE61
FE33
018F
FE83
FE2B
FEDF
FE98
013C
FDC5
01BF
01E0
FE31
FE7A
FEE2
FE39
01F3
FE3C
0236
0214
FEBD
01DC
017D
01CF
0157
0141
01F7
FDD6
01B0
010B
FE7E
0207
0190
FEB8
FE7C
FDDF
FE35
01D6
FEB6
01C9
FDD7
FE9B
021D
FE01
FE48
013C
FDD3
FED0
021C
0212
FE73
FE01
FEB5
023B
0131
023B
0126
FDD7
01B7
0156
FE87
FE33
015E
021C
FDDB
FE76
0189
FE0A
0127
011B
FE0D
FE99
FED3
01DE
01E5
FDDB
01C9
0168
FE23
01E4
FE06
FE3D
0149
0146
FEB6
0134
01D8
FEDB
FE8A
FED6
FE61
013F
FED5
0206
FE07
FEA9
01CE
FE83
01C2
01E0
01AA
011D
01A1
FEDE
01E1
FEBB
FEA5
01F3
0196
FE3A
FEC8
0103
0166
0147
021A
FE32
FEDD
01CF
0192
FE77
FEE1
01FD
FE0A
FEEA
0221
FE30
0204
FE98
0162
FE49
FEE9
01D2
FE7A
FE6D
FE38
FE78
015E
FE82
021C
01F7
FE98
FEBD
FEAB
FEC9
0121
FE46
01B9
01B4
FDED
021C
01D0
016C
0225
0204
0132
FE47
014B
0139
FEAA
0210
01F7
FE2B
FEDC
FDC8
FDD9
01D4
FEC5
0132
FEF1
FED6
0232
FED9
FE48
017D
FEB8
FDC8
0106
01AE
FE1F
FEC5
FEF0
0124
0231
01D8
0115
FDCC
012D
018B
FDCB
FEC8
020E
0163
FE04
FE38
016F
FEEE
01D6
01D4
FE98
FEAD
FEB8
011D
0148
FEFA
019E
0147
FEAD
01D6
FE89
FEA4
01D1
0118
FED8
01EC
0213
FEAE
FE91
FEFD
FDD2
014D
FE6E
01FC
FE5E
FEBF
0220
FDDE
022E
019F
0175
010B
011D
FDF2
01A7
FEAC
FE88
021A
022D
FDF1
FDE3
010E
01FF
019E
020A
FE46
FDF8
01D1
01F1
FE0B
FE0C
0134
FDE1
FE9D
0211
FEA3
01A3
FE19
01FA
FE63
FE9E
017F
FECF
FE35
FEF0
FEB1
0185
FE49
014E
01DD
FDCF
FE01
FEB0
FEAB
01A4
FE19
0232
018E
FE99
012E
018B
0172
017C
0124
0215
FEEF
0173
01C8
FEDC
0117
022F
FDDD
FED5
FEB5
FEE4
0201
FE2B
0158
FE69
FE8F
01E7
FE0A
FE99
01FB
FEDF
FED4
0120
022C
FE64
FEF8
FE77
01C1
01A5
0121
0221
FECA
020B
018F
FE78
FE56
018C
019B
FEE0
FE2C
01D1
FDD9
0108
01FC
FDF5
FDFB
FE01
014A
0160
FE8E
0136
0108
FE8F
01E8
FEBE
FE58
0152
016B
FEEE
0211
FDE8
0205
018E
00F7
018A
FE9F
014D
FE1D
014B
01E1
FEF9
0211
FE19
FEF4
FEEA
FED0
FF10
01EE
FEF8
0169
0175
FDFE
FE25
0207
0175
FE77
FE00
FDF5
FEF5
017C
016C
FECE
FED7
0193
01C1
FE09
013C
013A
FEB7
0142
FE45
01D3
FE5B
01F8
0197
FE64
0187
018F
01B4
016D
FEFD
0215
FF1B
FE8B
0194
01FB
0162
0115
FE83
0219
FE69
FDF0
0165
FE9B
FE2C
FEB3
FEF3
FE5E
FF00
012E
FE9A
FE21
0208
FE51
FE74
01EE
0151
0111
0216
FEEC
0188
FE8E
019B
017A
FE5E
0215
010F
FEE0
01E9
01AD
FE91
FE07
0176
0204
021F
FE66
FDFB
FEF2
FEFC
00EF
FEA2
FE28
0196
011E
FED2
FE2E
017B
00E7
FE43
0211
FE32
FEE4
0218
0153
010E
FE05
FE2F
014A
FECF
FEAC
0166
FEA0
01CC
01EE
FF0A
FEB2
01C9
FEFC
FE24
0210
0173
0173
01F6
FEF6
0143
FEC4
0105
0168
FE97
0177
FDF4
FE4A
FE3D
FE2F
FE69
01BE
FDE2
015C
01BC
FE5F
FE18
012F
0172
FE69
FE6B
FEB9
FEE7
0111
0129
FE41
FE62
01F5
0191
FEA0
0219
021B
FDEA
01C5
FE4C
01AD
FEAE
018A
01E0
FE4C
0165
0181
021F
0179
FDDD
0184
FEB2
FEB7
0147
0185
01FE
013F
FDE2
01B6
FDD1
FEB3
01FE
FDF1
FEC1
FDE5
FE79
FE87
FDCF
0141
FE7B
FDD6
0124
FEEE
FDCC
01F9
01C3
018A
01E9
FE41
011B
FE7F
01E1
01C6
FE48
0230
0177
FE2E
0146
0113
FE3B
FE86
01CB
017D
01EE
FE12
FE1E
FE68
FE84
022F
FE7B
FE5A
0200
01F6
FEA7
FE31
01D5
016E
FE9D
012D
FEE6
FE2D
013A
0198
0200
FE07
FEC6
01C7
FE9C
FE58
01FB
FDD8
0192
0123
FE0F
FE32
0219
FE7C
FFA4
0043
FF34
004E
FF43
00BE
FF9C
0059
FF79
FF5A
00BC
FF41
0087
00C3
0062
00AA
FFF3
FFD9
0084
FFB5
FF67
00A3
0000
001F
0043
FFD9
FFC2
FFF1
0002
0046
FF55
FFDF
FFD1
0054
0045
008E
FF57
FF7F
0086
FF6F
FFF3
FF48
0081
FF95
002C
0067
FFED
0002
FF3B
FF86
000B
FF8F
0097
005B
0028
0019
FFE5
FF82
00A0
FF86
00B4
0055
FFA1
FFB6
00A4
FFE4
0080
FFCC
00AD
0044
0062
FFCA
FFCA
00B1
000F
006D
006D
FFE4
0070
FF8D
0050
0064
FFBA
004B
000E
005A
003D
0046
FFD0
FF97
005C
FFE8
FFC4
FF95
FFA2
FF87
FFDB
009F
0070
FFEE
0031
0099
004C
FF93
FFBB
0054
FFF9
FF9C
00A8
FFA4
00B7
005E
FF95
FFE1
FFC3
003A
0033
0052
0074
00BF
FFAF
0052
FFBE
FFF2
0061
FFC7
FF7C
FFFB
0179
FE70
FE68
FF29
FEEA
0151
FEA6
00CD
FE59
FEA2
015C
FEAB
01A6
01DB
00F8
01D4
0149
FEDF
018B
FE79
FE73
01C3
01E7
FE4E
FE1F
01BE
00D1
01E6
0135
FE95
FE57
0159
013E
FE99
FEC4
014E
FF23
FEF5
00DA
FEDF
010A
FE1D
0123
FE98
FF18
011A
FF09
FEEE
FF27
FE98
01C2
FF2D
01A1
016D
FE2D
FE35
FF2B
FED8
01D4
FF1C
0139
00F6
FE15
0187
01E6
0187
0166
0152
00DB
FEAD
019D
0103
FE81
01FE
0135
FE01
FE13
FE08
FF0C
0164
FEE4
010F
FF1E
FF21
0138
FEBF
FDFD
0182
FEA8
FE84
01F8
01D3
FED3
FE8F
FE8C
0166
00E6
01AB
016E
FEDC
00F5
0141
FDFF
FE90
01E2
01D8
FEF4
FED7
010D
FE53
0130
00DE
FE32
FE92
FEBE
01DE
010D
FE22
01A0
014A
FE05
020B
FF1A
FE47
0126
0169
FEB8
01FD
01E6
FE0D
FEAD
FE7C
FEE9
01AB
FDD4
01B4
FEE3
FE2A
01FF
FE6F
0161
0209
022B
01B6
022B
FE5C
020A
FE48
FDDB
015A
017A
FE57
FDFA
01B7
0196
0207
022B
FEB7
FE4B
0223
01EA
FE56
FE04
0155
FDCF
FE2A
0158
FE0A
014D
FE14
0214
FDEB
FDC7
013F
FE08
FE3A
FDCE
FDD0
017B
FEC0
018E
01C2
FE30
FEB4
FDC1
FE4F
014A
FDFF
0187
01C0
FEEF
018F
012F
0231
021A
0111
0232
FE84
0122
0157
FEE9
0164
0194
FECF
FDC5
FEAA
FEB3
0193
FDE9
0196
FE95
FDCA
015B
FE99
FE96
0192
FE59
FEAA
022A
0238
FE94
FE99
FE66
012B
0209
01D1
0207
FE04
022F
014A
FDE5
FE43
01DC
011E
FEC9
FEAA
016B
FDE7
01BF
0200
FE14
FDF5
FE72
0182
0127
FE0A
017C
021B
FEEA
023E
FE31
FDDD
01A2
0228
FDE9
0122
01C6
FE5F
FF20
FE96
FED2
00EF
FEC8
00DE
FEA1
FEF8
0116
FF14
01AB
012C
017D
00C0
00CE
FEE2
015D
FEF1
FEF5
00DA
00D7
FE6D
FE7A
0178
0141
0120
01A3
FEF5
FE64
015C
00D7
FF18
FEDA
016B
FE8D
FEB1
00C2
FF08
0165
FEFF
01A5
FEA4
FF52
0134
FF08
FF42
FF26
FEA4
0151
FE9A
00D4
01A9
FED6
FF69
FEFA
FE80
0158
FF3E
01B2
0112
FE71
0154
01A7
00DB
0108
01D2
01D7
FE66
0103
0198
FF1F
018F
0198
FE93
FF12
FEAF
FF30
0183
FE62
0118
FE4F
FE64
00D0
FF4E
FE41
00DC
FE78
FE75
01AB
01BF
FF3F
FEBB
FF18
010F
00DB
01C3
00D8
FF41
0182
0181
FF25
FE9F
01A5
0138
FE98
FF52
014E
FF39
0112
01AE
FF5B
FF5A
FF03
00FC
0119
FEF1
0174
015A
FF1E
00B6
FF52
FEA5
016C
00D2
FF15
01CD
FFA3
00EF
009A
006E
00D1
FF57
00D3
FEC0
0145
0131
FE74
0109
FE80
FEC2
FEB2
FEF7
FEDA
00FC
FF57
008C
00C1
FEB5
FF39
0077
010B
FF37
FF60
FE86
FF0B
0109
008D
FE9E
FF81
00C8
011A
FEE9
0121
018F
FEF3
00C6
FEEC
0123
FECC
00BC
00BF
FEF8
009F
00D2
00EF
0150
FEF2
00BB
FEA2
FF0F
007B
00F6
00D8
0109
FECD
0071
FF3D
FF6C
00CE
FF85
FEBA
FF52
FF10
FF35
FF52
0097
FE82
FEE0
00F5
FF08
FF37
013E
007F
0119
012C
FEB5
00AD
FF2B
017A
012F
FEB7
011C
0128
FEA7
0179
00E8
FE82
FEBB
017E
016E
00EC
FF24
FF11
FEB2
FEE3
007C
FEC4
FF6E
0095
009D
FF69
FF2B
014C
007A
FF1A
0137
FEC4
FF64
00A2
00CC
006B
FE7D
FF8A
0124
FEFB
FF6E
0183
FE8E
0118
017B
FEA6
FEA2
0185
FE97
0031
0013
0081
0001
FF99
FF9A
0023
0070
FFD9
FFA2
009F
FFAA
FF9A
FF70
FF9C
0048
FF92
FFF5
009A
FF87
FFB1
007D
005F
FFD6
FFC0
FF79
FFA5
0093
0011
FFF2
FFDA
FF92
0035
FFC5
0032
0051
FF86
0003
FFC7
FFD9
FFAE
0075
0017
FFB9
002B
0076
0000
FF52
FFF6
FF84
006D
FFC6
00A9
FFC0
FF5B
FF8A
0055
0048
004D
FFD7
0055
0030
FF6D
000F
0004
007E
0001
FF9B
00A6
FFF8
00A0
0052
FFD8
003E
0097
FFE8
FFBF
0065
FFEB
0068
FF94
0063
0018
003D
0081
006F
005C
004E
FFAA
FF61
FFE4
0009
0078
0036
0034
0057
FFA5
00AE
001B
0016
000A
003D
FFCB
0039
0094
0011
FF7E
FF9F
FFB2
FF69
0080
006E
FF90
004A
0046
003A
FFA5
0064
0014
FF8B
FFFE
FF9D
000E
0057
FFC3
00B5
0011
00A6
FE69
01E2
0209
017C
01CD
FEBF
01A8
FEED
0186
00FB
FDF4
01F9
FE65
FED8
FE51
FE65
FF18
00F9
FE20
0164
01DF
FE1A
FE3E
017C
0156
FECD
FEB4
FE0B
FE6D
016E
015B
FEA3
FEFB
01AC
01DE
FE17
0166
00EF
FE4E
0198
FEDA
0173
FE57
0163
010B
FDEB
0157
018B
00F5
01FD
FE8D
0195
FE05
FE2E
0157
01B2
01FC
0211
FDF3
0127
FECF
FF01
014E
FF02
FE9C
FE0D
FE3D
FE97
FE60
0106
FE02
FE65
01C6
FF05
FEE8
01A7
016F
0187
011B
FE59
0159
FEBE
018F
0153
FEAC
0168
01EA
FE79
0167
0122
FED2
FE28
0129
0156
0145
FEEE
FF02
FE69
FED4
0119
FE12
FE72
0100
01D0
FF10
FE87
01FE
0183
FE13
0167
FEA1
FEAE
01CC
01BD
017F
FE1A
FE8B
0110
FEA3
FED7
01D0
FE47
01FC
013F
FE0D
FEE4
01D7
FEE2
FF7F
001F
0010
0045
00AB
FED1
0011
FF8F
001F
00F4
FF1F
00D6
FFD5
FEF5
FF17
FFDA
FFC5
0107
FF0E
00D6
011A
FFE0
FF8D
001E
010E
FEEA
FF91
FEF6
FED4
0107
013E
FF01
FFAA
0066
008D
FF44
0105
011E
FF59
00E3
FF13
0034
FFEF
007C
012C
0005
007D
011F
0094
012D
FECA
00D7
FEEA
FF6F
00BC
0060
0090
00F9
FF29
000E
FF6E
FED7
0096
FFED
FEDC
FF7B
FF94
FFB5
FF47
001B
FFE1
FEEE
0010
FFC7
FFF1
00B1
00E4
0017
010C
FF8C
0046
FF33
00D4
0095
FEF2
008A
00EA
FF84
0070
0016
FFDD
FFBD
0060
0138
013D
FFB4
FFD4
FECF
FF4D
00B8
FF3B
FF5F
00F2
0062
FEFC
FEDB
0064
0061
FF2B
00F5
FFAA
FF42
002B
0092
0126
FFCE
FF5C
011B
FF0C
FF35
00BE
FF5C
00DC
0023
FF87
FFCF
00FF
FF4F
FEA4
0201
0242
01EB
0174
FDE3
0129
FDD8
0200
01D9
FE0C
0183
FDDE
FE5E
FE30
FE22
FEE3
0210
FE2F
0136
019D
FE08
FED4
01AE
023D
FEB9
FE97
FEAA
FEC7
0179
0135
FE16
FE8D
0142
020F
FEB9
0148
01FC
FE58
01F0
FE62
0160
FDE4
01A3
01C8
FE21
0168
0210
0223
01FF
FE67
01D9
FE15
FE04
0181
0123
020B
014D
FE6E
015D
FEE5
FDFA
014F
FE76
FE4E
FDCC
FE37
FE82
FE16
022D
FE75
FE6E
01DF
FEBB
FEA9
01FA
01BB
0204
01FA
FEE7
01A4
FEAE
015A
0175
FE2A
016F
0143
FE11
01BA
01A8
FE96
FEBD
01A1
0161
0231
FE8C
FEBF
FDDC
FE06
011E
FE19
FDEF
01D6
014E
FE6E
FEEE
021C
01BB
FDE0
01BD
FE83
FDDD
0231
013E
0172
FE70
FE37
0128
FE3A
FEEC
0177
FDCC
023F
016E
FEEB
FED3
017B
FDFB
00BD
FF15
FFD2
FF47
FF54
0032
FF8A
00CF
FF85
FFFA
FFFC
FF82
0083
0025
00BC
0050
0079
FF2C
00A2
001E
FF62
0106
005C
FFD9
FF66
00D1
00C8
00CD
003F
FFB8
FF70
0009
00F9
FF07
FF32
004C
FFF8
FEFE
00E1
FF79
00ED
FF7F
FFF2
FFE9
FEEE
0094
FFF7
FF1F
FF44
FFCB
00D1
FFAF
0030
008A
0019
FF7C
FFE2
FFB5
00EB
FF8E
0092
0009
FFA4
0075
0053
0005
0009
00EE
0079
FF14
0039
001E
FFB4
0022
0082
FF0B
FF9B
FF4C
FF7A
0114
FF7B
0013
FF91
FF75
004B
FEDA
FF07
010E
FF28
FFC7
0095
00CC
FF9E
FF9D
FFB1
FFF8
0007
0007
00FF
FFB6
003B
00CC
FF55
000D
008A
0068
FF14
FF96
00D5
FF66
0065
009D
FF89
FF01
FF70
00DE
00DD
FF62
00F5
002F
FF9C
0002
FEE9
FFB8
0032
FFF3
FF9C
FFF5
FE0E
0152
011A
01D1
0223
FE29
01F3
FEA0
01B7
01EF
FE64
011F
FE58
FE44
FE25
FDEB
FDF5
0213
FF00
01AA
020C
FED2
FE72
0213
01FB
FE68
FE98
FE73
FE7F
01B5
01E3
FE6F
FE42
01AC
01FF
FE29
017C
010F
FE02
0138
FE14
01C1
FE93
01BC
0228
FE10
0196
01C3
0123
015A
FF05
01CE
FE06
FDFC
0206
0189
0194
01F6
FDFC
016A
FDF1
FEC1
014E
FE1E
FE7E
FE85
FEDA
FEE6
FE07
0165
FF10
FEE7
01E9
FDEB
FE61
00FB
01C5
01DB
0120
FECE
0121
FF07
0136
01D2
FE0E
010E
0123
FE5B
01CA
01D2
FEA2
FE2A
021B
0206
011E
FDE2
FE41
FE21
FEF5
021C
FE83
FE12
018B
0174
FE74
FEBB
017D
016D
FECD
0166
FE1C
FE2A
01D6
01FC
0168
FED1
FE8B
0130
FE30
FE91
021B
FE17
0173
019E
FDE7
FE76
00FC
FEB6
002A
001A
FF42
FF73
000D
0056
0004
0040
FF77
0005
0076
FF25
00A2
0023
006D
002A
007F
0010
0034
FF66
FF19
00D1
005B
FF44
FFCB
0031
FFEE
007A
00C7
FF76
FF05
00EF
0094
FF4F
0028
FFE6
FF28
FF7C
FFF6
FF38
0100
FF8C
FFCF
FF77
FF40
0072
FF58
FFAC
FF49
FFC5
00EB
FF1B
FFD3
0004
000B
FF74
FFAB
FFEB
002F
002D
002B
00D5
FF86
000C
00B6
FFFB
00A0
0000
00AD
FF32
0054
0093
FFC4
00D6
FFF3
FFA6
0045
0032
FFC3
007A
FF56
0094
0038
FFBD
00A7
0000
FF1E
0086
FFB6
FFED
00DE
007E
FFA1
FF49
FF83
0058
FFED
0038
00A4
FFE7
FFD5
0052
FFA9
0046
00D6
005A
FF5B
FF39
FFD3
FFA5
FFCA
00DB
0046
FF45
FFD8
009E
FFE3
FF55
00C8
0023
0017
0033
0005
FFAC
0040
00DC
FF20
00CB
FEB5
010E
00F0
01A2
0110
FE88
021A
FEB2
0121
01F4
FDF8
018D
FE55
FE48
FEE3
FE5A
FE31
01D5
FE9E
0207
0222
FDEA
FE6F
01A1
0114
FEEA
FEFA
FF17
FE73
01F4
010C
FE2E
FE78
016E
01ED
FE30
01E5
0169
FE79
0153
FEC4
010A
FF02
010E
00FB
FF0A
01D5
01EA
019E
01C6
FEB8
01D3
FDF2
FF06
01F1
01F2
0186
013E
FED3
0160
FE2C
FE75
01B3
FE4D
FE31
FE0E
FE83
FE5F
FE3E
019C
FEE6
FEFF
012B
FE0D
FDEB
01FB
016B
01D5
00EF
FF17
01B7
FE44
01FA
01EC
FE4D
01AB
016E
FE70
01B6
018B
FE2C
FF19
01C2
0200
01BF
FF09
FDED
FE4C
FE7C
0181
FF03
FE93
015B
01AF
FE72
FEE6
01EC
0188
FF19
0112
FF25
FF1C
01FD
012D
0161
FE24
FF02
01ED
FECE
FE9F
0135
FEEB
0104
0133
FE28
FDFF
0102
FF0D
FE7B
020E
0183
014C
0202
FE42
01D5
FE64
0216
01CC
FE6B
015C
FDA2
FE87
FE0C
FE13
FDDB
0229
FE03
0230
01DC
FDD5
FE7B
0193
0238
FE00
FEAC
FEBA
FE7F
01FF
021F
FDEA
FE2C
015B
0179
FE0C
01EE
021B
FDBD
0214
FE8C
01C5
FDD2
01E7
01D3
FEAA
021C
01A7
0202
0178
FE41
0241
FDE8
FDA4
018D
023D
01BD
0210
FE5C
016C
FECA
FE8C
0181
FE66
FE15
FE4F
FE29
FE7F
FDC8
01E3
FE21
FDC7
015A
FDDB
FE84
01C1
01FF
01DA
0201
FE2F
01CA
FEAA
024E
019B
FE70
0164
01C5
FEC3
01DF
01C5
FEAC
FEA7
014E
0253
0127
FE89
FEDB
FE12
FDE0
014D
FEB8
FEC4
01BA
0132
FE14
FE59
0174
01FF
FE1B
01F5
FE80
FEC6
0230
024B
0196
FE5F
FE24
01BD
FDE1
FE2F
01C6
FE09
0241
01F5
FE67
FEBA
0128
FDDC
00DC
FF32
FEBE
FF3C
FF4B
01B5
FECC
00A8
FED0
FF44
00AA
FE75
00D8
00A1
0176
0112
0103
FF4B
018D
FE5D
FF4B
009D
014F
FE87
FEB1
01B7
0168
01B5
00BC
FEC8
FF00
0158
0097
FE71
FEFE
01A8
FF57
FF3E
010F
FEEA
009A
FEC5
011D
FF6F
FF69
01B2
FE9B
FF4D
FF6A
FE51
010F
FE8B
017A
00C1
FE8B
FE82
FE5F
FEBF
01A5
FF1C
0113
01A2
FE7A
0168
008C
0132
0145
0153
017A
FE69
0122
0193
FEC9
00C4
00D7
FF2B
FE7A
FE8A
FE47
015F
FE82
0130
FF67
FF2B
0133
FEA5
FF00
011C
FE79
FEBB
014D
0188
FF1E
FE5A
FEC9
0119
008B
0150
01B0
FE64
01A1
0157
FED6
FE40
00FF
0167
FED7
FEB6
012E
FE5C
0116
0196
FE5E
FF5F
FF52
0103
0195
FEF7
0170
0124
FF3C
0173
FEEB
FF66
0105
00E9
FE48
017C
0134
FE51
FE1C
FDED
FEBF
0174
FE79
0221
FDFC
FE9F
0193
FE17
0204
016B
01E4
01EB
017E
FF01
01DE
FF00
FEF4
0172
0156
FE66
FE53
01C7
01EC
018F
013F
FE72
FE49
0220
017A
FEAE
FEDE
0151
FE18
FDEE
01B8
FDEB
0196
FE17
01ED
FEF3
FEFA
0152
FEAB
FEE0
FE1E
FE09
01D8
FEB4
00FD
01ED
FE51
FEDC
FEFD
FE55
016D
FE7F
01B9
01BC
FDCB
00FD
0143
01F8
0124
018B
020A
FE93
0161
0123
FEAE
0126
01F1
FEF0
FED4
FDE7
FE0A
0214
FF04
022F
FE6F
FEE7
016E
FEB9
FE6C
01E3
FDF0
FE0D
0191
0131
FE6F
FDE5
FE60
0162
0131
0196
0151
FECB
0186
0208
FE2F
FE4B
0114
0174
FE42
FE9E
0209
FE50
0178
014E
FE21
FEA6
FE52
0122
022D
FECC
0177
0193
FDE7
01CE
FE28
FE39
013C
0140
FE74
01AC
FF17
0174
0147
0161
019F
FE60
00A2
FE64
012B
016E
FF5E
0105
FF30
FF0B
FE87
FEF6
FF85
0102
FEF9
0109
0194
FEF6
FEBA
0165
0140
FF43
FF03
FF5A
FF55
0191
017F
FEA5
FE6B
00A4
012E
FF59
00BF
00BC
FED3
00FE
FF62
010D
FF0D
0152
00CA
FF3F
00C5
0186
0159
0188
FE5C
00D9
FF1F
FEBC
00A6
00BA
01A2
011E
FE79
0146
FE67
FE4D
00D9
FF30
FF0E
FEF3
FEED
FF05
FF35
00B5
FF6D
FE96
0138
FEFB
FF51
0094
0119
00AE
0091
FF47
011B
FEC9
00D8
00BC
FF4E
0115
0190
FF52
007B
010F
FF52
FEE0
0188
0100
01B0
FECC
FF3E
FEF2
FE63
0116
FE77
FEAE
00C9
01A9
FEC7
FEC2
00B4
00F3
FEF9
0102
FF00
FEC6
015E
00BA
008D
FE66
FF7C
015D
FF49
FED3
0129
FEF2
009A
0133
FF24
FF32
008B
FEC7
01D3
FF04
FE61
FE42
FEE7
013E
FECD
021C
FF06
FE6C
0103
FE31
019E
01E8
01AA
0159
0132
FE08
00F6
FEEB
FE58
0200
0208
FECB
FF10
01A1
016D
01A2
00FD
FDFE
FEA7
0153
014B
FE62
FE1E
01D7
FE43
FE39
014D
FF0D
0101
FE40
0126
FEE9
FE60
01B2
FDE5
FEC8
FE53
FE1C
0168
FDF0
0159
01DF
FE28
FE51
FE03
FE99
0124
FEF2
0156
01DB
FE7C
00F7
012C
00E0
018D
01F6
014A
FEBD
0153
0184
FDF7
01A6
01E4
FE34
FE40
FF18
FE9C
01E6
FE7D
012D
FDEF
FE55
0106
FE33
FE60
01F5
FE5C
FE4D
0118
0145
FEB9
FF21
FE25
0160
01FC
01C8
0142
FE16
0190
0209
FE51
FF0A
0198
01C9
FE4C
FE57
0166
FE9B
0127
01F4
FED1
FE4C
FE7E
0187
01C5
FEFC
0168
0212
FE20
0160
FE6A
FE14
015B
01A7
FDF9
0177
FEB1
0162
01E5
01FF
0234
FE4F
0164
FDFE
0234
01F2
FE2E
0160
FE1B
FE5F
FEEA
FEB3
FDD7
022A
FE6C
0163
0191
FEBF
FE2B
0224
017B
FE2A
FE5E
FE3E
FDE0
01FA
0186
FE2E
FE42
0165
0219
FE6D
01F8
01E3
FE2C
0156
FDFD
0166
FEDE
015A
014D
FE44
01A4
017B
011B
01CF
FE5E
01CA
FE44
FDCF
015F
0152
0186
0204
FE84
022F
FE19
FE76
0209
FEBB
FE04
FE57
FE69
FE86
FEBE
0235
FE3C
FE5D
01E3
FE0F
FE8D
0235
016D
01A4
0191
FE77
0179
FDD2
012E
022C
FDF7
0208
01FF
FEC0
0113
010A
FE95
FEF5
0132
01D4
0195
FE32
FEE3
FE1E
FEF7
0204
FE84
FEF1
014B
0134
FDF9
FE62
0215
01DC
FEC3
0109
FE9A
FE18
01C6
01B3
0205
FE02
FE82
0197
FDDF
FEBB
019E
FEC8
0157
01B3
FE90
FE35
0134
FED7
FDF5
0100
018A
01E0
0148
FE80
01E9
FEC7
0179
0149
FE27
0195
FE50
FE4E
FEA5
FE8D
FE7D
0159
FE26
01B3
01AB
FE38
FEDF
01DB
012A
FE70
FE22
FF0D
FE14
0121
0142
FEE6
FE22
0204
0184
FDF7
0191
0182
FE0F
01DD
FE13
019E
FE4F
020B
01F3
FEDA
014A
0203
014B
0166
FEFA
0110
FE43
FDF6
01AB
0168
01C1
0194
FF16
0134
FEF9
FE26
0188
FE12
FEF3
FF11
FDED
FE2A
FDF7
012A
FE70
FF0E
01ED
FE38
FE59
0122
0144
01A4
01D5
FED5
0178
FEDC
01A8
00F3
FF03
01C9
0203
FE8F
01DA
00F8
FF28
FE1D
00E1
01CA
01FA
FEF4
FEA6
FE6B
FE66
0109
FE7B
FEB5
018A
0180
FF00
FE0F
0206
0180
FEDD
0191
FED9
FE4D
0191
019B
01F2
FEC5
FE80
013E
FEAD
FE16
011C
FE4B
015C
01EC
FE41
FE00
01C1
FE57
01DD
FDFF
FE4C
FE33
FE9E
0188
FE90
0193
FDF6
FEC2
01D3
FE4C
0224
01AE
0204
01EB
0171
FE90
0178
FECF
FE28
0119
0113
FDEB
FE9E
0172
01A5
0172
0173
FEFD
FEE1
018C
022C
FF02
FE8B
0226
FE7C
FEDA
020E
FE7D
0113
FF00
012F
FE46
FEDD
0203
FDEE
FEED
FEF6
FDEF
0205
FEFF
020A
021D
FE11
FE96
FE88
FE32
0127
FE7D
01CE
0149
FE27
0147
0223
0146
010B
022F
0144
FE71
01FF
0215
FDF0
01FA
01D1
FEBF
FE25
FE1F
FEA1
011B
FE5B
018F
FEE5
FEA2
0177
FE3D
FEA0
0121
FEF9
FE5A
0135
0156
FE8F
FE0C
FE3C
0193
015B
0133
01B2
FE25
0157
0145
FEC4
FDDA
019A
01D8
FE3A
FE11
0141
FE4B
0173
0149
FEA8
FE14
FE24
0179
021E
FDEF
0201
00FD
FEC8
0167
FE4E
FEA1
0206
0173
FE0F
01C1
0210
FE6A
FEE2
FE7C
FEFB
017F
FE1D
0209
FEDD
FE25
021D
FE3A
0118
01F4
019B
01D3
016E
FECB
01BA
FEA4
FE42
0130
01A3
FEFA
FEC1
0177
011A
0119
01A0
FE37
FE2A
0182
0111
FF16
FE58
01BB
FEE4
FEE3
0152
FE32
0177
FDEE
0151
FEAF
FDF6
0117
FE4F
FE55
FDFE
FE2B
0135
FDDD
00F6
01E3
FEC4
FE15
FDE9
FDE9
00F6
FEF9
01B3
012D
FE69
0122
0100
012B
0105
0205
0123
FEA7
0161
0166
FEB5
0152
017C
FF05
FDF4
FEED
FE54
0165
FDE5
021C
FE3E
FE51
01D7
FE2A
FE8D
0136
FE15
FE2F
0107
0173
FE14
FE55
FE0C
020A
01A5
01CC
0139
FEDF
0143
01A3
FEB5
FEA5
01B1
01CD
FEF0
FE68
01AF
FE0A
01ED
00FC
FEAE
FEAB
FE3E
0145
0125
FE59
01D9
01C6
FED4
010F
FF01
FE31
0162
0165
FEA4
01F1
FECF
01A4
016D
01BC
01C1
FE75
0193
FEF6
00B1
01CF
FF11
00D6
FEBC
FF05
FECA
FF2D
FED6
01D7
FF41
0189
01CB
FF17
FECA
010B
0112
FF53
FF32
FF1F
FE3B
013E
014F
FED8
FEC2
014F
00FB
FEAD
0171
00F6
FE79
010A
FF01
0101
FE53
01CD
01A8
FEDC
0166
01E4
0151
00FA
FEB4
01D7
FEF4
FE99
01B9
0117
0172
013F
FF14
013F
FE3E
FE7E
010B
FF34
FE66
FE68
FE7B
FED0
FE73
00CC
FEA8
FE94
01D4
FEA7
FE1E
014A
00BD
0179
017E
FF44
0194
FF16
0155
015E
FE67
01E1
01A3
FE7A
01CB
013D
FF46
FEB0
00DD
0116
0194
FE32
FEF7
FE93
FE98
0124
FE29
FE57
01D6
0194
FE71
FF1A
01DF
011A
FE47
00D0
FE99
FE10
016E
0159
00D5
FE73
FF03
0108
FEE8
FE48
00C4
FEF6
01B2
00BD
FF00
FEAD
00EA
FF27
00FC
FE0C
FE52
FE91
FEC5
020C
FEED
01DF
FED4
FEE8
01D4
FE4B
01F6
01A1
01F0
0190
01DE
FEFA
00FF
FED2
FDE2
01CA
01D6
FE4C
FDF4
0153
01FE
0116
0138
FE71
FE0D
0216
015B
FE28
FE16
018F
FDD6
FDF8
01B3
FE24
021B
FE91
022C
FE4C
FED1
01B2
FEDB
FE5D
FE1F
FDE6
00FB
FE1E
01C2
01E2
FDF7
FDEF
FE2C
FE78
0212
FE02
01B8
0131
FE78
0189
021C
020E
0158
020E
018F
FE6D
012F
01D8
FE58
01FE
01F4
FEEF
FEBB
FE59
FE56
01AD
FE20
0142
FE01
FE78
01AC
FE9D
FEC1
020D
FDE4
FEF6
0185
016C
FEE1
FE3E
FE6F
01A5
0168
012F
0138
FEFE
01B3
011F
FEED
FDFF
0101
0159
FE27
FEA1
01CD
FE18
0119
01DA
FE17
FEB0
FE59
0224
01C4
FF07
0223
018F
FDD4
01B4
FDF1
FEA5
01F1
0214
FEFA
0113
004D
FF6A
FFB9
003D
0047
FF70
FF9A
FFCB
0094
0011
0064
FF9F
FFD6
FF71
0000
0033
0089
FF9C
0076
0025
FFFF
0029
FFA1
0055
FF91
0056
0010
005E
002E
0087
0046
FF9E
001A
0006
FFD2
006F
FFA8
002C
0091
0059
FFE5
FFCD
003B
FFEB
FFE1
FF83
FFA0
FFCD
0052
006C
0010
FFD9
0015
FF97
FFEC
0029
FFD6
0058
0068
FFDA
FF63
001A
FFB9
001B
0040
FF48
0083
FFC2
FFFD
0036
0046
FFB2
0061
FFB7
FFAF
FF8F
0077
FFEE
0055
FFA1
FF94
0044
0006
0069
0054
0073
FFC8
FFC9
0072
0031
FFEF
FFE9
006E
FFB6
0025
002C
FF76
0061
FFE6
0061
FFC6
0023
0090
FFAD
FF63
0067
FFDB
00B5
0009
007C
FFF9
FFBC
0008
FFD8
0091
FFE0
0052
FFFC
FF4D
001C
FFE8
FFF2
FFFC
0076
0053
008B
FF9B
FFF7
FE62
0187
0117
01D8
01B1
FE84
01F5
FDDD
022E
0185
FE99
01AA
FE6F
FE09
FEDA
FDE5
FE5F
0181
FE72
01ED
0187
FE01
FE7D
021D
01DC
FDD6
FEC2
FEA8
FE09
0239
0160
FE87
FE4D
01C3
0233
FE56
01B2
0101
FECF
013E
FEDB
01ED
FDCF
0189
017F
FE07
021C
011F
01A0
01D3
FE5A
0196
FE04
FE92
0120
01DE
01BC
018F
FE2A
0237
FE21
FE7D
0240
FED4
FEB5
FDC8
FDE3
FDE6
FDB0
01D9
FE15
FE6E
01FA
FE31
FE1A
01AB
01EA
016B
0147
FE34
014F
FE6B
0149
0125
FE01
0246
01CC
FE4D
0149
0116
FEA3
FE83
0184
0185
0167
FE5E
FE48
FE5B
FEBB
017C
FE62
FE97
013A
0213
FEA6
FED3
0199
011A
FDED
023E
FE4E
FEA7
0147
018C
01FF
FE5B
FE40
01AA
FDC9
FE28
020E
FE15
0196
0246
FDDD
FEC4
01B1
FDE2
0173
FE7A
FE9F
FDDC
FE7E
011C
FE0E
022E
FDD9
FE54
010C
FDF9
01AF
021C
012B
021F
017C
FEB4
015D
FE39
FE57
020F
01E4
FE74
FE50
0213
021A
014B
019C
FE7A
FE4E
01F0
0113
FEA7
FE63
0204
FEAA
FE29
0234
FE96
01E9
FE41
01C0
FE14
FDD0
0235
FEA1
FE1A
FEEC
FED8
016E
FEA7
01F3
01C7
FEC5
FE0F
FE11
FE4C
01D1
FEBD
01D1
0132
FDC9
01C3
018C
01BB
01FD
01EB
016F
FDD1
01E5
01A2
FE6C
01A8
0197
FE87
FE3E
FDFA
FE33
0111
FDE8
019E
FE53
FEED
0228
FECA
FEE3
0227
FE8D
FE48
0210
0218
FE58
FDE6
FEB4
01B1
0155
0104
01C7
FEB4
01C4
0136
FE56
FE61
014F
0224
FE13
FEE2
0224
FE25
0180
01ED
FE3A
FE36
FDD9
01A4
0187
FDF6
0128
0159
FEEE
0211
FE13
FE6D
0134
020F
FE15
0135
FF8B
0064
0122
0078
0067
FF0D
012E
FF16
0081
00FE
FF16
0138
FEC7
FF07
FF43
FF8F
FE87
00DE
FF40
013B
00BF
FF58
FF89
0130
00FB
FF2E
FF74
FF19
FEB1
014C
0172
FE9F
FECC
009D
0179
FECF
006A
00FE
FE91
018E
FE83
018D
FF22
00DE
0159
FF37
00A6
018D
00CE
0139
FF39
0169
FEFA
FEB5
0146
0066
0082
011A
FF8C
00CA
FF18
FF3D
0097
FF15
FF4F
FF7D
FF4F
FF36
FEA8
00B9
FE86
FEA1
008C
FF8D
FEE5
0062
00C7
00DD
0128
FF63
009D
FE96
00C9
0161
FE7F
00C0
016D
FF23
0094
00EA
FF43
FEC7
00D0
0116
009E
FED1
FEDC
FF9C
FEA0
0139
FF73
FEAE
00EB
0093
FF44
FF01
006C
00AA
FEF7
0161
FE73
FECC
012A
00BB
010E
FF11
FE72
00D7
FED0
FEE4
00E4
FF11
0182
0140
FE7B
FEB4
00E4
FED4
01D3
FF0A
FEA8
FEE4
FE9B
0171
FE04
0182
FEE6
FE39
0206
FDEC
0142
0191
0222
020A
0131
FECD
01AF
FE05
FE55
01B7
0115
FEF0
FE46
0179
01E5
012C
01C4
FEA4
FE17
01B9
0196
FEA5
FE97
01ED
FEC2
FE65
01DA
FE33
016F
FEC1
01EF
FDE9
FE3E
01B4
FE1E
FE9C
FE5D
FEA6
01B8
FE01
01CE
0136
FE34
FE90
FE8E
FE25
0145
FDE8
018A
016F
FEDE
0106
021A
0164
01D2
021B
0127
FE0E
0175
011B
FEC0
010F
01C8
FE3E
FE8C
FDFB
FE8F
0141
FEA2
01B8
FE59
FE5D
01F1
FE84
FE03
013B
FE2A
FE25
014B
0182
FE27
FF0D
FDE7
0120
01C0
01F8
01CA
FE67
0202
01BD
FECD
FE39
015B
0176
FE8A
FEE0
0219
FE42
0229
01A9
FDE5
FE0E
FE69
01AE
01A2
FEEC
0108
0194
FEA0
01C1
FE0D
FE92
0213
0190
FDF1
01B3
FE19
0121
0158
00F1
0151
FE7F
0137
FE9F
00F9
01F9
FEA4
01A9
FEC7
FE9C
FE92
FE9F
FE80
0225
FE1F
01B0
016E
FE45
FE71
018D
0111
FEA3
FF00
FDE2
FE67
00F3
0178
FEF9
FE7E
010B
01C8
FF03
01FE
01F9
FE05
01FF
FED4
0184
FE5A
01C4
0117
FDEB
01E2
016B
019F
01DC
FE45
0182
FEC4
FE62
014D
0127
0114
01D4
FEF7
01EC
FDF2
FE0B
01F1
FE52
FE07
FE12
FE67
FE49
FE22
010B
FEA6
FE6C
01FB
FE18
FEA6
0146
020D
0174
01DD
FDD9
0206
FE7D
01E1
01DA
FE15
0168
01D0
FDFE
0119
01DB
FED5
FEDA
0122
00F7
0130
FE73
FED4
FECE
FE07
0214
FEBE
FE69
0135
01DE
FED8
FE3C
010F
0164
FE59
01AA
FE71
FEC0
01B3
0206
0141
FE77
FE02
01B6
FEFC
FEBB
0123
FEDB
0210
0178
FEAD
FEFC
017D
FE4B
FEB1
01F7
010A
0204
0147
FE13
0154
FDF2
01C7
010F
FECC
015B
FDEB
FF06
FE9D
FE6B
FE26
01CE
FE7F
021E
01AE
FE2C
FE3B
0198
01D0
FDE0
FE94
FED7
FE52
01FC
0148
FED7
FE61
019D
01DD
FEEB
0108
018F
FEA2
01A0
FEF8
017F
FEC1
020A
01D2
FEF3
0198
01A9
0158
01CF
FECB
0225
FE2D
FEA5
0210
0175
01AB
01BE
FE16
0112
FE87
FDF3
01CC
FE5B
FF05
FEDB
FE88
FEE1
FEF1
01CA
FEE8
FE25
017B
FF02
FE47
01AB
01D2
0199
0196
FDF4
0186
FE25
01B2
0101
FED7
018F
0106
FDF5
01F0
01CC
FDEF
FEB8
0194
0183
0230
FE37
FE2C
FDEB
FE16
012A
FE9A
FE11
0212
0220
FE8B
FE18
01D4
0100
FE40
00F0
FE47
FEBF
0139
01C0
00F7
FE19
FE21
0182
FDF7
FE4D
014B
FEF1
011C
015F
FE82
FE63
01DC
FEA5
FF1D
00C2
00BA
00A6
016B
FF1F
00D4
FF04
011A
0071
FE94
007F
FEDA
FE86
FF1B
FEDD
FECA
010B
FF0B
0170
0150
FF9C
FEC0
0114
0182
FF1B
FF8A
FED6
FE76
00DD
00CF
FEE3
FF0F
0170
0129
FEFF
018E
0167
FF1A
015B
FF0C
00E8
FF65
005B
00A2
FE82
00C0
00FC
015A
00CD
FEA6
0107
FF8D
FE7E
0054
00EF
0138
016D
FE88
0186
FEF1
FF47
00F7
FF2A
FF5C
FF4E
FF9A
FF52
FEDD
0156
FF90
FF0C
0172
FEF5
FF37
0050
00CA
0118
0180
FEC8
015F
FF68
0181
0082
FF15
0122
0108
FF9B
006B
008C
FFA9
FEF1
00A3
0125
0157
FE99
FE92
FEEE
FF2D
00C3
FED5
FF2D
010E
010B
FEDD
FEB8
00F3
0053
FE8D
00F1
FF2B
FFA7
012C
0102
00F3
FFA0
FEFE
008C
FE96
FF82
0138
FF4C
00BA
0112
FEA3
FF14
00C2
FF1C
0136
FE75
FE4A
FDE0
FE70
01B4
FE66
0149
FDE4
FE54
01D7
FEC4
016D
01A0
01DE
0165
01C9
FE1B
01D8
FEC4
FECF
0177
0157
FDC6
FDD2
0154
01A8
01AF
0243
FDBB
FED8
024A
016F
FED0
FE48
022B
FE05
FDF7
0123
FDF9
010E
FE0F
0244
FE70
FE01
021A
FDE4
FE6B
FE35
FDD8
022B
FDDD
0114
017D
FEBC
FDD9
FE2F
FEC6
020D
FDB9
0232
016B
FDBA
0205
0163
012D
018F
01C6
01B3
FEE5
01ED
01C5
FE65
015B
01B1
FDD6
FE3F
FECE
FE21
01DE
FDEC
01AD
FE4B
FED2
019C
FE5D
FDEC
017A
FE33
FE7D
0123
0220
FEB6
FE23
FE5A
019D
015C
01E4
0233
FED8
0233
01D5
FDF9
FE6D
014F
015B
FE86
FE1D
01CA
FDE0
0161
0193
FE34
FE96
FE32
023D
0227
FDC4
0168
022B
FEE0
01A7
FE9C
FE53
0209
01E4
FDE2
021F
FDE0
0198
015A
0181
0174
FEBC
01DB
FDD8
0105
01BD
FEAF
01EC
FEEF
FE71
FEE4
FE64
FE52
00FD
FE96
017E
0114
FED5
FEC9
0141
0146
FE55
FE2F
FE93
FEC5
0132
011F
FDD5
FEE0
0126
01C3
FDD6
01FA
0153
FEB3
0219
FEA5
0183
FDE7
01E9
017D
FF06
01BF
0190
01AF
022A
FE0C
0158
FF05
FEDF
01FF
0152
01EC
0201
FDF4
014F
FE50
FDEB
01EE
FE4F
FE6E
FDDF
FE70
FDD6
FE09
020C
FDDF
FE5D
0124
FEF1
FDD2
01AD
01F2
0214
017A
FE8C
0137
FE15
0178
01E1
FEDB
0133
020B
FEA0
012E
022E
FE1B
FE4C
01C6
00FD
0166
FE69
FE01
FEA3
FE5B
01F3
FEC2
FF05
01F2
01A8
FEBD
FE48
01CD
0195
FE60
014A
FEF9
FE3D
0191
020B
0175
FEA7
FEDE
01B2
FEF7
FE19
0207
FE9E
0152
0218
FE81
FEDB
020E
FEA7
00F7
FE00
FE5A
FE55
FEFA
0162
FEB6
0187
FF06
FEA2
017A
FECE
01DD
01EC
015F
01E6
0182
FE1B
01EC
FE69
FED4
01AD
0141
FEE2
FDDD
014C
0140
0184
0115
FEB0
FEA0
0186
013E
FE47
FE6C
01E6
FDF7
FEF9
0164
FE83
00ED
FDE2
00FD
FE1D
FDD5
01F7
FE8D
FDDD
FDF6
FE5C
0169
FE23
01C5
01B6
FE69
FE84
FE93
FDED
01FF
FEFA
0204
010C
FE4F
01F4
0183
00F6
0114
013B
01A3
FEBB
0206
019D
FF03
0165
01DE
FEE6
FDF0
FED6
FE9A
018E
FE77
0108
FDF1
FEDC
020C
FEE0
FE61
01D6
FE42
FEBE
01B5
01D2
FE22
FE36
FEFF
015F
0212
01E0
0101
FDEC
0119
0123
FEEF
FE4F
0213
021B
FDE5
FE49
013B
FE7B
0175
0140
FE80
FECF
FEEC
0164
01B5
FE3E
0157
0101
FE8E
0136
FF07
FEF4
020B
0171
FE1E
013D
FEB1
01F9
01BF
01B8
0200
FEA3
01B8
FE7D
00F0
015A
FEFC
01F5
FF13
FF21
FF20
FF19
FF05
0165
FEF1
0141
01D2
FF14
FEAE
00E7
0128
FEBC
FE66
FE73
FEC5
0101
0171
FE9A
FE6C
0103
0204
FEA4
0193
00CE
FE16
0124
FEF2
0162
FE67
01C9
0134
FEAA
015E
011C
0142
0146
FE58
01A4
FE9D
FE24
0107
01C5
0107
019A
FE33
0119
FEB8
FEFC
0175
FE96
FEAC
FE18
FE59
FE93
FEB2
00FD
FE31
FE1A
0142
FF0D
FEBC
0113
00D2
00EC
00E3
FEE0
0105
FE02
013F
01D9
FE7E
01A6
0166
FEB1
016C
0120
FE87
FE63
01E5
01F9
00DB
FE51
FEA7
FECB
FE51
00F8
FEE9
FEEC
01E1
01D3
FF2F
FE3D
01D0
0197
FEE2
0107
FEA7
FEFB
01C4
0104
01ED
FEEF
FF12
00EC
FE73
FF0B
014F
FE84
01CD
0119
FE6C
FEBB
010C
FE90
016C
FEAE
FEC7
FEB1
FECD
00C1
FEF2
010B
FF1E
FF10
0138
FFAB
004B
0169
0113
010B
008C
FF02
00E3
FF0C
FF97
0162
010B
FF05
FF15
0064
00AD
0085
0140
FEDC
FFCE
005F
00AC
FEAB
FF43
00EB
FF62
FF1F
012C
FF9F
00B6
FEB2
005C
FF68
FF40
009C
FFBA
FEF6
FF44
FEB4
013B
FF92
0090
00EE
FED8
FF1C
FECD
FEE0
0060
FED2
0084
00E2
FFA0
0164
0074
007C
00B1
0140
011B
FF64
0067
006E
FFA3
005C
0052
FF71
FFB0
FECE
FF13
00B9
FEFC
004C
FF48
FF02
0140
FF4A
FF9F
006A
FEAB
FF3A
0087
015A
FFB1
FF63
FE9F
015E
00FF
015D
008C
FF40
00DC
00BE
FF2E
FF21
008B
0134
FF65
FFB0
00A7
FF0B
00BC
00DC
FEB9
FEC2
FF1A
00D4
008A
FEC7
0077
00C6
FF83
0073
FF3B
FEA1
013B
003C
FF60
00FD
FEB3
011F
00B4
008F
0120
FF6F
0071
FEA3
0053
011E
FF7F
00E3
FEF9
FEA7
FF1B
FF7C
FF84
00CC
FF92
015D
007A
FEF3
FF75
00E4
0146
FFCE
FFBD
FF80
FEB2
0117
00E0
FE94
FE99
0030
0148
FE9F
00F6
00E6
FE9A
0106
FF00
00AF
FEF4
00F4
0135
FFA9
008D
0163
00E7
0073
FEC8
0056
FF05
FEEC
00DF
010A
00BB
00A5
FEB2
013D
FF68
FF79
009A
FF83
FFBA
FF5F
FF32
FF44
FF67
0058
FF18
FEAC
0113
FEDC
FFA6
0078
014C
00F8
005B
FF3C
0098
FF71
0056
0150
FEF0
0144
0040
FF14
0151
0050
FF21
FF88
0038
0053
00FB
FEA2
FF3C
FF2C
FF55
00F9
FEA1
FF5E
0060
0064
FEE8
FF65
015D
0063
FEBC
0085
FF54
FF26
00A4
0073
0033
FF4D
FF1D
00C6
FF19
FEC2
0155
FF77
00F4
0099
FF24
FF93
0070
FF5F
012F
FE89
FE06
FEEB
FE6F
0135
FF02
0132
FEF1
FE2A
0159
FE15
0107
01E9
01F2
0131
0197
FE80
01DF
FE91
FE06
01C2
01F9
FE36
FE0E
00CC
01D7
01CB
00D7
FE72
FEC0
015A
0149
FF1B
FED5
01E5
FEC6
FED8
01BA
FE6D
014B
FE80
0171
FF2C
FEA0
013F
FE89
FF23
FEB7
FE33
0165
FE55
01A9
0182
FE3F
FF2A
FEF6
FE5A
0125
FEAC
01A4
0174
FF0B
01DC
010D
0153
01A6
016D
0100
FEED
01C4
0199
FEDC
01B5
00DB
FEE8
FE9F
FEF9
FF27
016E
FEDF
01A7
FEA5
FE6F
018C
FEFF
FF2F
01EA
FEEC
FEBA
00F1
00D5
FF07
FE47
FE09
0153
0135
0157
01EE
FF2E
019B
01B0
FEA3
FEC4
013A
01BC
FE44
FE82
01DC
FE3F
0194
0186
FEDA
FED1
FF0F
01E5
0166
FEE3
00D4
0150
FE42
0128
FE1B
FE24
00F4
01D7
FEAA
01CF
FE53
016A
00BA
00C7
01CF
FE42
00CE
FEBD
010A
01C4
FE6D
0132
FE2B
FEC6
FEFF
FE48
FF42
018A
FED6
01A3
0134
FE95
FEE3
019F
00B1
FE9D
FEC3
FE53
FF4B
01A5
01C6
FEB0
FEB3
00FF
0121
FE32
012B
0196
FE39
01D0
FEA4
01D6
FE23
00E9
01DC
FE71
01DD
01A8
012C
01D1
FE8C
01C6
FEB7
FE7B
0135
01A6
01A6
01A0
FE21
0183
FE21
FE3D
01D9
FEF7
FE23
FE22
FE21
FE67
FE7F
0129
FF09
FEFC
00BB
FF16
FEE1
016B
012A
018C
00C2
FF30
0133
FE53
00D0
00B3
FF1C
0177
01E1
FE23
010D
00B4
FEAF
FEE9
01A1
0113
01E7
FF4C
FE45
FEFF
FF40
0110
FE45
FE6E
011D
0117
FE24
FE1F
0104
0109
FE24
01AF
FE54
FF4D
0193
00E6
01AF
FE7E
FE8B
01A4
FE56
FEE0
01D1
FED5
00D5
0176
FE9F
FF1E
012B
FEB7
FE62
019B
01B2
018E
01A5
FE65
01A2
FE62
01A2
01A6
FE62
019F
FE63
FE73
FE56
FE6B
FE56
01A0
FE61
01A8
0199
FE5E
FE5C
01A6
01A2
FE56
FE56
FE59
FE69
01A0
018B
FE67
FE5B
01AB
019A
FE56
0199
0187
FE5B
019B
FE66
01A0
FE5F
01A5
01A1
FE59
01A1
01A3
019E
0196
FE56
0190
FE61
FE61
01AD
01AA
01A3
019E
FE6E
019D
FE66
FE67
0199
FE61
FE6F
FE6F
FE70
FE61
FE5C
0192
FE63
FE6B
01A3
FE62
FE69
019D
0199
0197
0195
FE5A
01A1
FE67
019D
019C
FE68
0198
019C
FE66
0193
018F
FE64
FE67
01A2
01A0
019B
FE5C
FE67
FE6F
FE6B
019A
FE60
FE61
019F
019B
FE5D
FE64
0193
01A2
FE74
0199
FE58
FE5B
019D
01A2
0198
FE63
FE61
01AD
FE61
FE62
019C
FE5C
0196
019F
FE5E
FE73
01A2
FE65
01C2
FEE4
FF31
FEC1
FE70
00F0
FEED
01A8
FF26
FEA0
01AE
FE92
01D4
019A
0195
010B
0146
FE9F
0181
FEA3
FEA5
00BF
01D5
FF2B
FEF0
0176
0190
00ED
017F
FE3D
FED6
00FF
00F1
FE74
FE37
01BB
FEFF
FF03
0165
FE7A
0117
FE5A
00E4
FF35
FEFB
01D5
FEB8
FE50
FE9F
FE29
0102
FE22
0149
0119
FED2
FE65
FF46
FE35
0150
FE51
011F
0164
FE11
01D4
01CA
00FD
0139
0159
018E
FF16
00CF
01EA
FED9
01A2
0125
FEAD
FE5F
FEE1
FE3B
00B4
FF29
01AB
FE34
FE3E
00DA
FEA5
FE13
01CE
FE68
FF1F
00BF
01DE
FECC
FF18
FF3F
00ED
0156
017D
01BE
FE9C
01C9
01DD
FEBC
FE30
01CE
015D
FEBA
FE20
01D3
FF0A
01D4
0123
FE7C
FEA0
FE6B
00CA
0124
FE4A
0154
01B7
FEE8
00FE
FE67
FE51
01B6
01E6
FF0C
01C3
0093
FFAA
FF09
FEF5
FE95
0090
FEDB
00EE
FF32
FEB2
0166
FEC7
0102
0155
0065
0140
0144
FF41
0156
FF5B
FEE5
00D9
016D
FEC8
FF8A
0104
0095
0120
009F
FE96
FF6D
014E
0088
FEF5
FEB0
00E7
FF2B
FEC4
009E
FEAD
009E
FE8E
006A
FEC7
FF9D
007B
FE8E
FEBF
FED0
FEBC
0131
FEE8
012A
0093
FEFE
FFA2
FEFF
FECC
00FA
FE8D
00BA
010F
FFA4
00B0
00E9
00EE
00F6
007E
00F4
FEA3
007F
00C4
FF45
0065
0092
FE91
FEC5
FE90
FF4A
00CE
FF10
0143
FEA2
FEFA
00B1
FEAC
FE96
0070
FF83
FEA2
0154
00BD
FEA2
FF5F
FFA8
00AC
010F
0150
0063
FF96
00D1
00C1
FE9D
FE75
00D7
0161
FEA7
FF02
00A2
FF9F
015C
0183
FEC0
FF54
FEE4
0119
017B
FF8C
00ED
0105
FF35
00A7
FEB8
FF0F
00D8
0109
FF10
0104
00A6
FF62
FE71
FED9
FF9C
0165
FEFD
00AB
FEDE
FF3A
0158
FF31
011C
0142
011C
0088
007F
FF7F
0111
FEB8
FFAE
00BD
00D7
FE95
FF60
00E0
009D
00B1
00C3
FF9D
FF64
00D2
00B3
FF99
FF56
0093
FF5A
FF62
0147
FF58
00D8
FED4
0105
FEBF
FF8C
009A
FF26
FEED
FF75
FEF4
011E
FF8E
010D
016B
FEEE
FF2E
FE96
FF27
011C
FF41
013D
0157
FF63
00D0
004E
017A
0075
0096
0054
FEF4
007E
00C8
FF85
012E
0071
FF41
FEF0
FED0
FF1C
00CD
FFB2
011E
FF1E
FEB0
00CD
FF2A
FF08
00D4
FEE3
FF85
0099
014B
FF38
FF39
FE90
00D4
00F1
0140
0072
FF4C
00DB
010F
FF23
FF16
0172
0170
FFAA
FF97
006B
FF8D
00A2
0107
FF84
FF8F
FEF8
013D
014F
FEBD
00E4
0148
FEC7
0160
FEC2
FFA4
008C
007E
FF53
0180
02C5
FD8C
FDC7
FE38
FE34
02AB
FE01
02A3
FDDA
FD8B
01D7
FD3F
02DF
0217
02E1
01C1
01BC
FDB7
02AE
FE3F
FD5E
021B
02D8
FD30
FD44
01F8
027F
02C1
0241
FD93
FDF6
02AE
01CA
FE14
FD5B
01E5
FD41
FE0D
01FF
FD59
01BF
FDBA
02A5
FE0B
FD34
01E1
FDB3
FD7C
FDF0
FD4F
02A1
FD62
01D2
029B
FDD8
FDB2
FD3B
FD6C
02C1
FE1B
02D8
02BB
FDD8
028D
025E
02D7
0207
0280
02A2
FDCD
01C9
0289
FE07
01AE
0265
FDE7
FE4E
FD95
FD35
0297
FDD9
01E6
FD5B
FD9E
01D0
FDA7
FDB5
0275
FE2D
FDE9
01B2
0240
FD82
FE01
FD5E
01F8
023B
0269
025F
FD61
028E
01E5
FDF0
FE16
01FC
02C0
FE1C
FE55
02A6
FE01
0278
0291
FDCA
FD77
FDE0
02AB
029A
FE5E
02B1
01D9
FD66
01EC
FD82
FD8F
01C3
027C
FE49
026A
00F5
FDFA
FECB
FEBF
FDEC
012D
FEE8
01CA
FE25
FDF8
012B
FE7D
011D
022B
0222
018A
017C
FE5D
01C0
FE16
FE25
01B8
01A5
FE9F
FE7E
0134
0196
0166
01DA
FE90
FDE7
0217
01B0
FEBD
FE25
0149
FED2
FEAD
0173
FE68
020D
FDE6
01A4
FEDB
FE40
017D
FE51
FEAE
FDE5
FF00
01D4
FE1A
0200
0168
FE98
FE15
FE72
FE8E
01C5
FE3D
014C
020E
FDE3
0182
01CA
01E7
021C
01F6
0135
FEB8
0174
01B3
FE0D
019B
0176
FDF8
FE37
FE8C
FE87
01DB
FE2E
0106
FDDD
FE13
0126
FE22
FE1D
020B
FECB
FE4B
0155
0130
FE73
FEBD
FED2
010E
0204
01C3
0138
FE58
0198
0158
FDDB
FEFE
01AD
00F4
FEE1
FDE6
01C5
FE3B
01A8
0195
FE6A
FE87
FDEE
01FE
01CC
FE2B
0171
0111
FDE5
0180
FE33
FDF6
0120
0174
FE25
015F
FDE8
01E1
00FE
0214
01FF
FED8
0171
FDE0
017A
01E3
FDD4
0190
FE09
FEE6
FDD4
FDD4
FE7B
0103
FF0E
013E
01EB
FEE0
FF0F
01DE
0198
FE20
FEAD
FDF4
FDE0
0196
01CD
FE94
FEAB
0158
020F
FE73
0201
01BA
FEB8
0107
FE92
01A6
FE2E
00FD
0229
FEE5
0100
01B1
0187
01CF
FE7C
01E1
FE41
FDF6
0110
014D
01DC
016F
FE22
01AA
FE95
FE0B
01C5
FDEA
FEA7
FE3E
FDE6
FED7
FEC2
0177
FE23
FE0F
0179
FECD
FF08
015D
0184
022B
010D
FEA4
01C1
FDED
017C
0111
FE37
014F
0105
FEB5
011B
01E3
FECE
FEDA
0141
0124
020A
FE7F
FEF6
FDF9
FE5A
0120
FE15
FEB8
0170
0158
FE21
FDF3
01BF
021F
FE4C
0128
FF12
FE01
014D
00F7
01C5
FEAD
FE5B
012F
FDF6
FE00
01CB
FE91
021D
01D3
FE7A
FE0C
0209
FE5B
013A
FE36
FF2A
FE1D
FF3D
0127
FE8A
01A5
FEE9
FE65
01BA
FF0D
01A9
0148
011D
00D2
015C
FE2F
00B5
FF18
FE8C
01C9
01DC
FE6E
FE64
0132
01D3
0104
01C0
FE2A
FE8E
01B6
00D8
FE83
FE5A
0137
FE57
FF17
01D6
FF25
01B9
FE75
00E4
FE79
FE36
00C3
FE9C
FE94
FE88
FE12
014E
FECE
0117
013E
FF1F
FE71
FE33
FE53
0190
FE55
016D
0146
FEF8
01CA
019F
0192
012B
01C5
0154
FED2
0110
0196
FE9C
0108
01D9
FEA2
FE64
FE2E
FEAC
00BB
FECD
01D5
FE9D
FF0E
0139
FEE3
FEB6
0124
FE3D
FE53
0160
01D9
FECA
FE56
FE20
0132
018E
0104
01D7
FE6C
010D
01B3
FEF8
FED0
01D6
00CF
FEDA
FEA8
0173
FE56
01DB
00CC
FE0F
FE65
FF49
0172
0109
FE5A
01AB
01BD
FE50
01C1
FEFE
FEBE
0176
01C2
FE3F
0129
00A1
001B
FF94
0026
001C
000A
FF4F
0036
003F
0044
00A5
FFE9
00B9
0086
FFAF
0054
0032
FFE3
004E
005E
002D
007E
0080
FF5E
FF92
0018
008A
FFBA
0099
FF91
0074
005E
009D
0014
FFE5
0025
0058
FFC6
00BD
001A
FF9A
FF64
FFEB
0044
FFA7
FFE3
0067
0045
FFF1
FF55
006B
FF85
FF92
00B1
001D
004B
005A
FF49
006D
FFBF
003D
0069
0002
005B
00B3
FFC4
FFE2
0017
0079
FF62
000C
008A
FFC1
0031
FFE8
FFA2
0007
FFD3
0000
FFAE
FFF8
FFB3
0069
FFA3
0095
FF51
006F
FFAB
FFE7
0007
0087
FFE3
0002
0047
FF6F
FFDC
0022
FFA9
0082
FF58
0009
FFDB
FFF5
FF6E
0058
00BD
FFD1
0044
0042
FF3C
FFE0
0013
FFF5
FFF9
0020
007B
FFB3
FF9D
FFF0
006A
0053
FFBF
0028
FFFA
007A
00A1
0031
0017
FE6F
010C
018C
0173
019D
FE69
01DF
FEC8
01D6
0114
FDF8
00FE
FE15
FEB2
FF16
FEA6
FDFE
00E4
FEB4
01E9
0164
FE0D
FED1
01A2
0201
FE61
FE21
FF24
FE34
016D
01B0
FE7F
FEA9
0182
01B0
FE6B
0173
01E0
FE91
0198
FE20
00E2
FE8F
011E
0134
FE13
014B
013C
019E
00EC
FED9
01B5
FEB8
FE1E
0201
014B
011C
01DE
FE84
014F
FE23
FE89
019B
FEEA
FE11
FE62
FF0C
FE7E
FE42
01F8
FEF8
FE4D
01C2
FEAE
FF07
0134
010D
01DB
01E3
FEA0
012D
FEE3
0124
01B4
FE39
0131
01EB
FE0B
0140
01FA
FE3C
FE35
01CB
01C7
0113
FED7
FEC1
FE84
FEA3
0101
FEEE
FF29
0140
012E
FF03
FE7A
015F
0132
FF18
0191
FEB8
FE15
0171
0209
01D2
FEC1
FEB7
00F5
FEC6
FE52
0188
FDF6
015F
0134
FE01
FE18
01A6
FE4B
0207
FE6C
FDFB
FE20
FDC8
0267
FE3A
020A
FDE7
FEA7
0234
FE1A
021E
01C8
0193
0207
01DC
FE1D
01C6
FDE7
FE46
0216
026E
FE9C
FDB8
0256
0229
0157
01D4
FE27
FDE1
023E
0239
FDB7
FDDE
01DE
FE09
FE39
015C
FE05
01DD
FE7D
0158
FDC2
FE1F
01E8
FDBB
FDA3
FE8C
FDCA
0174
FE0C
0229
0157
FEAE
FDEE
FD94
FDB3
0271
FE57
0241
027A
FDC8
01D5
0174
01BC
01BA
0214
0211
FDBF
01C4
0206
FDDD
01F4
0244
FE49
FE36
FDE0
FE7D
0263
FE04
023E
FDE9
FEBD
018D
FDF6
FE21
025C
FDF0
FE77
0166
01B9
FE74
FE0D
FDEF
01EA
01E4
0211
0267
FE0F
025D
0180
FDC1
FE5A
0238
021D
FD9A
FE80
0245
FE0F
01B9
0170
FDBB
FE05
FE80
01CC
013F
FDAC
01AD
0209
FDA4
01ED
FE3F
FDC4
0261
01E6
FE82
0195
0263
FD77
FE3F
FE9F
FE50
0207
FE22
024B
FE59
FD92
0262
FE28
01C1
020E
0260
0190
019C
FDD9
017B
FDED
FE9D
0174
0219
FE93
FDEB
0192
022D
025A
0210
FDA0
FE07
0242
01E8
FE62
FE51
0262
FE08
FD6F
01A1
FE31
0209
FDC3
024C
FDC9
FE35
016B
FDE1
FD92
FDCD
FDCB
01E5
FDB1
01E8
0217
FE18
FE82
FDC6
FE91
01BB
FDB9
0219
0252
FE93
01FA
0180
0260
01AD
01DD
0198
FDBA
016A
01FF
FE2C
0256
013B
FDE3
FE72
FE6E
FE06
0218
FE6B
0244
FE5A
FE70
01EF
FEB4
FE99
024D
FE5C
FE19
0154
014D
FE14
FDFC
FE8C
025D
013D
0194
024F
FEA0
0221
025D
FE40
FEBB
0247
01B0
FE16
FE2E
0161
FDE6
025A
01F7
FDAA
FE2F
FE1E
0231
01F2
FE9E
0208
01D5
FE96
01F6
FE08
FDD2
019A
0191
FE25
0148
FDF8
01D4
0160
0234
012B
FE84
01BE
FE9B
0142
015B
FE5A
010B
FE79
FE68
FE28
FE55
FE90
0211
FEC2
01B2
0235
FDEE
FEC4
0192
0233
FDF8
FEA7
FDF6
FED8
0234
016A
FE29
FDF8
01F6
0219
FDE8
016F
0159
FDF4
0199
FEF7
0241
FE1E
01C6
01DD
FE7C
01EA
015E
0205
0124
FDD1
0241
FE84
FE28
0188
0154
0245
017A
FE70
01A9
FEAD
FE7C
01F0
FDEF
FDCC
FE68
FDF0
FE03
FDDA
01ED
FDE6
FED1
01DB
FE0F
FE3B
020D
0152
0211
01D2
FE13
0212
FE01
01B5
01B6
FE47
0183
0225
FEF2
0235
013B
FE66
FDF3
0149
0178
01A1
FE41
FDE9
FE69
FDC1
022F
FE4A
FE8C
013E
016C
FDFF
FDDC
01D5
0113
FE2F
020B
FDF1
FDFB
0184
012B
01C7
FDF9
FE94
0115
FE35
FE40
0170
FEB3
0133
01EF
FE6C
FE74
023B
FE8C
FFFA
FF0A
FFD8
FEF9
FF1C
006F
FF9F
0043
FFB7
FF40
00BC
0026
0061
0089
002B
0042
007A
FF47
00BF
FF82
FF6E
0103
00F2
FF56
FFB9
004B
001F
FFE2
FFD6
FF20
FFA0
00E9
00B5
FF7E
FF07
0102
FF90
FFE6
00BD
FFD9
0074
FFDB
0083
FF4E
FF77
0017
FF8A
FF08
FFD2
FF33
00DB
FF1D
008F
FFF0
FF74
FFDF
FF98
FF83
00F8
FFB0
00D0
00FB
0000
010B
0026
0008
FFD7
00E1
0069
FF0D
FFDE
00BC
FF53
0093
00B0
FF98
FF0A
FF61
FF16
0075
FFC6
005A
FF6E
0005
005D
0010
FF62
FFD7
FFAA
0038
00C2
0099
FF70
FF59
FF90
FFB7
0029
00BE
0017
0002
004C
0039
FF9D
FFE1
00B5
00B7
FF80
FF33
008A
FF57
00CD
002F
001D
FF70
FF5D
00DF
0042
FFFE
004C
001A
FF97
00C5
FF44
FFAD
0096
0043
FFAC
00E7
004C
FF12
FFDA
FF10
FF5B
0124
FF5B
0116
FFC4
FF56
00D6
FF9F
00B2
006D
0067
00D7
004D
FFEE
00E0
0001
FFE6
0062
FFFD
FEE1
FF5F
0126
00C2
00B1
011B
FEF6
FF07
0123
0036
FFAC
FEF8
0039
FF87
FF16
005C
FF7D
0119
FF41
002C
FFC0
0000
00D3
FFCF
FFEC
FF2D
FF03
00EE
FF02
00D9
0064
FFF6
FF70
FFFE
FFE8
0097
FFFC
00B6
0074
FED9
00A1
0020
00EC
000E
0115
0052
FFD0
000F
0078
FF09
00BC
00E5
FFE0
FFF0
FECF
FFA8
0091
FEF2
001A
FF04
FF77
003D
FF84
FF5A
00AE
FF52
FFAE
010D
000D
FEDF
FFE2
FED0
012D
009B
0024
0023
FEFD
006B
00F3
FF9B
FEC5
000D
004B
FEFF
FED1
00A5
FF37
0086
0080
FF4B
FF0D
FF27
012E
0124
FF34
0099
0039
FEEA
003C
FF26
FF90
00CD
0059
FEF6
0079
FE43
014E
0194
0129
00D4
FE41
0166
FE08
01EB
010D
FEC2
01C5
FEFD
FEF6
FE68
FEB6
FE9E
014C
FEC9
00DC
0189
FE8B
FE2F
01C7
00DC
FE44
FF23
FED3
FE7A
01F2
01D3
FF2F
FE1B
0158
014F
FE19
013D
0188
FE05
01EE
FEDF
0141
FE2B
0112
0125
FF0C
01A0
01B6
011F
01BC
FF0F
017C
FE5B
FE37
0140
0166
01C7
00FE
FE66
00DD
FF06
FEBC
01BF
FEA5
FEF4
FE3F
FEB8
FEBA
FEE5
01B9
FE44
FE49
0127
FE86
FE45
01CA
01E5
0143
00F5
FF08
016A
FEEA
0184
01E3
FF30
0194
00E0
FE49
0136
01B5
FEE1
FECD
00E1
01CF
01EB
FEB8
FED3
FEA4
FEF1
014C
FEC6
FF2B
01EF
0181
FEE6
FE9C
010B
0156
FEC0
0158
FEC6
FED1
00C7
016E
00F9
FECC
FF3C
0124
FEAE
FE68
0150
FE43
01B6
010B
FE77
FEBC
0137
FE9E
FE5D
00EB
0143
018A
0122
FE9B
0189
FEBF
01E5
0141
FF46
01B1
FECD
FF07
FEE1
FE89
FE2E
017B
FEAD
00E1
01D8
FE91
FE8A
010E
00C0
FE44
FF43
FE38
FE7E
01AC
00EC
FF10
FE5B
0189
00F4
FF2B
015B
0127
FE19
01B3
FEC2
01E7
FE80
00CE
0173
FE1A
01BB
0177
013E
01A6
FE89
011F
FEFC
FF29
019B
00DE
0123
018B
FE2C
019A
FE70
FE17
014B
FE85
FED6
FE36
FF09
FEBA
FE17
0108
FF16
FE73
015A
FE5C
FE1B
0152
0141
013B
010A
FECC
01E2
FE3A
012E
00FF
FEA6
010F
00DB
FE47
0171
01DD
FE38
FE2C
011A
00B7
00C4
FE1A
FEC6
FE85
FE8C
017D
FEC1
FE6C
0169
01D1
FF2C
FE52
0197
0124
FE53
01D7
FEEE
FE9F
01C8
0160
00C7
FF30
FEE7
010E
FEB3
FE76
0112
FEC0
0166
0156
FEB1
FED2
010B
FE49
FE55
017A
0222
015D
01BD
FE20
0182
FE20
01E6
0166
FDAE
0121
FE17
FE89
FDBA
FDF2
FEC0
0153
FDDD
01B5
0177
FDDE
FDDA
0198
0138
FE8B
FE15
FE43
FDEA
024A
0194
FE72
FE61
022D
01CB
FE3D
021D
01BF
FE79
020F
FE58
015E
FDEF
021B
0208
FE85
021E
022B
01C3
0140
FE80
0189
FDE4
FE0E
01A7
01C4
016A
01C9
FDF7
021B
FDF7
FE33
019D
FDC0
FE10
FE08
FDD3
FEAD
FE0B
01FD
FE32
FE84
018E
FEC9
FE04
023E
0249
017C
021D
FE55
018B
FE0B
0220
0162
FE5D
022E
014B
FECE
0229
023E
FDEC
FE54
0201
013C
0155
FE06
FDF4
FE46
FE4C
0176
FE4F
FDC4
01A2
0226
FDF0
FDEA
020C
0175
FEC4
0127
FE98
FECF
0215
01B6
01E8
FEB2
FE96
0148
FDD5
FEDF
01AC
FE0A
0170
0160
FE9F
FE08
01E3
FEC7
FED8
00A6
00C0
0103
0068
FFF7
00E5
FFD3
00D7
005D
FF26
0114
FF61
FFEB
FF8E
FEF6
FF63
0083
FF19
0029
001E
FEC2
FF84
00CA
00F2
FF0D
FF97
FFB8
FFFE
0021
0116
FF4A
FF68
0064
0026
FF68
00B6
0029
FEE0
00F0
FF08
011F
FFC1
00B5
012C
FF7B
0099
0035
00ED
006C
FF59
0124
FFEB
FFDF
0011
0058
00A9
012D
FEFE
0077
FFE4
FF1C
00A9
FED0
FEC9
FECA
FF18
FFE1
FFC1
005B
FED0
FECB
0104
FEE3
FFA6
0112
00CF
008A
0047
FF36
008F
FF49
0021
00D1
FF55
00F6
011D
FFE6
0048
00E9
FF1B
FEC7
00D4
0140
003D
FF95
FF85
FF44
FFD4
008F
FFF0
FF88
00EC
00F2
FEF5
FF7A
003B
00B2
FECF
00F5
FF57
FFEA
00E4
0139
0105
FF04
FFAA
006E
FFEC
FEDD
00E2
FF8E
0031
0062
FF01
FF41
0136
FF6E
FEBB
01FB
0161
0131
021D
FE08
0217
FE2D
0145
0121
FEF6
0170
FE0F
FDD8
FE89
FEB7
FEE4
00FC
FDDD
01A9
01DE
FE42
FF0A
01B4
011C
FE36
FEBF
FE14
FE4F
0159
0147
FE67
FE7C
0104
013B
FDD8
013F
0204
FE25
0228
FE60
0191
FDF3
021A
0117
FE30
0122
01EF
0163
0217
FE45
012A
FE9E
FDE8
0209
014F
021B
012C
FE7E
0165
FEFB
FDDE
011D
FE81
FEB5
FE73
FE32
FEEA
FEE0
01C7
FEDA
FEE4
01DF
FE5F
FDF8
01B9
0127
01D7
01ED
FEA4
0200
FE41
01BC
0199
FE30
0139
01BF
FE03
0173
01FD
FF00
FF04
01EC
01C9
0145
FE26
FEE5
FE10
FDED
016B
FE36
FF00
0194
01FD
FE1B
FE08
0176
021A
FE7D
011C
FDE1
FEB3
0142
010E
01DB
FEAC
FE8F
020F
FE5E
FF00
019D
FE00
0191
01A9
FE24
FEDF
0228
FE5D
01EA
FED5
FECC
FE6D
FEA3
01CA
FE22
00EF
FE9C
FEB8
0200
FE34
00EF
0130
01C2
01DD
0133
FE70
01B7
FE2A
FE75
0159
017D
FE58
FE90
00FD
01DD
00C8
011F
FE3F
FF09
01EA
0136
FE59
FEF2
019F
FF11
FE3D
00F1
FDFD
0104
FE4A
01A5
FE20
FE22
0158
FEAD
FE9D
FE8F
FE56
015D
FE33
01F7
016D
FE5D
FEC9
FE7D
FE41
0144
FEE4
00F6
0145
FE26
00D8
01C4
01DD
013A
016D
00E0
FEDD
013C
01CC
FF2C
0155
012E
FF37
FE99
FEE8
FEC8
01BF
FF1B
0164
FF2C
FEF0
01BF
FE95
FEED
00FE
FE8B
FE6A
0194
01FB
FE62
FF10
FE86
01E6
00E3
01AD
00DC
FE99
01F6
014A
FEBE
FEFF
01E1
01D1
FF14
FE28
0184
FE07
013E
0168
FE60
FE2E
FF17
01BA
016F
FEFA
01AF
00D1
FEFC
012D
FE18
FE77
01B7
0188
FE9B
01D9
0177
FE54
FEEC
FE63
FEA3
015F
FE75
00EF
FE90
FED7
0179
FF40
01A4
012C
00AA
016A
010D
FF26
00B8
FE9B
FE87
00FC
0189
FF45
FE57
017C
016E
0086
01B8
FEAA
FE51
019F
01A7
FF0B
FE71
00C8
FE60
FF49
01AA
FE9A
014D
FEDB
0125
FECF
FF0B
0151
FEEA
FE65
FE3B
FF1B
00E1
FE93
00FF
00CF
FF56
FE64
FF27
FF2B
00E5
FE4B
0129
019C
FE51
00A4
01CC
00ED
0140
0154
016E
FE4C
015D
00F6
FEB1
0188
01BC
FE39
FF47
FF45
FF16
0150
FE4E
01B1
FEC0
FE49
012C
FE83
FF2F
0123
FF57
FE52
0196
0133
FF2F
FEAF
FE41
0149
014E
01C3
0169
FEA6
00C0
019E
FE9D
FE99
015A
0197
FE74
FF06
014E
FEB7
01B1
00DB
FE9A
FF45
FEF8
019D
0197
FEA5
00CF
01B1
FE40
0118
FE45
FF5A
01BA
01A2
FEFF
00CC
018B
FDD5
FDFA
FDE3
FE2A
01B9
FDD4
0214
FDE0
FEDC
022C
FDD3
0168
01BA
01B2
0152
01A4
FE1C
01BB
FDE7
FDB9
0181
0131
FE1D
FE2B
018A
01FB
0173
01DD
FED5
FE98
01C9
023E
FDBB
FE6D
01A6
FDE4
FE0D
021A
FE5F
01EC
FDAD
021F
FE70
FE44
01FA
FE3C
FE17
FE87
FE49
019A
FDDE
0202
0237
FDB1
FEC9
FE5F
FEC5
0210
FDAC
012E
018C
FDFD
0209
0212
015D
0131
0176
0222
FDAA
0177
019A
FE55
01AA
0141
FDFE
FE8B
FDE0
FE19
0150
FE0F
012D
FE61
FE2A
01B1
FDC9
FDB9
01E7
FE3A
FDE9
019F
01FB
FE0C
FDD0
FE3E
018A
022D
020A
01A8
FE51
018B
0131
FE98
FED9
01A8
01BB
FE8C
FDF8
016F
FE68
0245
0192
FE74
FE19
FE83
01FF
0154
FDD6
019D
01B0
FE7F
0254
FE2E
FE22
01A3
01CB
FE69
0228
FEFC
011E
0161
00DC
00E8
FEB3
01A3
FEF6
0167
0096
FF09
0098
FEAC
FF58
FE52
FF29
FE96
0127
FE6C
0166
00CC
FE9F
FF0C
012E
0137
FE60
FF22
FF54
FEF7
0180
00E3
FED8
FEB8
0137
00BE
FF1A
00AF
0126
FE77
00C3
FF4B
0151
FF55
00D2
00A3
FF2E
0180
019F
00CC
0144
FEC5
0125
FE4D
FF07
01A4
00DB
0150
016B
FEA5
00DB
FF1A
FF35
0137
FEBA
FE57
FEBC
FE83
FF42
FF24
01A7
FE52
FF3D
0119
FE9E
FEBA
00F4
0118
00AE
01AE
FEF4
0095
FF06
014F
0172
FE53
0153
0146
FECD
0194
0127
FE81
FE64
0119
00FC
0192
FE56
FE51
FF25
FF0D
00E9
FF17
FF4D
0164
010A
FE6B
FEFB
0194
0155
FF55
018C
FEE4
FEA3
009D
0180
00D6
FEA3
FEB0
0081
FEA8
FE9F
0181
FECA
016E
00A0
FF19
FE8C
00AB
FEA0
FE01
014A
01FE
0208
0131
FEE1
01B4
FECC
00F0
016C
FE8C
01DB
FE4B
FEAA
FE98
FEAF
FE3F
01E1
FE2D
00ED
01EF
FE9E
FEC0
012B
018A
FE04
FEE4
FEC6
FEEF
0156
0105
FED4
FE23
0109
01F2
FE3A
01E3
020F
FE4B
0172
FF27
01AD
FEF3
0111
018C
FE47
0156
01FF
019A
01CF
FE12
0152
FED9
FEE2
0143
0136
010C
0168
FEBC
01DF
FE50
FE03
012D
FE42
FF00
FE30
FE5A
FE80
FE56
0111
FE04
FEB0
020E
FE2A
FEA0
0146
00ED
014A
0131
FE57
01E9
FE40
01C8
0174
FE1B
01B8
01F2
FEA0
0187
0163
FE11
FE61
00DB
01EC
018A
FEBC
FEA3
FE3F
FEC6
010E
FE6E
FEE9
011D
01E8
FE8B
FE0D
0120
0178
FEF2
012B
FE59
FEA2
01F0
017D
019F
FEFC
FDF1
01CB
FDF1
FEAF
01A0
FE2A
01AB
01C6
FE68
FE6B
0212
FE4C
FD1E
0240
0253
02D0
02CD
FCFE
0223
FCDA
0281
026B
FCE1
031F
FCA4
FCAB
FD86
FDB2
FDC6
0349
FD8E
0236
0258
FD8D
FCC2
02B9
02DD
FCDB
FCBC
FCD1
FCEE
0243
027F
FD15
FDD0
02E0
032E
FDB4
02B6
0261
FCB6
029A
FCBA
0286
FD57
026C
02A5
FD6B
02FF
0264
024A
032E
FCC0
02CD
FDD5
FDB8
02AA
034C
0249
0333
FD97
02AD
FD2D
FD3C
02C5
FDB9
FD66
FD07
FD31
FDE6
FD76
0338
FDB6
FCE3
0329
FCF9
FD37
0225
022C
0313
032A
FD74
021B
FCD8
026C
023F
FCCE
02F6
030C
FD1E
0326
0275
FDE9
FD5D
02DD
02F7
02FD
FDD0
FDEA
FD45
FD24
02B2
FD83
FD9A
0214
027A
FDE1
FD6A
0233
0232
FD89
0247
FCF2
FCCC
0334
0307
0295
FDC3
FD00
020E
FCCA
FD46
0268
FD0A
0280
029E
FDE2
FDA2
0334
FDAE
01B0
FED2
FEBA
FE76
FEEA
01D1
FF1A
0123
FE7B
FF0F
01F2
FE7B
01F1
0189
0175
0201
0148
FE8E
0174
FE3B
FE7B
00FC
01C3
FE9F
FE08
019F
0104
01D9
00DA
FEF1
FEA7
0147
00FF
FF18
FECE
01D8
FE6D
FEC9
0174
FEE7
0135
FE76
00FA
FED5
FE0C
012E
FE0E
FE44
FE2F
FE63
011B
FE8E
010A
0192
FEB6
FE2B
FEB9
FED9
01D7
FF13
0154
00ED
FE6A
0142
0177
0210
0203
01C5
01E0
FEEA
01FB
0166
FE5F
0141
012F
FEBF
FE05
FE94
FE96
01FD
FEE6
01F0
FE20
FE06
01EB
FEB7
FE10
0196
FF02
FF0E
0126
010B
FE56
FE8C
FE3F
0170
013F
01C5
010F
FE1E
0148
0150
FE4C
FE2C
00E6
0202
FF18
FEB0
0163
FEC0
01AB
0101
FE78
FF1E
FE7A
0134
01C7
FED8
0194
011B
FE2F
0143
FEC2
FE21
0196
01A7
FED4
0122
0162
FE62
FE05
FE62
FE39
0191
FDEE
0193
FEC6
FDE8
01EC
FDF3
0150
0213
01B7
020D
01B4
FDE5
021A
FE51
FE1E
010F
0203
FE53
FE91
014B
020F
0177
0231
FDEF
FEB6
019E
0205
FE76
FE87
0197
FE27
FEBB
0200
FE46
018D
FEBC
015F
FDDA
FE0D
01BE
FE1F
FDE4
FE5D
FE91
01F6
FE9C
01B5
0188
FDD5
FEEC
FED4
FED6
0222
FDC4
0146
01E9
FE43
01F7
01ED
012F
021D
0153
01FF
FE4C
016E
0223
FED8
0119
0225
FE38
FE0B
FE93
FEF0
01E7
FE10
01B6
FE93
FEDD
0149
FE98
FE3B
018A
FDF8
FEF1
0182
0192
FED3
FDCD
FE26
017B
018A
0114
0189
FE78
015B
01F6
FEC8
FEB7
01EA
0129
FE9A
FF02
0237
FDF8
011C
01D7
FE87
FDD7
FE3E
01B4
01BA
FDE7
022C
019D
FEE7
021E
FE38
FE06
0227
020F
FE4B
01C8
0207
FDDB
FDA3
FE8F
FE30
0186
FDE7
01FE
FE3D
FE3E
0234
FDEC
0180
0213
01B6
0162
0273
FE6D
0140
FDAA
FDF7
01F4
025F
FE8A
FDE0
0196
01A1
0265
020C
FDC1
FE0B
0193
0165
FDE7
FE8F
0204
FDC1
FDE0
0213
FE55
01A4
FE90
01F0
FE09
FDB6
0257
FDA7
FE99
FE5A
FDA9
0242
FDFC
0150
023F
FE73
FE7F
FE73
FE92
01A2
FE83
024B
0247
FDEE
021D
0143
01AB
022D
0173
019D
FE8D
018A
0263
FDFF
01B2
01DF
FE2B
FE75
FDCB
FDC9
014F
FEAC
018E
FDD9
FDD6
01C6
FE18
FEB6
0185
FDA5
FDFA
0255
01F3
FDDE
FE66
FE4F
021A
01DB
01D9
0175
FE7A
01AE
0152
FDF7
FDFA
0205
01AF
FD8F
FDC6
01AF
FE5A
0174
024E
FEB4
FEB4
FDFC
0177
025D
FDB4
014D
025E
FE08
0185
FDE1
FE4F
01A8
01C1
FE0E
01AD
FFB5
0017
0034
001E
0057
FFB7
0095
0005
002E
0052
002A
FFE6
001B
FF25
FFD1
FFEB
FF67
0066
FF1A
009D
00D1
FF3A
FF20
0020
FFD5
FF6C
FFC3
FFE2
FF0E
00DF
00A2
FFFE
FF34
0043
0079
FFC7
0096
005A
FFCB
008D
FF5F
FFF0
FFC2
005B
FFD5
FF78
0004
003B
0056
0066
FF5B
0090
0026
FF9C
FFD4
002E
0017
0091
FF63
00B7
FFB3
FF84
002C
FFDB
FFB8
FFE6
FFA8
FF6C
FFB4
FFCC
000C
FFFD
FFDC
FFB0
FFE7
003B
00D2
FFC0
008F
FF9A
007A
FFB9
FFA6
000F
FFE0
FFEB
0039
FF5D
000E
FFE1
FF88
FF4A
FFFC
FFA6
00C0
FFB1
FF85
0020
FFD7
FFB3
FF5A
000A
00D4
0084
0035
FF63
0005
FFAE
FFB4
0035
FF7F
004B
FFB6
0004
00D2
FF98
FFFA
007A
0015
FF8F
0021
FFC4
004D
000F
FFC0
FFA4
FFA8
FFB7
008A
FE8E
FEA7
FEA4
FF5F
00B3
FF11
0165
FE6A
FEBB
009D
FF7B
0117
015A
00B0
013D
013B
FEBE
00C0
FF8B
FF13
009B
0128
FF19
FF83
00AE
00EB
0115
0176
FEE3
FEE5
014D
016C
FE83
FEB6
0125
FF44
FED1
0162
FF56
006E
FF8F
0135
FEBA
FF24
0097
FF07
FE6E
FF65
FF76
00C6
FEA1
00C9
0117
FE92
FEB4
FE68
FEC2
019E
FEA4
0164
014C
FEB7
00DE
0155
00C0
014F
00AF
016F
FED0
00E5
0184
FF7E
01A2
0108
FF21
FF30
FF85
FF8D
0177
FE61
0147
FEE6
FED4
0178
FE91
FED9
0080
FF01
FEA1
015B
011E
FF2A
FEE5
FF05
0126
015F
012C
00C7
FF67
0099
0151
FF55
FE9B
0140
008E
FEC8
FEA3
00F1
FEDA
0123
0195
FEBB
FF5B
FEE8
0156
0105
FEBE
0166
0147
FE7B
007D
FF54
FF12
00AA
0186
FEFF
0181
FE04
011B
021B
020D
0218
FE06
010D
FE6C
0130
01B4
FEDF
021A
FEE0
FDF0
FE05
FEBF
FEB3
0122
FE3B
01BC
0218
FEEA
FE96
0214
0195
FE33
FEDF
FDDE
FE69
01D4
01E0
FEB2
FEE1
014F
017D
FE27
01D4
0122
FDDA
0226
FECE
01F6
FDBF
0164
01C4
FEEE
0230
0173
01AC
023F
FED8
021D
FE38
FEEC
0141
013F
01DF
0195
FE7A
0110
FDFD
FE36
01C8
FEDC
FE58
FE7A
FE90
FDEC
FDF5
0162
FECE
FEB3
021E
FE40
FEC8
0230
01BA
0129
0163
FEEB
011D
FE5B
01B5
015E
FEA9
0165
018E
FDF2
019D
0163
FDE4
FEC1
01B6
0126
01CB
FE20
FE29
FDF1
FEE7
01DC
FE0F
FE73
01E2
0177
FEE2
FDF4
0200
019A
FECA
0211
FE45
FE22
020B
0136
0149
FDD0
FE6E
01F5
FE08
FEA4
01A0
FE12
01A7
0153
FE4C
FEB3
01A3
FE3D
FE4A
01F5
0240
014B
019B
FEA7
01A3
FDC9
0258
01C9
FDF8
022C
FE83
FDB1
FEB5
FDBC
FE6A
020E
FDCB
01FE
01A5
FE0B
FDC7
01CD
0219
FE2D
FEA4
FE8C
FE81
015D
015D
FE7C
FDC0
01E9
0268
FEB5
01F5
021F
FE74
0278
FDCD
026A
FE6E
01B5
0258
FE42
01C3
023F
0276
025E
FE1A
01DF
FE21
FDBB
0221
0246
01A7
020C
FDB4
023A
FE2F
FD8C
021C
FE2E
FEB2
FE39
FE44
FE19
FDFE
0151
FE76
FE3E
01F8
FDA1
FDEC
0195
016F
0206
01C8
FEA4
025D
FDA1
0228
01D5
FEB2
0238
0153
FDC4
021A
01DD
FE5F
FEA0
0171
020A
01D7
FEAA
FD9D
FE7F
FE29
015D
FE75
FE6A
01C5
0156
FE7B
FE5F
0271
01E0
FE87
015A
FDAD
FEB9
01A5
0230
01BF
FE2E
FE8D
01BD
FE82
FDCD
01E8
FD91
01FE
0216
FDEB
FDBC
0208
FE4A
FEBB
01C7
01D2
01FD
01B0
FEF5
00DB
FED9
01BF
0163
FF0E
014B
FE7D
FEF9
FEE3
FEDA
FE20
01E6
FEB1
00FF
01F4
FF18
FE48
014F
01E1
FEB6
FE2A
FEB3
FE46
00FE
011A
FDFF
FEBB
0185
01E2
FE84
01E4
0208
FEA3
0107
FE8E
0180
FE72
0192
0146
FED4
0140
00E0
0157
01FF
FE28
020E
FE84
FDFC
00E1
01B4
019F
0208
FEAF
0181
FE44
FE2B
020E
FE8A
FEF4
FE7A
FEC4
FE8D
FF18
01DC
FDFA
FE23
0124
FE47
FE6D
017F
01E0
01B4
01CD
FE11
016C
FE03
0133
01C1
FE61
0181
0102
FF0E
011C
015C
FE37
FE24
01B1
011B
0207
FE31
FE2D
FECC
FEAD
01E8
FE34
FE08
01FB
01DF
FF29
FE71
01FF
0118
FEE3
00E8
FF14
FEC7
01A3
01FA
0190
FE9E
FE1B
01D4
FEC6
FE0C
01CD
FEFE
01D6
0118
FF2A
FEE1
00E7
FEED
00D1
FF8E
FFDD
FF43
FF29
0038
FFA5
0089
0038
FF89
00EE
FFD1
00F2
0021
00C9
0060
00F2
FF81
0076
FFD0
FF07
009E
FFE4
FF5F
FFC1
006B
0083
004C
0038
FF79
FF8E
0020
0017
000D
FFFC
FFF0
FF90
FF69
0060
FF6D
FFDB
FF8C
FFF1
FF91
FFF2
FFE1
FF64
FFD9
0030
0020
0074
FF82
0080
007A
FF56
FF74
FFAB
FF29
FFDF
FF33
0072
0041
FFA7
00B3
0078
009F
00D3
0041
00A0
FF63
FFDA
FFFA
FF38
00D1
0018
0004
000B
0022
FF61
0076
FF35
00C1
FFF8
FFD3
FFB4
001A
FFC6
00B0
FF77
000C
FFD2
FFE7
0006
FFAC
FF61
FFEA
FFC7
0029
FFAD
FFEA
00A5
009C
FFD6
FF81
FFCD
0073
FFC8
0031
FFF6
FFAF
001C
FFFF
FFAF
FFAC
001B
0097
FFD4
FF74
00A8
0070
FFA2
00B1
FFC7
FF73
00C0
FFCB
FF8A
00D8
FDBF
017D
0159
01B3
0265
FD91
0263
FE2E
0253
0195
FD9A
017D
FE13
FE3B
FE9A
FEAA
FD86
01E2
FDDC
0181
01A7
FD92
FE87
01D5
0248
FE5C
FE88
FDB5
FE28
01D2
021E
FE8C
FE07
0206
01BE
FDD9
0248
01F0
FDC9
01D4
FDA9
022C
FD7B
0285
0179
FDB1
01CF
01E7
0187
0208
FE45
0271
FE37
FDD8
0238
0271
01E9
0259
FE93
0178
FE03
FDF4
01C4
FE1F
FEA6
FE64
FE35
FE2E
FDD2
0163
FDD5
FE77
016C
FDB9
FE28
0179
021C
01A0
023E
FEBA
016A
FE97
0272
01F9
FDBC
0149
0261
FD90
01A0
024E
FE74
FE63
0262
01B8
01D4
FDC2
FDDA
FE57
FD91
0153
FDCF
FDB6
0158
0251
FDFC
FE20
01F9
022A
FE7F
0167
FE35
FDC8
015B
01B6
022A
FE48
FDED
0234
FE9E
FDE1
016B
FE1A
01A0
01F0
FE49
FEA4
020A
FDE8
FD81
0215
026D
0260
01B1
FD63
01E8
FDBE
020A
02C5
FDFC
02BF
FD46
FD37
FD6A
FD6D
FD59
02C8
FDC4
02D1
029A
FDBB
FDBA
022F
02B0
FDFC
FDD7
FE22
FD40
023D
024A
FDD0
FDBF
01C0
021B
FD4E
01B3
0227
FDCD
0257
FDF6
01B7
FD6B
0203
01A7
FD70
02BA
0251
0230
01B5
FDB8
01FE
FD7F
FD6A
0266
02B5
02A6
0207
FE35
0280
FDB8
FD96
02B3
FE3D
FE5D
FE14
FE41
FDA9
FE7F
024B
FE0C
FE30
0197
FDA3
FD57
01F8
0296
0234
01A0
FD69
01C4
FD8A
0214
026C
FE4D
0193
0201
FDB5
02A0
0250
FD64
FD61
01F4
01E0
029D
FD63
FD6C
FD66
FE20
02AB
FDE4
FDEE
01B1
029E
FD8B
FE17
01EB
01BA
FD9E
01A2
FDDF
FE50
0195
022D
01AB
FD89
FD82
01BD
FDCD
FD4D
025C
FD71
024D
0235
FD65
FE6B
02A1
FDB8
0163
FF83
FF1A
FF79
FF5A
00F6
FF9C
00E0
FEBC
FFAE
00A9
FE8A
0078
0092
006E
00A4
0169
FEE7
0136
FFAF
FF49
0147
004B
FF24
FEC4
00C7
00FD
0128
008C
FF32
FECE
0045
007F
FF07
FFB1
00F0
FF0F
FF79
0143
FF66
00B3
FFAD
0147
FEF8
FEC8
0046
FECA
FF98
FE9F
FF64
0163
FE94
0068
0099
FF2D
FF43
FF2C
FF82
008F
FF7E
00C7
0161
FF0B
008B
0116
00B3
0126
0143
0061
FEE3
004A
0126
FEB7
0037
005E
FF52
FF5B
FF1D
FF2D
00B7
FF79
013C
FE9D
FF03
0042
FF83
FF81
0092
FF4F
FFA2
0080
0073
FF02
FF7C
FEF6
0112
005B
005E
00A7
FF9F
0165
0068
FF1F
FF7A
00DA
014F
FF28
FEE1
0136
FEBB
00C2
0143
FF01
FEB9
FF78
00DE
0155
FEF6
012D
00B2
FF9A
00E0
FF14
FF1D
008D
0045
FF52
0067
FFCD
002E
FFBC
006F
FFF6
FFEB
FF5C
FFEF
0012
FFE0
004B
FFBF
0055
00A0
FFB5
FFAC
FFBB
0077
FFFA
0081
0089
FFA7
FFC3
FFAF
FFEF
002A
007C
FF9B
FFA7
0058
0001
0065
0087
0014
FFDC
0017
0020
004E
000D
0031
0004
FF65
009B
FF96
0041
FF9F
003D
006A
001E
000B
0075
0023
FF83
0055
0038
000B
FFEB
004A
0031
0013
008B
0052
FF61
FFDC
FF74
FFEF
FFC1
FF87
005A
0018
FFF3
FFDB
FF64
002C
004A
FF78
FFD2
FFCD
FFC6
0071
002B
FFFE
008B
FFDC
0060
0002
FFAF
FFCE
0045
0060
0028
003C
000E
001A
FFA4
005F
FF70
FF8C
FFE8
FFDE
FFCF
FFD7
FF9E
FF6B
FFF7
FFF6
FF8B
FFB3
0014
FFC9
FFE8
FFF4
FFD3
0096
005C
FF77
FF73
004B
FF91
0024
FF91
0066
004A
0083
FF94
FFA2
FFDC
FFEE
0189
FE0A
FDBF
FE7F
FE12
01A7
FE86
01D5
FE31
FDE2
0193
FE18
010C
0150
01B4
0202
022C
FEE7
0119
FE97
FE2E
01CF
01AC
FEA9
FE3A
0214
020F
01B3
0232
FE2B
FDCB
022D
017C
FE41
FE5B
017A
FDC3
FEB2
0171
FEEC
0228
FE87
0178
FEBF
FDC0
01FF
FE65
FEAC
FE42
FE42
01B4
FE56
023F
0165
FDF8
FDC4
FEE0
FE81
01EC
FEEF
013A
019A
FDF5
0182
01F1
011B
0199
01A6
01FF
FE2F
0169
017F
FEE2
0152
0174
FEBE
FEE5
FE86
FE88
019F
FE29
01C6
FDF1
FEF1
01D4
FDF6
FE84
0129
FE4A
FDF0
0173
0168
FE41
FED9
FE1C
01BB
014B
01E2
0188
FE10
0202
01C5
FECC
FE76
0141
01A6
FE1F
FE42
01A4
FE6E
01DF
01CC
FE7E
FE52
FDF9
0109
020C
FDF1
019B
01B1
FE83
01C8
FE2D
FE69
020C
0172
FDF5
016A
01EF
FED1
FE53
FE4A
FE13
0189
FEBD
0176
FF03
FECC
01A5
FE11
0132
0117
012A
021C
0199
FE15
017F
FED2
FEE4
014F
01AB
FDDC
FE2A
0224
0177
01C4
0108
FE69
FE65
020C
0168
FE64
FE33
022D
FED2
FE3F
014C
FE0A
0113
FEDA
0224
FEC8
FE45
01B6
FEED
FEC0
FE82
FE51
019A
FDDF
0163
0110
FDF2
FEFF
FDD0
FED2
01A9
FDE9
01AC
011C
FEF5
0141
0148
0144
0164
0152
0174
FEAF
017B
022D
FEEC
021D
021D
FEBF
FEFD
FE3D
FE08
01CB
FE07
01F8
FDDC
FDF5
01C7
FEBA
FEF6
021F
FE47
FE52
01AD
0133
FECE
FEE4
FE3D
01B1
0141
01E7
01F3
FE30
0204
0206
FE7A
FEDA
01B7
0226
FE91
FE5F
00F9
FE0A
0127
0209
FE90
FEA6
FEC0
0158
01CB
FEB6
013B
0177
FE5E
012D
FEDE
FDF2
0146
01DA
FE39
01F7
FFFC
0013
FF8F
0095
0062
FF81
009A
FF63
FFB0
0085
0048
008F
FFDA
FFDE
0044
FFC9
0062
003B
FFA7
0011
FFF5
0069
FFDC
0091
0065
FFBD
FFAC
0041
0070
FFDE
0010
FFE3
FF7A
004C
0050
FFBD
FFCE
004D
0025
FF84
FFE0
0089
0071
FF99
003C
FFB4
0077
00AB
005E
FFCD
FFC0
FFC2
FFDD
FF57
FFCC
0042
0056
FFB2
0044
FFF0
000C
0083
004E
0053
FFF2
0017
FFEB
008E
0019
FF7E
0095
FFC6
FF84
FF80
0044
0018
FF9B
FFC5
000C
0007
0001
000C
0083
FFF5
0042
FFB0
0011
0066
FFF3
0009
FF97
FFBD
FFA0
FFCB
0067
004B
FFC8
0003
002C
0044
002C
FFE0
004B
0094
FF9D
0017
FF70
0078
0084
001D
0048
0028
0024
009A
FF87
0041
0026
FFA7
000E
0066
FF90
FFBC
0074
FF96
FFE7
0058
FF9D
006E
016B
FE4B
FE6E
FE9A
FEB6
0113
FF5A
0136
FEE8
FEEE
0175
FE4A
018E
01A5
0166
0111
01A9
FE6F
017B
FE94
FEBA
015E
00FB
FEF6
FEDC
00F5
00C6
01A5
0170
FF61
FE9E
00C4
0113
FECF
FEC8
014F
FE58
FF13
0112
FE44
00DF
FE5A
01C4
FE65
FEBB
01AF
FE57
FF02
FF0E
FF5D
0179
FEEF
00B0
0105
FEEF
FF2F
FF23
FF2F
01C8
FF32
0198
016B
FEB7
00E2
0161
012A
01D1
00CC
00FE
FE69
01CD
011B
FE75
016C
009D
FE5C
FE39
FF0F
FF17
009E
FEBD
012E
FF05
FEEE
0119
FEFA
FEC8
01B1
FEAD
FF49
0130
012D
FE77
FE55
FEDE
0126
012A
01D4
017B
FE96
0171
0189
FE75
FEF7
00E9
0163
FEF2
FE9D
0150
FE6A
012F
00DD
FEF6
FEA0
FE5E
01B9
0123
FF33
0116
01BF
FF61
0158
FEA6
FE2F
009E
0101
FEA5
00D7
FEB7
00F4
00BF
01A7
00EC
FF44
00D9
FE56
01D3
019F
FE7F
00BC
FE8B
FE94
FEED
FEE7
FF24
01E0
FEB4
0162
011D
FE71
FEAB
01CF
0113
FE50
FE79
FE76
FE4A
0159
0131
FE67
FE49
0184
00B3
FEDA
01AE
0184
FE7D
01D4
FF10
00CA
FE37
0153
00BA
FE4C
00D6
0169
01AB
0106
FE9A
0161
FE90
FE25
0182
0171
0112
01D0
FE48
0179
FF00
FF2B
00B1
FEE4
FE39
FED9
FE53
FE61
FEDE
0181
FF32
FE8E
0192
FE31
FF4D
0149
00E9
00B6
0134
FEF5
019A
FE92
00F9
0167
FF41
016E
00DB
FF1A
01B4
01DF
FF22
FE3E
0114
011F
01B5
FEDC
FE26
FE56
FE8A
0166
FED7
FE68
00B4
013E
FEAE
FE5A
019C
0104
FF31
0154
FE82
FED4
00CD
010E
017D
FE3C
FF49
00C3
FF13
FEFF
00F5
FE90
01A7
01BC
FE33
FEA8
01A7
FE66
FE4D
0137
01A9
01D8
0158
FEE4
01F9
FE37
0225
01D4
FE22
023B
FE26
FE86
FDBD
FEC6
FEB3
0243
FDF0
0206
0200
FEE4
FE1E
0139
01DC
FE4C
FE5E
FE77
FE08
01E6
01A7
FE0E
FE72
0145
0158
FE24
0173
01FD
FE41
015D
FECC
0150
FE35
01AB
01BE
FE09
018F
019A
0237
0237
FDE8
011C
FDE3
FDCE
019B
0213
017F
0221
FDC3
01A4
FEB5
FDBA
01F8
FE8E
FE5D
FE66
FE6D
FEDD
FDEE
01DF
FECD
FE9B
0155
FE4E
FE7D
0171
01AD
01D1
020C
FED9
0121
FDE6
0216
01BB
FDF7
0158
0153
FE98
0201
0134
FEF2
FDE2
013E
0116
0234
FEE7
FE0A
FE5A
FDE1
01C4
FEEC
FE49
01DC
018A
FE91
FE4B
01D8
0136
FDE6
018E
FEA2
FE5F
0126
01C5
01F5
FEA3
FE5E
0224
FE3E
FE4F
01A9
FE1B
023E
01F7
FE6C
FDEE
0166
FE5A
017F
FE5F
FDBD
FDB5
FEB4
0182
FEC8
01CA
FE32
FDC2
015B
FE20
0198
01C1
0263
0224
0184
FE15
0212
FDE8
FE8F
026A
015F
FDB1
FE61
0239
025E
024C
0201
FE2C
FE09
020B
023A
FE68
FE1B
0218
FE85
FEB3
0171
FEA9
01D8
FEA6
01E7
FD93
FDC0
0224
FE9C
FEAE
FE4A
FE32
0133
FE17
0213
01FA
FE19
FDC8
FE25
FE20
0145
FDAD
021C
0269
FDB4
01FE
0192
01CE
0142
01C2
0264
FE60
0251
01AF
FDAB
0131
0190
FE95
FDFB
FE0B
FEB1
01A5
FEBB
01F2
FE95
FDE6
0215
FDAD
FDB2
0238
FEC2
FEC7
0158
01D9
FE51
FE51
FE54
0218
0256
015C
01A0
FE6C
0194
017D
FE2E
FDEE
01D3
0153
FE63
FECA
01B5
FE95
01EF
01F2
FDDE
FDC0
FEB1
0197
021D
FE1B
01F2
0203
FE85
0201
FE83
FDF1
020A
021F
FDA7
0161
0105
FF54
FF2C
FEE3
FEE9
0184
FEA3
012E
FF81
FE69
0107
FF41
0168
0104
0137
0131
00CB
FEB5
00DE
FF7D
FEC2
00AE
0144
FEB0
FF87
009F
014F
00BC
00CE
FE75
FF3D
0138
013B
FEE3
FE95
0170
FE9F
FE64
0082
FF56
00E3
FEC4
018A
FE8A
FF44
0106
FEE1
FF13
FF00
FE9A
0079
FEF8
007F
0195
FEE3
FEAA
FE79
FE94
00B4
FF8A
0097
0161
FF2A
0130
0130
01A7
0116
0188
019D
FF3B
008D
017D
FEB0
00D8
0086
FF76
FF19
FEF8
FF00
0194
FF3A
00FA
FF5E
FEC3
015E
FF48
FECB
00E6
FF54
FF61
0105
00DB
FF0B
FF60
FEBE
013F
0162
018F
0181
FF43
018A
00E8
FE97
FF68
00BD
00E8
FF2B
FEDF
00CD
FED3
01A4
0102
FF34
FEFA
FE5E
00C4
017E
FF09
01A5
00A5
FF2D
0158
FE99
FE81
0130
0083
FE65
0174
FDE0
0262
0167
0151
0140
FE1E
01F7
FE4F
0181
019F
FDFC
022F
FEB9
FDE5
FDD1
FDE1
FE69
01BA
FDE2
0179
0175
FDDA
FDF6
026D
016E
FDFB
FE96
FE3F
FD99
01FE
016B
FD90
FDBC
013C
0162
FE28
026D
0205
FE07
0213
FE88
0235
FDF5
0155
0266
FE3A
01F0
0205
022E
014C
FE68
01DC
FE64
FE53
01E9
0230
01E8
0260
FEA7
01F8
FDE5
FE46
0213
FE3B
FE47
FE98
FDD8
FE48
FEC5
022B
FDD9
FDD9
01F0
FE33
FDC3
0183
01EE
01B2
025F
FE87
01FB
FE3E
020B
0137
FE55
0210
01F9
FE1E
01D0
015A
FE6C
FDEB
0198
0163
01CB
FE4C
FE2A
FE0E
FE5B
019E
FE25
FEA5
01D7
01DD
FDAF
FE32
0243
01AB
FE61
0229
FE25
FE56
014D
0178
01F7
FE80
FE27
017F
FE7F
FE09
01FC
FDAB
021E
0184
FE21
FEB2
0210
FE22
016E
FE05
FE7B
FE65
FF11
0225
FE38
0210
FEFC
FDE8
01BC
FEAD
0224
010F
01F1
011D
01CF
FDE7
01F7
FDED
FE34
020A
0118
FE70
FE81
01C5
01B7
0190
0215
FE3E
FE1F
0152
021D
FE72
FE93
015E
FE80
FEAC
01A5
FE74
01F4
FE75
0114
FE54
FE86
0218
FE89
FEC6
FE4D
FEC5
012D
FE2F
01B1
011C
FE2B
FE1F
FDE7
FE2B
0149
FE06
01BF
01B2
FE3B
01BF
0115
013E
017A
019C
017A
FEE6
0105
01DC
FE01
01D4
01B2
FEE4
FEF6
FE37
FE31
01DE
FEDD
0187
FE77
FE91
0205
FE70
FEE9
0146
FE75
FE12
0209
015C
FE0C
FDE8
FE04
01BB
0167
01B5
019C
FE4C
01F7
020B
FE95
FEA8
00EB
0137
FDDC
FEDD
01EA
FEB5
014C
01E9
FEB4
FEDF
FEF9
0152
00F4
FEF6
01D5
0113
FEE5
01DB
FE03
FE8E
0114
0107
FE57
01AA
FD2D
02AF
03E3
0317
0352
FCC3
034D
FCF6
0362
0305
FCB2
03D4
FCFF
FD3C
FC5A
FC99
FC7B
03AC
FCFD
030C
0312
FC3D
FC3C
0387
02AF
FCF7
FD0A
FD15
FC93
03AC
033B
FC64
FC44
038C
03AE
FCCC
02F3
03C7
FC7B
0323
FCBE
03D4
FD2C
0340
03BF
FCAD
02AD
0345
02A1
02A0
FC96
02FA
FCC4
FD27
02CA
0326
02F2
0353
FD55
03B1
FC24
FC36
03A0
FC64
FCF4
FC8D
FD46
FC80
FCCA
02E4
FCF6
FC5F
02AC
FD75
FD17
035F
038C
0370
02A4
FD33
03A5
FCBF
029E
02AD
FD24
03BA
03BE
FCB8
02C3
0361
FCA2
FD12
035D
032F
0305
FC85
FCE3
FC5E
FCFE
0300
FD59
FCC5
0325
0380
FCE0
FC7E
0320
03B4
FCB6
031F
FCD1
FC7F
0360
0311
02B3
FC85
FCB2
0398
FC6C
FD44
02FA
FCF4
036B
0326
FC4E
FCBF
034D
FC9D
FE7D
016C
0115
0168
0114
FEB1
013B
FF14
018F
00F0
FF5E
00F5
FEDC
FE44
FEB1
FEE8
FEFD
009D
FEEE
01A4
01A2
FE96
FEE8
00F0
01BE
FF35
FF71
FE77
FE81
00A9
0119
FF1F
FF3E
0108
00F6
FEDE
0126
0126
FF17
012F
FF4D
009D
FF0E
0169
017A
FEB6
0160
00F1
01AA
0100
FE9A
01A9
FEB4
FEA4
0160
00DC
01B4
0109
FEAB
0136
FF5B
FE6E
01B0
FF59
FEB7
FF14
FF3C
FE4B
FF3D
0163
FE4F
FF2A
0184
FEC2
FF52
0195
00B4
0139
0198
FF14
01A1
FE77
0116
019B
FE33
01A2
0125
FEA8
00AF
0189
FEA2
FF07
0094
0170
014D
FEE5
FEBA
FE4A
FE9A
0188
FF00
FE7D
0147
018C
FE47
FE6C
01C3
0197
FE5D
0153
FF6E
FEFD
0174
00AB
010A
FF36
FE9B
00C2
FEF1
FE58
0160
FE38
00D1
019B
FF59
FE42
0163
FE8E
01E3
FECF
FEC2
FE22
FE3A
0211
FE3B
0169
FEE1
FE18
0205
FE89
01C9
0158
019E
013A
012B
FE55
01E6
FDEA
FE33
022D
0163
FE3F
FE37
013B
01DE
01FF
01AD
FE24
FE09
024E
01A1
FEDE
FDEA
0232
FE2B
FEC2
015F
FDE7
022D
FE10
0244
FE31
FEB2
01AF
FE79
FE08
FED1
FDCC
0226
FE36
0168
01F2
FEBA
FE5F
FE67
FE1E
0201
FE2F
0238
0130
FDB4
0202
022B
0147
019A
0175
01D3
FE10
016B
0214
FE17
021C
022F
FDF3
FE0D
FE2F
FE03
0125
FE6D
01A5
FEEA
FDF8
01E2
FE1E
FE5C
01F4
FE3B
FE49
0227
01FB
FE60
FE94
FE64
016F
0123
01C3
0178
FDF6
01A8
0187
FE85
FE65
0163
01A5
FE7A
FE71
015D
FEE3
0196
01F9
FDC0
FEC7
FE2D
01AE
0125
FDF8
022E
019F
FE36
0149
FEC0
FEC5
015E
01CC
FED8
01D9
00EC
FEC9
FE9D
FEC6
FF35
01C3
FEC0
01B8
FEDE
FF25
00EF
FE3D
00FE
00ED
00A9
013F
0191
FEBE
0165
FF16
FED6
017A
019D
FEC0
FEC6
00CD
0115
00CF
00EC
FF20
FF29
018A
00B5
FEF1
FE80
019B
FEA7
FF29
00AD
FE92
00B1
FF1A
018B
FEE3
FEE0
0138
FF18
FE88
FF4E
FF20
0150
FE63
01A1
01BD
FEB8
FEA2
FF27
FF40
019E
FEA6
00D3
011A
FEE9
0136
0115
0176
012F
00EC
011C
FF28
00D4
0124
FE48
00CF
017F
FE2A
FECD
FE7C
FE2E
018C
FE87
00BE
FEB9
FE63
016B
FE7A
FE8D
0137
FE89
FE6E
0148
017E
FE73
FE79
FEFA
013E
01BA
0120
0143
FE4C
00D3
01BE
FF4E
FF0A
0187
01D0
FF29
FEB1
0140
FE2F
012E
0161
FEEF
FE40
FF00
016B
0128
FE67
016A
01BA
FE2F
0166
FF19
FF07
01D6
00C7
FEA6
01C0
025D
FE3C
FDB8
FE46
FD94
0267
FE5B
020F
FD75
FE64
026B
FE29
019D
01A1
0160
01BC
01DC
FDBE
0210
FDEA
FE9A
018A
01D2
FE33
FDE8
01AF
026F
021B
01EA
FE2F
FDE9
021B
016E
FE4F
FD83
0227
FE80
FD8E
01B4
FE4F
0234
FD8F
022B
FE88
FD8F
0265
FDB6
FE5B
FDA9
FD69
0183
FD8F
018B
0271
FDEE
FE89
FE0D
FE46
01B9
FDFA
01DE
01CE
FE39
0168
0173
01A9
0253
021E
0218
FDEF
0198
0182
FDB8
017D
0213
FE44
FDB4
FE9B
FDDD
014C
FD81
016F
FE82
FD9F
01B6
FE36
FE81
018B
FDF3
FD83
01AB
020A
FDE2
FE0C
FD97
0246
0204
0167
022E
FDF0
01CC
01BC
FDC5
FE59
01DA
01F4
FE6C
FE3E
01EB
FD8D
01A5
027C
FE4D
FE52
FE95
01FA
0266
FDA2
01FB
0200
FDBF
01CD
FE73
FE61
01C3
0255
FE87
026B
FDB3
0211
01E3
0246
0141
FE5E
01E7
FDDD
01BF
0254
FDD4
0139
FDE4
FDDA
FDEB
FE8A
FDDD
012F
FDE3
0242
0130
FE1B
FDCF
0220
018D
FE50
FECD
FDF8
FEA8
0174
01AF
FEC9
FDAE
020D
019D
FDBE
01DD
0153
FDC4
0250
FE48
024F
FDC1
0154
025A
FEB2
01E1
01A3
01B6
022E
FDDC
0195
FDD1
FEB7
0249
01CF
0228
0138
FE74
01EF
FE64
FDE7
0239
FDBA
FDE6
FE36
FDC8
FE0A
FDAF
0130
FE4F
FE96
0128
FDB6
FE18
020C
01E1
01F7
01ED
FDE8
0123
FEC3
021B
020E
FE65
020D
0249
FDBB
01BA
01B4
FE5B
FDE6
01AF
0200
01F6
FDCD
FE57
FE1A
FE69
01AD
FDC4
FEAA
0231
018C
FEA7
FED2
021C
021B
FEC8
024F
FDDE
FE61
023F
019E
023E
FEC7
FE7E
0115
FE74
FE51
01AE
FE3D
017A
01B4
FE6E
FDD1
0194
FE14
FDF5
01D1
017C
01DE
01C2
FE56
020B
FE98
021B
01E1
FEF2
022D
FE45
FEE7
FEA4
FE23
FEE1
01C0
FEB8
0165
016C
FE5D
FEDB
019B
01B0
FEF7
FE15
FE8E
FE2E
01EE
011F
FE59
FED4
0176
0225
FEAF
01D4
018F
FE75
01CD
FE85
0207
FE38
0212
01A3
FE4C
01E5
017F
017E
0200
FEBF
0211
FE9B
FE22
011E
0201
019D
0135
FED3
0187
FE2C
FDEE
01F1
FE63
FE0A
FDD7
FDF1
FE2B
FE11
01AA
FDF7
FEB4
0136
FDFF
FE23
01D9
012F
0134
0115
FE01
0213
FE08
01CE
01D5
FE1D
01DD
013C
FDD5
01FD
0211
FE4F
FE96
0153
0215
019E
FE57
FEB3
FE29
FE31
01D7
FEE5
FE71
0193
022D
FED2
FDE1
019C
0214
FF03
0100
FE50
FE9B
0220
01B7
00FE
FE6A
FDEF
00F1
FE8A
FE15
015E
FDF9
01D5
01DE
FE3B
FDEB
0215
FE13
FE90
0089
0130
0167
00D3
FE7F
016B
FE55
0080
00FD
FE8C
019C
FF13
FE78
FE5E
FE74
FECD
0125
FF3E
0197
011D
FEED
FEEC
00F0
00ED
FE97
FF77
FE76
FF4A
0120
0090
FF59
FF07
0185
01A4
FE78
017F
009B
FF3B
015C
FF93
0149
FF7E
0164
00B6
FEA8
00B4
00A0
00E5
00ED
FF7C
00D4
FF1C
FF5D
00A2
00AF
0194
00F5
FE88
011B
FEA8
FF04
015A
FF2F
FECB
FE70
FE5A
FEA8
FF0D
012D
FED5
FEA4
0084
FF31
FE77
019D
0150
0199
0182
FF25
019C
FF14
0110
00A4
FEA4
0090
0108
FEF2
00D6
00FF
FED3
FEC5
0086
0198
0155
FEBD
FF66
FE9A
FE9E
0135
FE6F
FF82
0146
0166
FED8
FE66
019B
0174
FE88
01A3
FF6E
FEE2
00AA
00C4
0086
FE78
FE81
0103
FE78
FF4E
0100
FF2C
011D
00DE
FEFD
FE5E
0148
FEEC
0167
FE7C
FF51
FEEE
FF34
00B1
FE4B
01B6
FE30
FE87
00FA
FF09
0107
0122
01C1
00E1
00CF
FE74
0107
FF09
FF28
018D
00FC
FF1B
FEC9
00CA
0100
00F2
011E
FEC1
FEC5
0148
0169
FED6
FECD
00BA
FE7A
FF24
00DE
FE7F
012A
FE7E
00B7
FF03
FE70
0161
FE8D
FEC6
FEE4
FE89
00CF
FECA
016A
019B
FEA0
FE3D
FEE5
FF1D
01C6
FE98
01D4
016E
FF38
01C2
016E
0128
01C4
018E
00F2
FF10
01CF
00E2
FED2
00B9
01DE
FF2A
FEC1
FED1
FE93
013F
FF17
01C5
FEB2
FE8F
019C
FF0E
FEF1
016F
FE25
FE32
0139
00FC
FE93
FF32
FE46
00CD
011D
011C
0112
FE53
0197
0115
FEA7
FEF6
016D
0109
FE72
FF12
016E
FE7E
0115
016F
FF10
FEE7
FF26
01C7
01B6
FEB1
01CD
0100
FF1E
0122
FF05
FECD
017C
0176
FF4D
01E4
FE01
0126
0236
0180
01E9
FEAA
018E
FE2B
0154
014C
FDDA
0197
FE01
FDAD
FE08
FE53
FE13
01BF
FE0F
01C2
01C9
FDF9
FE59
024A
0233
FE4C
FDBB
FEB4
FED5
0189
0241
FDF3
FE37
017A
01CD
FECE
01C3
01A5
FEDB
024E
FE8E
01AB
FE36
0252
0150
FDB6
0200
020D
0153
0246
FDF8
0255
FED3
FDA5
0238
01A2
01AB
012E
FDE8
01A8
FE96
FE3C
0184
FE7D
FEB9
FE28
FDBA
FE02
FDF7
0171
FE4C
FE02
0144
FDCE
FE07
017B
015D
0193
01BB
FE9D
01A7
FE09
012B
017E
FE9D
01C1
01E0
FE6D
011D
0220
FEAF
FE2C
0201
016D
012F
FDF3
FDF6
FDDA
FE01
0130
FE22
FDD2
0186
0224
FE39
FE2D
0188
0206
FDE4
021A
FE42
FE80
024D
0207
0181
FE42
FE75
01BE
FE9C
FED7
0209
FE71
01AF
0128
FE45
FE0B
0217
FEE0
016E
FE0F
FEA7
FEED
FEEB
01F4
FF3B
01ED
FF12
FE92
0198
FE76
01C1
0113
00E1
010F
0151
FE80
01A2
FE32
FE11
01A7
01B0
FE72
FE40
01AE
019C
01EE
0190
FF24
FF04
01E6
00D9
FF2A
FE7D
00F7
FF1F
FE6E
01A2
FEEF
0152
FE8F
01EF
FED3
FE6D
0112
FED4
FF30
FECA
FE05
01D6
FE22
00F8
0140
FE86
FEB1
FEAD
FE15
01DC
FE1A
01AA
014B
FE50
01F0
01F6
0190
0179
0197
0167
FEFC
00D6
016A
FEB8
01BB
0169
FE82
FEA7
FF0A
FEA9
01A0
FE7D
0145
FE09
FE09
0188
FF06
FF14
015F
FF31
FE39
012E
00ED
FF0B
FE46
FEA6
01D5
01F6
0129
01FB
FE7B
01E9
0101
FEB4
FF0D
015D
0195
FE6E
FE0F
0166
FE2B
01CB
0143
FE88
FE7D
FE0B
01E4
013F
FF09
0153
012E
FEE2
00FC
FEB3
FEBE
01A2
0104
FECB
014B
003F
FFC9
00A8
00B8
0048
FF81
008D
FFE1
FFBE
007D
FFE3
0027
001A
FF46
FFEC
FF6C
0013
0037
FF21
FFF2
0022
FF43
FFDA
FFF1
0069
FF77
FF8D
FFA9
FF51
004F
0099
0027
FFB4
008D
007C
0021
005A
00E5
0011
FFFF
004C
00F2
0025
0067
002B
FFBE
00D1
0064
00D0
004A
FF70
FFFD
FF8C
FF0B
005B
006F
FFD2
FFCD
002A
00E8
FF74
FF82
00A2
0013
FF7F
FFE2
FFAE
FF1A
FFAE
FFDD
0013
FF28
0033
FF48
FFC2
008B
0005
007C
0069
FFF0
FFD8
FF0E
0009
002D
FF74
00E0
0059
FFC8
00A4
006B
FFA0
FF36
FFF2
00F3
0043
FF7D
FF4D
FF01
FFC7
008F
FF42
FF91
FFFB
007C
FF5D
FF6B
002D
0026
FF62
00CE
FF7E
FF97
0024
0028
001C
FFED
FFA8
0098
FF61
FF5A
FFCC
FF81
0074
000C
FF36
FFB7
007A
FFD4
FE8C
0190
01BF
0225
0221
FE27
022E
FDCA
0195
021D
FEB1
0221
FDDA
FE73
FDC2
FE7C
FDB0
021C
FE5F
021F
01C9
FE17
FDEC
0161
0172
FE03
FE45
FE03
FDCB
0160
0202
FE94
FEB5
022B
0191
FE56
0147
022E
FE1B
0135
FE33
0237
FDDD
013E
0216
FEC4
015B
019A
019D
01B4
FE4A
0222
FEC4
FEBC
014C
020C
0247
0242
FE15
01C6
FDB1
FE3E
01A3
FDEE
FE38
FDC5
FEDA
FE1A
FE67
0197
FE59
FEC5
0203
FEB5
FE65
013B
013F
0236
01CD
FEC8
0234
FDE8
018C
0124
FE50
015C
019F
FEE4
01AE
01EF
FDEB
FEC3
022E
020A
0171
FE75
FE2B
FDC7
FE35
01EC
FDC4
FE9D
014A
0172
FEB5
FE78
01D0
0170
FDF4
0241
FED0
FE56
0167
0209
018C
FE73
FE7D
0190
FEE8
FDC2
0121
FEBF
0128
019F
FDD0
FECE
0152
FE51
01A7
FE49
FF38
FF2C
FF43
013D
FE3F
0124
FF63
FE66
0143
FF38
017F
0191
0116
0187
013F
FEE4
013D
FEF1
FEA9
0095
014A
FF15
FEC1
0103
01C4
00EA
0178
FEB9
FEF1
00D4
00AB
FED8
FE7F
0116
FF52
FEF6
00FB
FE52
00C0
FE51
00E1
FE52
FEC6
00F6
FE60
FE71
FF36
FE8C
0159
FED7
00E9
008D
FF60
FE8C
FF70
FEB8
0163
FE77
00F7
00F0
FF39
011C
00FD
0180
00E4
01AA
0169
FEA1
018F
00FF
FF32
00B4
00E3
FF1F
FF79
FF67
FF16
0185
FE5D
00A2
FF69
FED6
00FB
FEC3
FECD
0185
FED5
FF27
01AC
0139
FF08
FF00
FE40
0166
00C5
00BB
0155
FE58
0100
0169
FE83
FF53
013C
00D0
FF27
FEFA
0103
FF6E
013D
0181
FECD
FE95
FF0A
0197
010E
FE4C
019A
019C
FF68
012F
FEFC
FF31
0184
00F7
FEB2
00E3
0122
FE9D
FE10
FEC2
FE73
01D0
FE93
0189
FEA7
FDC9
0194
FEBF
01BA
0118
0134
01C4
0238
FE46
0144
FE0C
FDCE
0177
0151
FE77
FEBB
01CB
01BF
016D
0212
FE7B
FEB4
01E9
018B
FE25
FDF3
0230
FDCB
FE32
023B
FE48
01C5
FEC4
021F
FDB8
FE21
0183
FE5D
FDE0
FDD0
FED0
01C0
FE55
01A3
0133
FDD8
FED3
FE06
FE71
0162
FE8A
0132
014D
FE50
013E
020F
011B
0173
0238
01A9
FECE
0234
015A
FEA9
010B
01BD
FDCF
FDD0
FEB6
FEA6
01F9
FDC8
0190
FEF1
FE91
0228
FDCD
FE26
0158
FDD3
FE3F
0209
011E
FE59
FEC6
FE1F
012A
021A
01FA
0185
FE2E
01B9
0153
FDF5
FDF4
0118
0153
FE01
FE11
0202
FE13
018C
01DC
FEAE
FEE3
FEA8
017B
01D6
FE04
0176
0230
FE63
023B
FED8
FE9D
0150
01FB
FE06
021B
FE1D
01D5
00DD
00D4
0100
FED6
01CC
FE35
01CA
01A4
FF27
0117
FED0
FE37
FF25
FE97
FEBE
012C
FE40
01CE
01B4
FF39
FF3B
0158
00CD
FEC3
FE6B
FE74
FE8E
0134
00C1
FF42
FE2A
0131
00E5
FF30
00B9
0131
FE8B
01B3
FECE
01CD
FE2B
0188
019E
FF45
01DC
0159
01C5
01AA
FE7B
00F3
FED6
FE64
00DB
0133
00EB
01A9
FE9A
0162
FE30
FE3D
00CD
FEA6
FEFF
FEB1
FE64
FEE7
FF1E
0145
FF21
FF37
0150
FF2C
FE52
00F1
00FC
0106
01DD
FEED
015E
FEBD
01D1
0163
FF27
0102
00CD
FE6E
0110
0137
FE6B
FEE9
016B
01E9
00E3
FECD
FF36
FE16
FE8A
01AB
FE23
FEAC
01E0
01C9
FF3A
FE58
0144
00DB
FE68
00FE
FE7B
FEB5
01BA
01B7
0164
FED7
FE2F
018C
FF1E
FECA
0182
FED5
0192
0168
FE3B
FEFE
0125
FF34
0000
0000
0000
0000
0000
0000
0000
0000
0000
0000
0000
0000
0000
0000
0000
0000
0000
0000
0000
0000
0000
0000
0000
0000
0000
0000
0000
0000
0000
0000
0000
0000
0000
0000
0000
0000
0000
0000
0000
0000
0000
0000
0000
0000
0000
0000
0000
0000
0000
0000
0000
0000
0000
0000
0000
0000
0000
0000
0000
0000
0000
0000
0000
0000
0000
0000
0000
0000
0000
0000
0000
0000
0000
0000
0000
0000
0000
0000
0000
0000
0000
0000
0000
0000
0000
0000
0000
0000
0000
0000
0000
0000
0000
0000
0000
0000
0000
0000
0000
0000
0000
0000
0000
0000
0000
0000
0000
0000
0000
0000
0000
0000
0000
0000
0000
0000
0000
0000
0000
0000
0000
0000
0000
0000
0000
0000
0000
0000
FFEA
001A
FF4F
FF69
FF49
0063
FFCB
0086
FFA4
FFC2
0030
005C
FFE4
FF63
FFB7
00BC
0061
002A
FFEB
FFED
0026
FF44
FF6B
FFF4
00CB
FF8C
0024
FFBD
0058
FFCC
FFD6
00C1
FF9A
FF7B
FFB0
FF98
004D
FF73
FF66
0030
FF35
0067
0069
00A2
FF5E
FFE1
FFF0
FF99
FFEE
00CE
FFBE
FFD7
FFFF
FF98
006B
005E
004A
FFDE
006A
FFA3
0011
FF86
FFC0
FF4A
0004
FFC6
FFE2
FFC4
00AC
0002
0056
005A
0081
0006
0087
FFAF
FFA6
FFBD
001A
00BD
FFE3
0036
006E
FFA9
FF9B
0089
002B
004C
FF3E
001D
FF8B
004A
004B
0052
00B2
FFAD
0021
004B
000F
FFD0
0099
005B
0013
FF92
FF68
FFFC
0023
FF7F
002E
FF5B
0011
FF5C
FF84
FFE2
FFD8
FFAB
FF56
00C5
0012
0018
000C
FF59
FFEB
FFF6
006C
FFF3
004A
0023
FFBB
FFF5
005C
FF64
FFB8
006F
FFD0
FF7B
0073
0060
0016
FFA8
0065
0035
FFA0
0040
FFDF
FF99
0069
FFBB
FFB6
003E
FF73
0016
FFAE
FF98
008F
0053
009E
004C
000D
004D
FF8F
FFE5
004F
FFA4
FF56
FFD6
FF4F
FF41
005A
0095
FFF7
0093
FF53
FF9B
FFE4
008F
004E
FF97
FFCC
FFD6
FF72
0041
FF5B
FF53
0069
FF7A
0093
FF84
FF7E
FFB0
004A
0060
FFC8
0024
FFA5
005B
0012
0068
FFFF
0080
0010
FFC5
0055
FFB2
FFD1
FF87
FF82
0057
FFD2
FFD0
FF92
0069
0076
006D
007A
0067
FFFB
001B
FFEE
004A
0012
0078
003A
0074
006D
FFE1
0036
0037
FFD8
FF9E
0057
005E
FFC8
002F
0082
FF54
FFBF
FFC8
0074
003A
FF7E
FF87
001C
003D
0027
0080
0040
0036
009F
000F
00A0
0080
FFB1
FFF4
FF98
FF9A
007C
002F
FF8F
FFB7
0035
00CB
0087
0017
0004
FFB4
FF96
FF67
001B
005D
FFBA
0031
FFF2
FF92
004B
00BF
003B
FFCD
002E
FFD5
FF99
0056
005D
FFF5
0047
FFB6
FFB6
FF16
FFC2
FFAC
009B
0077
FFD2
00AD
003C
00BE
011B
FFB6
FF31
FFD9
010A
0112
0036
0053
002D
FF2C
FFEE
FFD7
00D1
FFCE
0135
00D4
FFFF
0022
0020
FFBB
0059
00E3
00B8
004E
00B3
FF7C
FFC0
FF29
FFAE
009D
00A4
FF60
004E
00C0
000A
0011
0034
004F
00D6
000C
000B
004F
FF96
FFD8
0044
FF7A
FF07
FFAD
0020
FFFC
FFEF
0096
FFAA
0024
FF30
002A
FF6E
0091
FFC9
00F1
FFD2
00C6
FFB7
FF78
00AD
FF58
0089
00AB
0074
0090
FF7A
0088
0132
0082
FF46
FEEE
00BB
FF31
FF06
00F0
FFFF
001D
0035
00BA
FF71
0005
FF88
004D
0023
002B
FFE7
0039
000C
001C
0079
0072
FFC3
FFC1
007D
FFAB
FF94
0046
FFAE
0036
0009
0053
FF73
0005
FFBB
FFF3
FFEA
0016
006F
0011
0006
FFF8
FF8B
FF6F
FFD5
FFEB
FFD3
000A
FFCA
FFF6
FFB2
0078
0034
FFB2
FFF7
FF60
FFD2
FF75
FFDA
005F
003F
FFF8
0021
003F
FFBC
009B
FFA1
FFAD
FFD6
0079
0098
FFA1
0037
FF89
FFC3
0029
FFD1
001D
003D
0019
005F
FFD5
FF85
005A
00A7
0023
FF75
007B
FF53
0048
004D
0047
000D
FF6C
FFE7
0084
FFC1
0095
0056
0059
FFE8
002F
0031
FFAB
FF7C
FF66
FF88
0045
FF5B
001E
001E
FFB6
FFBA
0021
FF99
00B2
FFFE
0025
000D
0019
FF9B
FFEC
0001
FFEE
FF78
FF87
002C
0089
0067
FFDC
FFB9
0041
0003
0081
FFF0
0043
FFDF
000D
0049
0097
FFFA
FF9D
001D
FFFF
FFE7
FF4A
FF8E
FF6A
FF7C
FF9F
0098
002C
FF92
00A8
00A2
FF95
FFC9
FFF2
FF95
FFE0
002A
FF5A
FFF9
FF32
0041
FFDB
00C6
FFBA
004C
FFE6
FFF9
FF88
FF67
FF9F
FF8B
0038
FF29
FF8C
FFF0
FFB0
FFBB
FF50
FF9C
FFD0
0054
006F
0006
0045
FF9D
FF85
FF81
00C0
FF38
0032
FFFC
004C
FFF4
0001
0013
FFF5
004E
FFEA
FFC8
003E
000D
FF3B
FF5B
0042
FF56
FFDC
FFF5
FFA4
FF4F
FFB6
0067
FFD5
0042
FF9B
0008
0010
FFD6
005A
FF66
FFF7
00C9
006A
FF67
00BC
FFC7
0018
0018
00A4
005C
FF7E
008C
00BF
FFF9
FFBA
FF95
FFD4
FF8E
FFC1
000E
003F
0016
FF9D
FF2C
FFE3
0061
FF8E
FF63
FF8D
001A
004D
FFA9
FFC3
001B
0026
003E
00C6
0058
FF3F
0046
FFAF
0040
0059
006D
FF99
0077
0047
0068
FFCB
002D
0032
FFEB
FF9C
FF8E
0003
0026
003D
FFB7
FFD2
0045
0062
FF5F
FFB6
003C
FF77
0098
0024
0060
FFE6
FFDC
0047
FF8B
FFEB
FFCE
FFF0
0088
0010
0085
004C
0055
0057
0040
FFBB
0096
0077
0046
0096
00A0
0081
FF81
005B
0039
FF82
FFFE
FFBE
FFB1
FF5F
0012
FFDB
005E
FFD0
FF96
0024
004A
FFF8
0020
FFEC
002D
006A
FF6F
FF94
FFEA
FFF2
0010
0034
0017
FFEA
0088
003C
0012
00A2
FFCB
0054
FFBF
FFF3
FFC2
0011
FFFB
FFA3
005B
0063
0015
0049
FFFE
FF93
FF8C
FFF8
FFFF
FFD4
0041
FFCB
FF60
0032
FF93
FF9F
FFE4
FF7F
007C
0073
005D
000D
0075
0080
FFB8
008D
FFCF
FF9F
0052
FFA8
006F
007C
0055
FF83
FFAA
FFE1
FFB3
007C
FFCD
0056
0060
FFB6
0079
FF8B
FFC6
FF9A
000E
0065
FFE9
FFC3
FFC5
0048
FFFF
FFEA
FF84
0017
0072
0001
FF91
FFEA
001D
002A
FFED
0044
002D
FF36
FFEE
004D
FFAB
003E
00C4
00A3
FFE4
FF98
00B9
FFE1
0050
FFFC
FFE3
FF74
000C
FFD5
000B
0004
FFF8
FF48
FFFF
FFA9
0059
0023
0043
FFE9
FFC0
FFE6
0055
006A
FF78
004C
0033
FFEF
0027
0038
FFA2
FFB8
002E
FFF7
0094
0089
FF9B
FF7B
FF6B
0040
0050
00C0
0092
0037
002A
004D
008F
FF8A
00C1
FFBF
FFA0
FF57
FF61
002C
FFB3
FFBC
FFC9
FFEA
FF33
FFBE
00A7
FFA2
0042
FFC7
FFFB
FFD0
008A
004B
0026
FF5C
002A
007A
FFB3
FF68
00C1
0008
FFC8
FFA3
FF96
FFAC
FF9E
FFFA
FF4C
003B
0056
FFE9
FFB1
FF8A
0015
0076
0009
0029
FFBE
FF5B
00BC
FF38
00C7
006A
0058
FF37
004A
0059
FFBA
00AE
FFA9
FFF2
FEB6
FF43
FF57
FFC2
00C5
0113
010A
007A
FF9F
FF47
0078
00AE
00AE
000F
FFE7
FEAE
0055
FF5E
FFB2
FFFE
004C
0060
010A
003D
00E6
0012
FF2C
00DC
FF1D
00CB
FEF6
FF45
FF2E
FEFE
FF6A
FF4C
FFA9
002E
0102
004F
FFD1
FFBE
FFE1
FF8C
FF6A
007C
FFA3
004A
FF79
012A
FFB8
0019
0029
FFCA
00F7
FF8A
FF94
FFB1
FEC9
000D
FFF9
010D
FFE3
006C
00A5
FFB1
0020
FFD4
0128
FFB2
0014
0090
FFA4
FFA9
FF7C
00C1
FFBB
FF09
00FB
002F
FFD3
0121
0107
00AE
FF56
00EA
005D
FF20
0061
0061
00A9
FEEF
FF96
0009
FFE8
FEE4
00F7
FEE0
FFE5
FF98
FF43
FFB9
002F
FFEF
FEED
0025
0150
FF5F
FF74
FFD3
010F
00EC
FF4C
0128
016B
FFB2
0128
0010
FFD8
FEC8
00AC
FF3E
00F6
00B3
009D
0068
00EC
004F
009A
0094
0054
0012
0045
FFB4
0000
FF85
FF99
0027
0023
FFB9
0029
0062
FF67
00C4
FFA2
00CD
00A8
0039
FF6D
0051
FFDB
0099
004C
00D3
0030
FFBE
0001
FFBD
0024
002A
006B
FFD4
FFC6
00A3
00A7
000E
FF58
FF94
0076
0027
FF74
FFA8
000E
FF2E
00BC
FF96
FFE6
008F
0062
0025
FFAE
0045
FFAB
007E
FFCB
FF60
FFD1
0048
0010
002F
009F
FF83
FF7C
FF9D
00A6
003F
003E
00C0
0007
FFCC
FF70
00B0
FFDB
FF84
00E0
FFB3
0052
000F
0050
FFE5
FF5D
0007
0070
0058
0084
FFE3
002B
FF96
FFC1
000B
002E
003C
FFCD
FFE4
FF5E
001A
0048
0062
0001
0063
0015
0088
0072
001E
FFE5
0029
0065
FF66
FFB9
FFAC
003F
FFD0
0019
00AC
FF6A
00B4
FF88
0001
001E
0040
FF82
FF2E
000F
0068
FFB0
FFA5
0088
0086
003C
001B
0068
FFDB
FF9C
FFB7
00A7
0091
FFF6
0037
008D
0064
0051
FFFC
007E
0071
0084
0009
0009
FF98
0004
FFFA
0001
006E
FF7A
004E
004F
FF6B
006C
0025
FF97
FF95
FF7E
FF98
FFE2
0069
0022
0086
003F
FF91
000C
000C
FFE1
FFF5
001D
0085
0007
FFAF
FFCA
FFA9
FF8E
0017
006F
001C
FFF9
FF91
0041
0055
FFB6
FFAE
FF5C
00A5
009C
FF69
003F
FFE0
0020
FFD7
002E
0015
FFC9
0025
FF83
000B
FF64
FF6E
FF83
FFF9
FFEE
FFF2
0043
0085
FFB2
FFDB
FFF0
0062
0000
FF6D
FF7B
003E
004A
0073
FF57
0010
FFC4
0021
FF66
0088
FFCB
FF9C
FFF6
0040
FFA0
FFD3
FF87
001F
FFAB
004F
0069
006E
FF9F
0035
0045
001E
006B
FF4B
FFCF
FFA5
0086
FF81
0029
FFC1
FFEA
000A
001C
005D
00F7
00A0
FF99
000A
0000
FF6E
001A
FF86
FFA0
005F
002A
FF70
0029
FF51
FF96
00E2
FFB9
00C7
0058
0075
FF9A
0062
FFE9
00B1
FFBA
0091
0022
FF7D
000C
FFBF
0024
0090
0046
FFB8
007F
FFDA
00F5
0004
FFCD
FF62
FFD3
00A1
FFFD
00D7
FFED
FF47
0095
002B
0053
FFE4
003B
FFFF
FFCF
006F
FFD9
FFC6
FFD4
007D
001F
0070
0057
0021
00A7
0038
0022
008E
004E
001B
FFEA
0047
0047
FF5F
FF6A
0040
FF80
FFAE
004E
0054
FF6A
FFA4
FFC7
FFEB
FFCD
0057
FFB3
0005
FF47
0045
0059
FF74
FF26
0066
FFA8
001E
FFB8
00EC
FF50
006D
0087
0051
000D
0091
FFE6
FFAB
00A9
FFED
FF0B
0000
FF27
0037
0032
004A
001F
0016
FF77
00E1
FFAE
0029
FF36
0088
FFE7
FFD1
FF28
FF5C
0039
FFFC
FFC8
FFF6
FF9A
00BD
FFBE
0023
0004
0056
FF96
0054
0058
0078
FFEF
000F
006B
FFB7
FF56
0096
006F
00A2
FFBE
FFCC
0024
003B
FFD0
FFEB
0057
005E
FFC6
FF91
00BB
FFC1
0026
0043
0093
FF81
0053
0008
0026
003C
000C
FFC9
FF89
002F
FFAC
FFD4
0093
0043
00AF
0018
FFA9
FFB4
FFF6
FFF2
FFA3
0096
FFD7
FF95
FFA6
FFB7
FF94
FFDE
FFBF
FFDC
005D
0050
FF8F
FFAD
0016
FF61
FFAA
FFB9
FFFD
FFDF
0017
0097
008B
FF94
00B7
FFD9
0043
FFDA
0039
0033
0050
FF5F
FF84
FF96
FF81
0000
FFE7
003F
FF9C
FF7B
0051
FFDD
0006
00A3
0082
FFF3
009F
001C
FFED
0000
FF88
FF5B
FFDD
FFFD
FF99
FFC4
FF55
004C
FF5B
0092
FF8B
FF53
FFB5
001C
0057
FFE6
0071
FFC1
FFBE
00B5
FF5F
FFAD
FF76
0028
FF69
0058
005C
006B
FFB1
004D
FF6B
FFA9
00A2
FF83
0027
00AF
FFF5
FFBD
001C
0044
FF61
FF87
007F
FF84
FFD6
004F
FF6A
0097
006B
FFB5
002B
FFF3
0003
FFE5
0093
FFC3
0001
FFC9
FFCA
FFA1
FFCA
FFCD
0056
FF68
0050
0060
FFF8
002F
0007
0077
006A
0089
FF9B
0074
FFD2
FFA9
0038
FF74
FF83
0019
FFE7
0069
FFAA
0006
FFAD
0080
0064
006C
008F
003D
0005
0045
FFCA
005F
0074
FFAE
FF5B
0069
FF76
000F
0047
FF70
005F
FFC0
FFD3
0049
FFE6
FF72
FFB2
FF64
0034
FFC3
FFB7
FFAA
FFC5
FF68
FFA7
008D
0000
FFEE
001B
00B0
FF6C
FFDE
006B
FFC6
0056
0060
FF6B
0040
0017
0041
FF74
FFE6
0077
FFC9
FF98
005F
FF9A
FF80
FFD8
002F
FF6A
FFF4
0009
0095
FFD7
0083
FFB2
0012
0004
0099
FFCA
FFF5
FF18
FF83
FF84
00A6
0121
005D
0047
0026
002C
FFA0
0088
0107
00DE
00CA
009C
FEA8
FF92
FFE2
FFE2
FFA4
00DA
FFED
00AA
FF5C
FFF2
FF61
FEB6
0105
FFB9
FFEC
FF34
FF42
FFDC
FFE7
FF66
FFBC
FF6C
0073
012E
004F
FF32
FF72
0076
FF6B
FF11
00D6
FFFB
FF5E
FF04
FFF9
FF53
FFD2
FFEF
FEF1
0036
FEFE
FFDD
FF56
FEDB
FEF3
FF99
0070
FF23
00CF
001C
FFBC
FFD1
0024
0086
FF1E
0058
0059
FFEB
FF1F
FFA9
0059
FF13
FFED
0054
005B
FFE5
00C1
00B1
012C
FFF1
009D
0078
FF77
006F
010F
00EE
FF3D
FF43
FF4D
0003
FEB4
0061
FF0C
FF8A
0033
FF2A
FF9D
0001
0032
FF2F
FF95
0050
FED9
FF85
003B
0084
FFC7
FF1B
009F
0130
FF14
00D7
FF44
00A1
FFC5
0134
FF5B
009F
0039
FFB2
FFAA
00B5
0046
005F
0085
0017
FF76
FF6F
0005
FFD5
FFF0
FF71
FF7E
0015
0059
008D
007E
FFA9
006F
004A
FF6F
FF6A
0025
0050
FFC7
0043
FF65
FFF1
009B
0064
FF78
008C
FFDE
0026
FF8A
FF85
0050
006B
FFD1
FFBE
FF9E
004B
0082
FFAF
FFEE
0016
FFD8
0057
005C
00A8
0002
FFC1
FFB9
0016
0085
FF7D
FFDA
FFD0
007E
FF89
FF67
008D
0059
005F
0087
0040
FF9F
FF90
FFD6
FFF1
FFCA
FFA0
0033
004C
0037
0093
FF76
FF85
00A2
FF7E
007B
001A
007F
FFCB
0012
FFB8
FFFB
0006
0008
00AA
009B
00A5
00A5
FFD4
FFCB
0023
0009
0049
FFA3
FF94
FF8C
FFA5
0021
0016
0038
FFAB
FF7E
0028
FFF1
FFCF
FF73
FFF7
FFF6
FF76
FFA9
0015
0058
004E
FFCF
00A6
008E
FFEF
FF76
FF92
0019
0050
0031
0059
FF6B
FFFA
FFF9
0071
005C
FFCF
FF7A
FFC4
0060
0043
0058
003D
0014
FF63
FFD3
FF95
FF7F
FFF9
0062
FFED
FFAE
FFD6
FF9B
FF52
0098
FF8C
0036
FFD3
0055
007B
0014
0030
FF84
00AE
FFDF
FFFA
00C7
008E
FFC1
00B9
0048
FF8E
003F
FF97
0045
FF40
FFCF
FFFC
0043
0074
FF97
0053
000E
0099
FFE2
0068
00A4
008A
FFE4
0076
FFB1
00CA
00D9
FFA6
FFEC
009F
0047
002E
FFAC
002D
0010
FFF4
0021
0024
FFEC
0072
008C
FF94
FFAF
FFEF
00C5
0058
FF9C
007C
FFB8
FF42
FFEE
0015
FF58
FFFF
FFD7
FF7A
004E
0002
007B
006B
FF8F
00D7
003A
0035
FFBA
0071
0053
0040
00C1
FFF2
0043
0092
0016
0039
FFF1
FFA9
0046
FFE5
0091
FFEE
FF3D
0009
FFB4
000B
0000
FF82
0072
0076
0089
0022
FF64
FFED
0031
0068
000B
FF7A
FFFA
FFC2
FF81
0042
FFB1
004A
0011
FFF7
0076
FFC1
008C
FF9D
0022
0069
FFE1
FFE0
FFD4
0003
0061
0014
FFE0
FFA7
0016
FFC3
004C
0059
0087
0094
FFC0
FFCD
0062
0017
0082
0025
FF8D
FFD3
0096
FF88
FF6A
0001
FF90
FF9C
FFA2
FF90
0046
0037
FFBC
FF9F
FFC3
FFA2
FF94
FF8F
0061
003A
FF7B
FFC7
FF59
FF7C
002F
0014
FF98
0003
FF87
FF7A
FFA0
002C
FFC8
FF95
0088
FF7D
FFE0
FF5B
FFBF
0014
0055
FFDC
FFD0
003B
FFE8
005F
FFDD
FFBE
FFA6
FFB5
FFDE
0016
FFE9
003A
003B
0010
0037
001D
FFB1
FFE1
004A
FFC5
0004
FFB2
FF5B
FFAA
0036
0084
0023
0012
FF8D
FFFB
006E
FFA8
FFF8
0035
008F
FFF0
0056
0020
008C
FF7F
009A
004E
FF62
FF97
0051
001B
FFC9
003F
FF9C
0054
000A
00A0
0012
FFA6
0086
FFF6
0046
FF62
006B
0069
0013
FFE8
FFB8
007A
0011
FFFE
00B5
009C
0069
FF9E
FFBA
FFF6
FF75
FFCF
0080
0013
FF73
FFB5
FF98
003C
0069
FFBF
FFE9
003F
00A2
00A8
00A2
009A
FFE7
FFD4
004D
FF85
0029
FFA9
0048
00A4
FFF2
FFB8
0014
005D
FFBC
00C3
FFFD
FFFB
009E
FF6B
FFED
FFF5
0030
0038
0037
FF9D
0021
0015
0052
FF93
0022
002F
FF9D
002D
FF89
FFD2
FF75
006F
0029
001C
FFF9
005C
FF95
FFF2
FF81
0015
FFF8
0044
006E
009E
FFF0
FF8A
007F
0093
FF96
002B
FFFE
0026
0097
FFC4
0072
FF4D
009C
FFE0
FFC3
FFB6
0042
FF91
0072
00A9
FFAB
0043
FFE6
0042
FFF1
004D
0013
FFB6
FFF9
FFC2
00BC
003D
FFBD
FFDF
FFA6
FFB4
FFD4
FFD2
FFB5
000B
0009
0017
00CD
0032
FFCD
FFEA
0050
FF6B
FFE1
0013
FFD8
FF51
FFE5
FFE0
FF36
FFC8
FF55
0024
FFC7
FFDF
007A
0022
0044
FFE4
0050
FFC5
FF94
FFCE
008F
00BE
FF59
0046
FFAF
0074
00C9
005E
FFD6
00A3
0082
00AD
FF85
002B
FFEE
FFED
FFE9
0041
FF66
0062
0007
003B
0089
007E
FF36
00A6
0082
00AA
0068
FFB6
FFCC
0071
FFD3
0019
00C3
FFF3
FFBF
005E
FFF5
FF25
00A6
00BD
0039
FFBD
FFB4
FFDD
000E
FF63
FFDE
00BD
FF8A
0004
FFEF
0044
FFE0
0057
FFDB
FFBD
FFD2
000C
FF7D
FF96
0078
FFB7
004D
0034
0026
FFE0
0069
00BC
FFF3
FFDB
009B
0003
FF5B
002E
00A4
00A9
FFDE
004A
001F
004F
007A
FFDE
0055
FFB3
002D
0097
FFBD
FF4E
00DF
FFB7
008E
FF51
FFEC
FFD0
0075
FF85
FFBE
0037
FFBD
FF7F
003F
005B
0015
0046
0026
FFC5
001B
00B3
FFF8
FF9C
004D
002C
002D
FF95
002F
001B
0069
FFDB
FFFF
0017
0019
005C
0048
001C
006C
FFF0
FFF6
FF63
FFC5
FFD5
0079
FF4D
FF6E
004C
0035
000F
FF88
FF85
FF9F
0041
0039
FFBA
FFF5
FFCA
0099
005F
FFC1
0041
FFB3
FFBE
007F
FF88
FF5C
FFBB
0006
FF82
FFC1
FFD0
006F
FFE8
0049
0001
0064
0011
0057
0013
FF79
FF59
00B1
00D6
0007
0015
0072
0064
FFB0
0040
0006
FF94
FFF3
001A
0056
FF37
FFE9
003F
FFC2
FFB2
005B
FF7E
FF51
008D
0005
002D
FFA9
0040
0075
FF46
FF82
0071
FF94
FFAF
FF80
0045
0006
002E
FF61
FFF2
FF57
FF94
FF99
005F
FF7E
FFBA
001D
FF63
0061
FFEB
FF34
0046
FF56
FFF4
FFE0
FFFF
FF5F
0097
008F
003D
0090
FFBE
FFF2
FFD0
FF23
0000
0053
FFA5
00AC
0098
0021
FFDD
FFAD
00D1
0084
006D
0032
FFEF
0007
FFDF
002B
FF6E
005F
00CB
0010
0055
FF85
FFB0
FFC1
0033
FFD6
FF40
FFF4
0021
FF4B
FF50
FF6E
FF40
0043
FF8C
FF96
005F
00D8
FF4E
0033
00C8
0089
FF6B
00C8
001D
FF71
FF8F
FFB8
FF71
FF45
FFA0
0018
FF8F
FFB8
004D
0045
FFC0
FFCF
FFE4
00CF
FF73
00AA
00D6
FF89
FFE8
FFD6
0059
FF70
FFCA
0064
004A
FFCC
FFE2
FFC0
FF45
FFEF
0005
002C
FF4C
00B2
005A
008A
FF8E
FFEE
FFC7
0033
0089
00A3
FFDA
FFD0
0036
FFF6
FFDF
FFCD
00AF
0001
FF9E
FFB5
FF9B
FF2C
FF6D
006B
FF75
FFE9
0056
FFBF
0078
FFD9
0069
0064
0005
008B
0055
FF26
FFE6
FFE4
002B
000F
0096
FF40
FFFD
0032
000D
0005
FFA7
0044
FFB2
FF6A
0021
FFE1
008D
FFF0
0043
FFBE
FFBB
005E
009C
FFCE
FFC9
0042
0034
0073
0030
0049
FF81
FFFF
FFCC
FFBC
0060
FFBE
FFE6
0031
0031
00B0
FF50
FFA9
FFAC
FFDF
FFEE
FFC3
FF61
FF4E
FF74
FF87
003E
000D
003E
FFCC
FFCB
0037
FF4D
0084
0060
FFC7
009F
FFB3
FFE9
0019
FFC6
0040
005E
FFC7
FFF8
0056
FF6D
FFD9
FF99
007A
007E
FFD9
FFAB
0014
FF59
002F
0081
FFE0
FF8E
FFC5
005D
0088
007A
FFBD
FF61
FF95
FFD3
FF9D
FF52
FFB2
0095
FFA2
0090
0098
0058
FF5B
0041
004D
003D
FFC2
FF87
0025
001C
FF6E
FF87
0016
FF48
FF9D
0055
006C
FF8B
FFC1
0063
FFC1
0059
0072
0044
FFFE
FFFB
006C
002B
FF9E
FF9E
FFA4
0009
001F
FFBC
FFD7
0009
0060
000F
0021
004D
004D
FF9F
0068
0011
00D0
FFFD
FFC3
0053
FF2B
FF71
FF6B
FFD0
FFAE
FF60
FF46
FFB6
0023
FFB7
FFF1
0057
004E
00DA
FFE7
FFE7
FF8C
005D
FFE9
FFAD
FFF1
0051
FF74
0053
FF66
0073
00DB
FFEA
0077
0062
005F
FFDA
0014
FFF5
FF3B
FFA3
FFD6
0032
0055
FFFC
000B
0065
0029
0057
002B
FFC9
004D
FFF6
0015
0012
0093
FFF2
FFC6
0012
009A
FFBD
FF2F
0081
FFF0
0015
0039
008F
FFD5
FF87
FFBB
FF89
004C
FF49
002D
0007
FF35
00C2
003F
FF26
0053
001C
002E
0022
FF51
0083
FF75
000F
FFB5
FFBC
FF83
003B
0023
FF96
0018
0002
00EC
FF2F
0049
00D8
FFB0
FFC4
FFE2
00BD
FF9A
FFD9
009E
0025
FFF1
FFA5
FF5C
FFAD
FFE4
0052
FFCA
FFDA
00D4
FF1F
FFC4
FFAC
FFF9
000D
0012
FFA8
FFC3
FFED
002D
00B0
0064
FFD9
00B4
0037
004A
FF4D
FF2C
0058
FF3F
FF5D
0027
FFB9
FF72
0015
0046
0046
0015
FFFA
FFD6
00AB
0027
0006
FF6F
FF5B
0076
FFB5
0080
001F
FF20
00E3
FF41
00C6
0088
0081
0082
0038
00D8
00E5
FF80
004A
0012
FFCB
FF79
0059
0059
FFEB
FFC0
0008
00B2
00AA
0029
FFAF
0081
0015
0092
002D
004F
FFAD
000F
00CD
00A2
0030
0041
0069
FF97
FF4D
00D1
00EB
FF9D
FF58
008C
FFEA
FF58
0021
00AC
006E
003F
00AE
0077
FF99
FF61
FFCA
0005
FFF9
FF7B
0012
FFAB
FFAD
FFEC
FF68
0009
FF54
0022
002F
0070
00DC
00C1
FFDA
0013
00CD
0043
0056
0034
FFB1
FF6C
00CF
008D
FF49
00E4
005F
008B
0024
0087
009E
FFE1
FFAA
006F
004A
0002
FFEB
FFEA
FF46
0016
FFB5
FFD8
005F
00B3
FFDB
FF84
FFE1
FFE6
FF24
0012
FFB2
00EE
0052
FFCF
FFC4
FF4A
0048
00CB
004A
0074
0008
FF53
0023
FF9C
FF5B
FFB4
007E
0029
FFC4
0012
0085
0068
FFBB
00A1
FF6B
FFB2
FFE3
FF41
FF33
FFDA
0009
0041
FF8C
0063
005A
0022
FF7A
FFCC
000A
FFAC
0010
FFC7
0014
FF7A
004F
0000
FF4A
001F
FF6E
FFE8
007C
FFE3
000F
FF6B
FF2F
FF28
FFAF
0034
FF8C
FFBB
FFEC
FF3F
0004
006F
FFCD
FFDC
0096
007D
0097
001F
0011
002A
0011
FFDF
0037
007E
FF86
0088
FFC6
00B2
FF1D
0085
005F
FFB7
FFDD
0057
0071
FF8C
FF48
FFA0
FFEC
FFE5
0097
FF4A
FF7F
FF1E
FF2B
0013
0017
FF36
0053
FFAF
00A6
004B
FFE2
FFC1
0020
0095
FF89
0074
0049
FFB7
00CE
000D
00B8
0050
00D3
0075
FFF3
0052
005A
005A
0006
0036
FF82
006B
FFEC
FFCB
FF95
FF88
FFA4
0039
0072
0012
0088
FFF0
000D
FFB5
0031
FFF0
0078
0029
FFB5
0026
FFD7
FF97
FF8A
004D
00B3
0055
FF99
FFEB
0051
FFFF
0033
FF88
006E
FFFC
001A
000A
FFD0
0019
0086
0007
0004
0024
0082
FFEE
FFB9
0027
FF2E
0000
FFF5
FF83
001D
FFB8
FFF2
001B
003C
002F
FFC1
002A
0039
0065
005F
007E
FF6F
006D
FFAA
0010
FFF6
FFAC
009F
0015
FFF7
FFC3
FFF9
0037
FF8F
0065
FFFF
006E
FFD6
005A
0034
FFF9
0065
0047
FF67
FFE6
0003
003D
FFA6
0084
0032
0061
FF82
FFB5
0003
FFDD
0011
FF43
FFE0
003C
0070
FF77
FF9F
0002
003E
FFCF
002A
FFB7
0069
FFC8
FFB4
FFAE
FF5C
0046
FFD0
FF90
FFD1
FFC6
009D
FF99
0055
FFF6
0083
0088
FF65
FFEC
FFA6
0041
FF7B
FF91
FF47
00AF
008E
FFD9
FFAB
FFCA
003B
FF57
FFC8
003A
00A1
0029
FFEC
FFA7
FFF8
FFB6
FF5F
001B
0068
0036
0097
FF8E
0068
FF62
FFA0
0068
FFBA
0083
FF65
FF91
FF62
003C
0043
FF67
FF68
00A0
0012
0019
0034
0049
0094
0071
FFA2
005B
FF5F
0050
FF89
000C
FFA4
001F
002B
FF9B
0033
FF71
FFD4
FF76
FFCB
FFCE
FF7F
007F
003A
FF93
FFD3
FFF4
0022
005A
FFE3
FF73
0069
0097
00A6
FFC3
0006
0052
FFE2
006E
0074
FFEA
0049
0089
FFB2
00A6
FF57
000E
FFB2
0066
FF9A
FFB2
FFEC
FFFA
FFFD
007F
FF78
FFF0
007D
FFF5
FFC7
0063
FF86
0063
0007
0084
FFBC
005F
0077
FF60
FF8D
FFF9
FFDB
0073
FFC0
0046
0095
001C
0094
001E
FFDB
FFD2
006A
FF47
0086
0039
FFB1
FF83
001B
002A
FFCE
0030
004C
FFF1
FFE5
FFB2
FF7B
0066
0028
FFE7
0069
007A
FF89
0077
004A
0087
FFE6
FF6F
005F
001B
0031
0070
0083
FFC0
FFC7
FFB5
001C
FFC6
FFD1
FFAC
0031
0006
FFAF
002A
FF8D
FFC9
FF7B
0083
FFFB
FF7D
FFDB
FFC2
0018
0085
FF9C
009D
FF62
FFCE
FFCC
0047
FFF6
FFF7
FF60
0090
005B
0023
FF7C
007F
FFF9
007C
0079
0044
0060
000C
008E
FF9E
002A
FF81
FFB5
0075
008D
FFAF
FFD2
FF8F
0073
FFEE
003E
FFDA
FFFF
0000
0029
002F
0081
002C
0036
FFFF
0029
FFC9
0049
005E
006E
0010
FF9C
FF6E
0071
002D
004C
FF97
FFB5
00BD
004D
FFD6
0047
000C
FFD0
FF63
004D
0003
0014
FFCE
FF7A
005A
0056
FFAD
FFDE
0076
FFE2
007D
FFB0
FFC1
FF88
FFAE
0008
FFFE
0008
0032
FFC3
0011
FF44
FF39
FF34
FFC6
0062
0071
0086
004A
FFF9
FFF5
00B6
00AE
0018
007D
00E7
FF24
FFDB
FF83
FF98
FF3E
0062
FFB4
002F
FFDD
00FE
FFB3
FF2A
0054
FFF3
005A
FF6D
FFAC
FFA9
FF08
FFC8
FFA1
FEEA
FFA6
0045
0095
FF24
0063
00E7
009F
FF01
000C
FEF8
FF90
FF54
0061
FF3E
FF20
FF5A
FF3E
FFF5
0012
0023
FF41
FEDF
FF91
FFD1
012A
FF9A
0108
00E7
FFD4
FF6C
0030
000C
FFCD
010D
0104
0093
FF72
003C
0060
FF06
FFCD
0088
0058
FF96
0060
00B9
FFF5
FF58
00D1
004C
FF77
0053
00A4
008B
FF85
FF32
FFED
FF5E
FF71
00ED
FF91
FF55
FFE0
FFA5
FFA7
FFED
FFC3
FF87
FFDD
0025
FF1B
0048
FFEB
00DF
FF6E
FF9F
003E
004D
FF74
00F3
FF3F
008D
FF80
004B
FF87
0014
00CA
FFDB
0094
002F
FF39
FF6D
FFCA
FFC8
0014
00D3
0073
0098
FFB5
FFDA
FFF8
00C0
0055
005A
FFDC
0063
FF3C
0016
FF54
FF46
FFF0
FFD1
FF99
FFBC
004F
009B
005D
FF8E
0065
0066
FFB2
002D
FFC6
FF83
FFF4
FF78
0024
FF2A
009B
0088
0009
0054
0077
FFE7
FFB4
FF9C
0077
FFF6
001A
FFA8
0053
FFC9
FF94
FFA8
FFF7
0045
FFFB
FFD7
FFCC
FFF3
FF4C
FF54
00B5
FF8C
0092
006A
FF5F
FF9F
FF9A
0069
FFBC
00B4
FFD7
00B1
000B
0032
FFCC
FFCA
FFD3
00A2
0038
FFF1
000C
0019
0059
0048
FFE9
FFB6
FFDB
FFF2
0047
0077
FF92
000F
FF97
FFC4
FF6F
FFA1
FF79
FFE4
0085
FF5C
0001
0064
003E
FFCF
FF78
FFC3
FF8F
FFC2
FFF3
005A
FFAD
FF5B
FFF2
0016
000E
0093
0048
FFC6
FF58
FF9D
FF4D
0045
00D2
FFAD
FFA1
006D
005D
0044
0033
FF8F
FFD6
FF75
0015
FF84
FFD3
004E
FFB7
FFD3
0023
FF84
FFE1
FF96
FF8F
0049
004B
FFAC
002F
0015
0063
0081
0013
FF54
002A
0058
0042
00BE
FF88
FFC4
FFCE
0039
FF85
0005
FFE5
FF83
FF86
007D
FF53
FFEE
006C
FF89
FFB1
FFD6
FF52
0008
005D
003E
FFD3
0013
0020
0095
FFAC
FFBB
FFE6
0041
0049
0094
FFAC
FFAC
0032
00A9
FFB7
0043
0034
004D
FFD1
FF57
008A
FF97
FFDF
FF9B
FF9B
FF87
FF9E
0018
00BA
0059
FFBD
000E
FF80
FF74
FF74
FFCB
FF5B
FF91
FFF0
0017
0036
0068
007C
0074
FFF5
0023
0017
FFD1
FF9B
00AB
FFA5
FFE9
0073
FF73
FF97
009C
FFEA
FFCB
FFC9
FFBB
0035
005B
008D
0027
FFC3
001B
FFEF
FFCB
0040
0058
FF6B
0076
FFA1
FFE8
0006
002B
FF9F
00B1
00C4
FFA7
FF8B
0099
0075
0059
0062
00B0
FFB7
0050
005F
0084
00A5
0008
FFDF
FF91
FFF5
004F
FF64
FFA9
0041
0018
FFA7
FF96
0068
FFB5
0043
FF61
FF8A
0088
FF7D
FFF7
FFF9
FF74
0065
FF78
FFEB
0039
FFA4
FFDA
FFAF
FF80
FF65
005C
0003
0071
FFB0
00AB
0038
FF46
009F
FF56
FFDD
001F
002F
FF9F
0046
0031
FFA4
FFA7
FFD1
0063
FFC1
0010
FFF2
0012
005E
00A4
0062
FF98
006A
FFE2
FFFC
0014
FFFE
FF3E
0036
0064
FF94
FF91
FF6B
0012
0099
FFBD
FFFE
FFF5
005D
0013
FFCB
002F
FF8F
FFB7
0046
FFFD
0032
003B
0013
0032
FFDD
0081
005A
FFEB
003C
FFFD
FFED
0024
FFCF
FFCE
0050
000A
FF7D
005F
00CB
FF6E
0085
FFCE
FFCF
0025
0043
008F
0070
0008
FFAF
0026
FF73
FFA8
FFE1
FF92
004D
FFB7
0011
0067
FF87
FF5D
FFC1
FFF7
002E
0039
003E
003A
FF88
FFA6
FF9E
003C
0051
FFCE
0027
0073
0089
FF45
FF8F
FFD0
0035
FFF8
002C
FF83
001B
008C
FF63
0087
006D
0096
0074
FFF8
005D
FFD8
FFDF
FFF4
0045
FFE1
FFE1
0065
FFFB
0070
0021
00BF
FF78
FFFA
FF7A
FF76
0057
009A
008D
FFFE
007B
FFDD
0053
0086
0007
FFB6
FFAE
0040
FF55
FF95
FFBA
0035
0003
001A
008F
FF70
FF8C
001B
FFCE
0034
0049
FFA6
0023
0019
0027
FFF5
FF6D
0067
FFC8
FFC6
FF85
0020
00B3
FF55
FFCC
FFCB
FFCA
FF90
FF85
0091
FF95
FF5C
00BD
FFE8
FFA7
003D
FFE0
FFBF
FFAC
FFB9
FF89
0017
0073
004A
FF99
FF57
FFA4
008E
FF42
FFDD
0027
0043
007A
005E
005F
0042
0012
FFDC
000E
00A2
FFBD
009B
010D
018A
016A
00A0
FF1C
FE99
FE8F
FF30
FFE6
FF8C
011C
FE48
FEEF
FF9D
FF10
FFD3
01BC
009B
013A
009F
00BC
FEBD
FFCA
FF68
009F
FEF3
009F
017F
FF4D
0036
FF58
0140
003A
015B
00E8
010C
018F
0182
FFB5
FF91
FF29
0151
00A9
FF3D
005B
00F9
FF50
00BF
00D0
00EF
FF5E
0156
00AF
0098
0116
FF47
002D
005E
007F
015D
0126
0150
FF87
00BE
FEE1
FF1C
0124
00EA
FF08
FF8A
00A4
FF1B
FF95
FF38
0024
0022
FEF2
0020
0125
FE9B
FF72
0128
FE88
FF74
FF2B
008F
FEFB
FEEE
0000
FFC7
FF21
FED9
016C
00D7
0058
0035
00D9
FEF6
01A9
0076
00BF
0162
0063
00BD
00E9
0151
0024
FEAF
00A4
0018
0062
FF9B
FF8B
015D
FF25
FE9A
00C2
FEAD
0135
FEEB
00D1
FEC0
0148
FF0A
FEF1
FFEE
0091
0055
0001
0027
006A
FFD2
0061
0000
001F
FFEB
FF66
FFE4
FFF1
FF6A
0057
007B
FFCF
FF7E
FFC6
003C
FFF4
FF8E
FFDA
FFF7
FFEB
FFED
FFD8
FF80
FFDD
FFEA
FF8C
002B
FFBD
FFB9
FFA8
000A
0023
000C
009C
0035
FF80
006F
FF6E
0023
0051
006D
005A
0096
0017
0097
0007
0062
FF9B
FFFC
FFAB
0070
FFAF
FFE9
009B
0074
FFCB
FFC5
FFF3
FF8D
FF87
FFC2
FFC3
0077
001A
0080
FF7F
0051
FFA2
008E
FF89
FFE3
FFA0
006A
FFBD
0030
0089
0002
FFBF
FFD7
FF5C
0057
0066
006F
0037
003D
FFCD
FFB0
FF69
FFA8
0032
0086
0082
008F
FFCF
005A
0031
FF92
FF60
FFD2
FFEB
FF76
0077
FF6E
FF87
FF9B
FFA7
0054
FFB4
FF59
0064
0035
002A
FFD8
0059
FFF3
FF8F
0039
FF4B
0016
FFB2
0076
0048
FFAC
007B
FFF9
FFBC
FF2F
FFCD
000A
FFAE
FFF2
FFD7
0071
005A
FFB9
FF4D
0069
0024
FFB8
0073
0020
FF2E
002E
FF2B
000F
FFDF
0091
FFFB
007C
FF9C
0027
FFE4
0002
0083
FFF3
003F
FFD3
FF65
0019
FF2C
FF9E
FF5E
FF6E
005C
001C
009A
FF55
FF76
FFC1
FF85
000B
00C6
0084
FF77
0061
00A1
0011
0023
FFBE
FF77
00BE
FFF5
0061
FFFC
FFCE
FF70
FF80
0020
FFA2
004C
FFDC
0030
FFA6
0065
FFC6
FFCA
0033
FFA8
00AB
002B
FF91
FFA1
FF58
FF9B
000D
0036
FF82
00FC
0060
FFE9
FFCB
008C
0024
FF7F
FFC7
FFCB
0075
FFE4
FF9D
FF80
FF75
0029
000A
006C
FF80
FFF9
000D
006C
FFDD
FFA1
FFBF
0063
0072
0014
FFF5
FF92
0038
00C6
FFF7
FFB1
0099
0013
0012
FFE7
FFD1
FFB6
FFCB
FFF8
001C
00BE
FFFE
FF87
0004
001C
00D0
0094
004E
FFD2
FF5A
FE72
FE91
FF57
FFF7
012E
FFB7
FF7C
FF81
FFE4
FEEF
0076
FFC9
009D
0137
FFD3
FF0A
FFBC
FF69
0030
FFBB
FFBE
0147
FF7F
0009
FFD1
0107
0035
00E8
0150
00FF
005B
011F
FFB2
FFAC
FF9F
003C
013D
FFBA
0076
012A
FF48
FF9F
0008
00D1
FF7E
0109
0125
0074
00A4
FFB5
0025
FF9E
00FE
012A
0140
009A
FEA4
009A
FEB0
FFB5
00D6
00C0
000E
FFD8
0141
FEED
FFC5
FF55
00A6
00ED
FF9A
00E9
0042
FF63
FF84
00E4
FF0B
FF5F
FF32
003E
FFCC
FF90
0088
FF86
FF36
FEE8
FFF5
0043
FFF1
0034
013F
FF4F
00E9
00F8
0051
0163
008E
0076
00BC
00D5
0097
FF62
0048
00AF
FF79
FF2B
FFF0
008F
FF06
FE9C
0126
FF04
00A3
FEDB
0093
FFC0
012E
FEF2
FEE1
0070
0041
0075
00D2
001D
0044
00AB
FFC4
0022
FF9A
FFF3
FF14
003E
00B4
FFA8
FF10
004B
FF8E
FF24
00AF
002E
00DB
0071
FFBF
FF34
0098
000A
007E
FFA0
FF98
0057
FEF9
001A
FF88
000E
FFEA
0043
0017
0013
0055
00EC
FF3E
FEFD
FEFE
0071
0019
0016
FFC1
00EC
FFBB
FFB4
0041
0085
FEFA
00D4
0033
0032
FFD6
FF62
FFFA
003E
0124
0104
0087
0076
FFC0
001D
FF89
FF1F
FFEF
0098
003E
FF59
001E
FFC9
0014
0018
00F1
0039
FF5A
00BC
004E
FFF7
FFE6
0026
FF95
FF65
FF87
0004
FF26
FFEF
0095
FFBE
FFE4
FF0D
008A
FFF5
FFD7
00FD
0112
FF75
0009
000F
00B2
00FC
0094
002D
005A
0068
0082
FEE8
0056
FFBF
FFC2
0018
FF32
00D2
FF7C
FF86
00C0
FEF8
0023
FFE3
FFEB
FF07
0011
FF03
FF34
FFC5
005B
FFAD
FFAE
0039
FFE2
FFE6
0016
FF98
0008
FFB8
FF93
0002
00BF
FFD8
FF9C
005A
004C
FFF8
FFFF
006B
0022
0046
008E
FFBB
FF9C
FFE9
0078
FFC2
0080
00B3
002A
FFAC
FF80
FFC9
FFE6
FFFE
FFC8
FFFB
FFA2
FFB3
FF93
FF55
0042
FFCD
00D8
000D
FFBF
FF78
FFB6
0055
FFE7
FFB5
FFD9
FFB4
FF92
FF9B
00A5
FF77
FF9F
009B
FFF8
FFE9
0022
FFAC
FF3C
0097
002B
0079
0031
007A
FF73
FFAD
0088
0036
FF8A
FF9D
001E
0051
FFE6
0018
0005
FF9E
FFDA
008D
FF26
FFB3
0064
FFE7
0057
FFF8
0039
003F
FF88
FFC1
0046
0075
005E
009B
0049
FF21
FFA8
0085
00BB
00D1
003D
009E
FFC0
00D0
0057
002F
00AE
FF94
0015
FFCF
0039
FFC4
0036
FFF0
0097
FFDE
FF8F
FFAD
00B8
FF28
0034
FFAE
FFE6
0000
FF83
FFC5
FFE9
FFB4
FF65
0051
FFAA
0018
004E
FFF1
0022
0029
0004
005B
0023
FFCD
000A
0027
FFD8
FFA0
002B
005A
FFB6
00A5
0072
FF8C
0064
0073
005B
FF75
00B2
0020
0030
FF74
FF57
0033
0001
FFE8
001D
0001
FFF9
00B1
00BD
0061
0093
FFEF
0072
001D
FFC3
FF9A
FF94
FFAD
FF90
0084
FF6E
002E
0063
0037
FFBD
0032
0012
FFBF
FFC3
FFDB
002A
0078
009F
0060
FF77
0051
008B
002A
FFB5
FFC6
005D
0090
004C
0081
FFF2
005B
FF3E
FFB4
007B
FF82
FFC5
0036
009F
FFFC
0022
FFA4
0017
0047
FF87
004E
0017
0016
0069
FF38
FF6D
006D
FF3A
FFED
FFB1
0043
FFB9
FF82
0094
0040
003D
FFC6
FFE3
006B
FF90
0068
0058
FF52
FFD4
FFA6
0063
006E
003E
0045
0080
FFD6
FFA6
0082
FFBC
0001
FFB6
0025
FFE3
FF45
FECC
FFC0
0050
FFF3
FFE4
0001
FFE2
003F
FF9F
0028
006F
00B6
001F
00D6
FF02
FFEE
FF0F
FFA0
005E
00E4
00A2
00BE
FF3A
0056
FFDB
FEF8
00F7
FF22
000B
FFCB
FF7A
FFB7
FF8C
FF51
FF63
FF1A
0066
003D
007C
FF1C
FF82
008F
0007
FF35
00AA
FFE2
FFF4
FF29
FFAE
FF27
FFF6
FF20
0015
FFA4
FFD4
001F
007B
FF83
FF1E
FF5C
0021
FFFE
FFED
0078
FFA6
FFBE
009B
00E8
FF74
0113
00E9
FFF1
FFE4
FF90
001B
FF81
FF53
0043
00AF
FF05
0016
003A
00F3
FF63
FFD0
FFB3
FFDB
FFB4
005E
0035
FFC0
0042
00AA
000D
FEF7
009F
FF86
FF68
006A
FFD2
0052
FF63
0067
FF6B
FFBF
00F9
FF49
FF6E
0021
004D
FFFB
0022
009D
006D
FFD1
00B2
0034
FFCF
FFBE
0083
FF81
00F1
00E1
0042
0030
0014
FFFE
0016
FFBB
FFCF
FFFE
0091
00A3
FF85
0027
0010
FFF0
FFAD
0083
0014
009A
FFD5
005D
FF9F
FF98
FFAD
0075
000D
000B
FFCB
FF8E
001A
FFC3
FF74
009A
0029
007C
FFF4
FFB0
007C
007E
FFD9
FFA8
FFE0
008A
001D
0071
FFBA
007A
0011
0005
0070
FFF1
FFED
FF7E
0071
FFC2
FF82
0069
FFA6
FF78
0038
FFEF
001F
FF6E
FFE7
FFCE
FF88
FFF9
FF95
0060
FFD1
FF90
0001
FFAC
0050
0028
008A
FFE8
001F
FF77
FFE3
FFDB
0057
FFCA
00A9
0016
FFD9
FFD5
FFFA
FFD4
000C
0018
0055
FFA6
0072
0087
003D
0061
0052
006B
FFE9
0029
0094
0085
0043
008E
FFA0
004E
FFF7
FFA6
FF76
FFCB
FF94
0022
FFB8
0073
002F
000A
FFBD
FF9A
FFA9
0072
0013
FFFC
0022
005E
FFD4
FF81
0011
FFCD
FFE7
0067
003E
0041
FFE7
002F
00B3
FFA9
0030
FF2E
FF7E
0059
0026
0083
FF50
FFBA
FFD5
FFD3
FF4F
00C8
00A5
FFF2
FF9F
FFCA
FFC0
FFF5
FF4C
00A9
FF74
FF96
FFA7
001F
0036
FF80
00CD
0042
FFFE
0094
0060
003C
00C1
0001
0011
FF96
00B3
007F
0008
002C
00AB
FF66
0019
007E
FFD5
FF98
0011
FFF2
FFBC
FFA1
0066
0030
FFF9
FFBA
00B7
0034
0059
FFD4
007F
005A
0036
006D
FFDB
FF64
FF41
FFFF
FF75
FF4D
FFD4
FFDC
0047
FFB7
0072
0092
FF4A
FF51
FFBA
FF73
FF6D
FF43
FFD3
0001
004F
008A
FFCC
FF7D
FFF4
FFEC
0098
001F
FFDB
0020
FFC3
002B
FFFD
FF6E
FFB7
FFD8
0005
0026
FFF4
FF97
FF85
000D
0095
FF9C
FFFB
0041
007C
FF8D
0019
FFC6
FF30
0041
FFD2
001B
002E
000C
FFAD
FFE8
00BF
FF99
00A5
FFB2
FFB7
FFF4
FF93
FFEB
FF87
0087
FF6F
FF61
FF9F
0066
FF69
FF77
FF67
FF8B
0081
FFE4
FFA4
0096
001F
FFE2
FF92
FFF0
FFC5
001B
FFD0
0089
FF8E
0005
FFAC
0090
FFE3
0007
00A1
FFAD
009E
006D
0014
002B
008D
007F
0078
0069
FFA0
FF6E
FF82
0060
008E
FF8E
0061
FF78
001C
0017
FFAF
FFF1
0074
003E
FF66
0006
0000
0023
FF9C
FFDE
0077
0065
FF64
FF8A
FFEB
001B
FFFD
003F
FFF4
003B
003A
FF95
FFCA
0058
FFB8
FFCE
0015
0018
0040
007A
008B
0023
FFBF
0069
FF90
000A
0009
0034
FFED
0022
FF9A
0077
FFE0
006D
FFA4
0060
FF9D
FFF3
FFF2
FFA8
FF96
0084
005C
0061
FFFB
00A5
FFDE
0068
FFE3
FFC9
0049
FF9B
FFCA
0092
006A
008D
0031
FFE3
0042
FF89
007D
001C
FFFA
0014
FF4A
0067
0034
FF77
FFC1
0031
FF91
007A
0036
FF7C
FF9C
FFB9
FFF4
FFDD
FF8E
FFC5
FFF4
0048
0056
FFFD
0005
FFA8
0066
FFD3
0071
FF84
0072
FF59
FFAF
008D
FF50
FFE9
FFE1
0089
FF7F
0093
0027
000A
002B
FFF4
FF7C
FFF0
FFF0
00B9
FFA3
008A
0020
008B
FF4F
FFC9
001D
0059
FFC9
003B
0012
0081
0062
FFB7
FFBD
000E
0023
FF8C
0039
FFE2
FFEC
0023
FFAF
FF7C
FF8E
0081
FFFB
FFBF
FFD4
0051
005B
FFFB
0021
FFF9
0034
FFD0
0049
FFE3
0061
FFB3
FF92
00A5
0036
0077
006F
FFB2
0007
FFEF
FF8B
004F
FFA2
0094
FF92
004E
FFE2
FF75
FF79
FFD7
0025
FFE5
001F
0067
0026
0083
0025
0003
FFA3
FFE4
FF9F
0018
0026
FF99
FF8E
FFCE
005F
FF63
0031
005C
004B
0065
FFCD
0035
FFCF
FFC0
FF51
0051
FF57
FFE1
FF9C
0003
FFF5
00D7
000E
002F
FFEA
FFEC
FFEE
00DC
FFDF
009B
00A0
0004
FF5A
FF34
FFF2
FFB1
009F
FF94
0000
FF43
0014
0002
FFA8
0015
FFD3
FF90
FFD8
FFA9
FF9C
FF30
FFB8
FF4A
FF29
004C
0021
0101
FF94
FF8D
FFF2
FF88
FF50
010E
FF7C
FF96
0017
00A2
FF96
FF36
FF2C
FF35
007E
FF56
FFF9
004A
FF52
0004
0012
002D
FF77
0063
0032
FFE7
001C
FFA2
0050
FF6E
0016
FFE1
FFDF
FF68
FFAE
004E
FF8B
002D
00CF
001C
FFBE
0062
0102
005D
FFA0
0041
0038
FFC5
FFF6
00E6
0070
003A
0066
FF71
FF9F
FF6C
00AE
FF75
FFA6
FFCF
0003
FFB5
FF4F
FF34
FF40
001D
0058
FF17
FF8C
FFA8
0028
00BC
FFF5
00FF
00BE
FF26
0098
FFA9
0050
005E
0001
FFB2
FFEB
0062
0068
FFD7
FFB2
0027
FFA6
0011
FF92
004C
FFED
0099
FFF4
0058
006D
FFA2
008A
005E
FF9C
FFA4
FFA4
0043
FFC6
FF79
0011
0057
0023
FFD5
FFA9
0005
0044
FFE9
FF84
001E
007B
003A
FF96
FFAC
FF99
0003
FFF0
003B
FF92
0075
004B
002E
FF91
FFE8
FF99
007E
FFF1
0007
FFA2
0061
FF5B
0000
FF98
FFAC
0031
0001
00BB
0076
006F
0016
FFCA
0021
0076
0083
0039
FFB6
001F
006E
FFB8
003A
005D
0094
0071
FF95
0043
0085
FFCD
FFD1
006E
FF9F
FF7D
FFA8
0076
FFA8
FFD8
0014
002B
004B
0061
0093
0026
0096
0002
0083
0049
006F
FFC4
0045
FF7F
003B
0063
0053
0017
0094
FFD8
FFF1
005C
0022
0081
00A6
0026
0048
FF4C
001F
FF81
001D
FF9A
FF83
FFB4
FFF5
005D
FF4B
FFCE
FFC9
FFAA
FFC3
004C
005E
FF5A
FF74
004B
000E
0040
FFA4
0088
0059
0061
0010
FFF4
FF5B
0014
FFA9
0098
007D
0024
001F
0088
FF68
FF5E
FFB5
0070
FFFB
0027
FF88
FF95
FF67
0031
003B
FF5B
FFF0
FF5E
FFFA
FF5A
0040
FF60
0043
0024
0087
FFB1
000D
007F
FFA0
FFCF
008B
FFDA
FF96
0048
FFCA
008F
000A
002C
0075
0074
FF75
FFF7
0054
0033
002D
FFB6
000D
FFE7
00BD
FFE2
FFDF
0005
0055
FF65
0005
0028
FF77
FFF2
FF9A
FFC3
FFB7
002C
FFEB
001D
003D
004D
FFD7
FFF9
0041
000E
FFC3
FF51
FFCE
FF83
FF6C
0032
0078
002B
FFB6
FF8B
002E
FF4D
FF87
FFBD
006C
0034
FF97
0068
0071
FF96
0001
0066
FFCF
FFCE
FF72
FF95
FFFC
003B
002F
FFDA
FFE9
0033
FFAA
0029
FF73
0018
FFAF
0048
FFAD
FFD9
FFF4
FF49
00B3
0072
FF62
FF14
FEE1
FF21
FFEC
FFF8
00B2
0090
00A9
0017
FED6
0145
00D8
0023
00AC
0099
FEDF
FFCD
FF5E
FFA2
FF5F
00D2
FFF5
0111
FF03
0105
FFED
FF43
00CB
FF46
FFF3
FF83
FF7C
FFA6
FED1
FF83
FFDF
FEB7
0057
006A
0131
FF35
FF23
0056
0044
FF46
00B7
0013
FF83
FF6C
00F7
FF01
0005
FF20
FF73
FFE0
FFF9
FF1C
FF9B
FF09
FF43
FFC3
00A8
FF1E
00B1
FFF7
FFD8
FFA3
00DF
001A
FF84
FFFA
0011
FFF6
FFC2
FF25
00B5
FFB3
FFB2
008D
FFF2
FEC5
011F
0084
0020
FFBE
00DA
006B
FF3D
FFBF
0143
0127
FF21
FFAF
0036
FF5B
FEDA
009E
FF8D
FFC4
FF23
FFC3
0003
FF89
0001
FEF3
FF7D
014E
FFCA
0040
FF72
0034
0114
FEFA
0096
0155
FEC8
005C
FFBA
00AF
FEE8
00A4
FF3C
0106
002D
0037
FFA2
0063
0071
0039
0096
009D
FF93
FF72
FF62
0030
FFF1
FF88
00AE
FFCB
0003
005F
0066
FF5E
FFD7
FFD2
0097
0064
0059
FFB7
FF8F
FF4E
000C
004D
FFEF
007C
000C
FFA5
005C
0095
FFA7
00AF
002F
FFE6
0026
0038
0005
0067
FF52
009D
005F
002C
003B
00C7
0008
0064
0029
006B
006C
FF92
000B
008F
0062
0060
0054
0085
FFCC
0084
FFCF
FFCC
005B
0080
0018
002E
005C
FFBE
001E
FF40
002D
FFE6
0051
0053
FFEB
0066
FFE9
0020
0076
FFD7
0047
0037
0000
FFDD
FFE0
FFAF
FF52
FFA7
0020
FFDA
FFE7
0019
000F
0089
FF7E
000A
FFB8
006B
0096
0054
FFFF
FFF0
00BC
FFBE
FFDF
FFF9
FF99
FF79
FFF1
0025
FFFE
FF2C
0054
0089
FF83
FF59
008F
FF67
FFFB
FF6A
FF80
0059
FFBC
0063
FFDA
0033
FFA7
FF49
FFF1
FFE3
FF7D
FF9A
0055
0054
FFD6
FF8B
00B2
FF83
FF83
0095
FFB4
FFD8
FFC3
FFD6
FFB9
FF84
FF85
FFE9
FF92
0036
FF91
002B
0001
0056
FFEC
FFCD
00A2
FF3D
0025
0060
FFAE
000C
0028
003D
FFE3
002C
FF6B
FFBC
FFBF
006C
0024
0042
FFB0
0005
0088
FFBA
0028
FFBF
FFE8
FFF2
FFAD
FF85
0026
0020
003D
0067
FF6F
FF69
0010
001C
FFA3
0049
00AB
003A
FFA1
0054
FFB7
FFAB
003C
FF9C
000C
0081
0066
0008
007E
006F
FF84
007D
FFC9
FFC8
FFE7
007A
00AE
FFBD
FFD4
0004
FF64
002E
FFD4
FFFB
FFB9
0085
FFF6
FFC5
FF4F
0043
FFF8
FFC4
FF7C
0058
FF43
0032
0059
FFE7
002C
0085
0026
FF97
0089
0015
0071
FFC3
FFCF
FF7A
FFB1
0033
FFAF
0064
FFAC
002F
002D
0032
0016
FF50
0040
FFA8
FEF2
FF73
FF1F
FF42
0064
FFF2
0051
00D8
0043
0045
FF49
0076
012B
FFD1
0035
0049
FF31
FF8C
FF01
FFCC
FF68
00D4
0038
FFEA
0009
00B6
FFE8
FF30
003A
FF76
FFDD
FF69
FEE2
FF93
FFD9
FF0C
FEFA
FFFC
00F0
00EA
006B
0028
FFCC
0006
FF91
FFB6
0058
FF9B
FF43
FFED
005B
FF73
FF1F
FF87
000A
00C7
FF3E
0047
0055
FEE1
FF68
FF3B
00CD
FF5B
00F7
0051
FF40
FF0D
FFF6
0120
FFDC
00F6
00AD
00A1
FFEC
FF42
0038
FF6C
FF1F
00C1
FFAA
FFF3
00A9
009E
0127
FF01
000D
00CE
FF4D
00F5
00BB
00D9
FF04
FFDD
FFA2
FFE1
FEDA
00C2
FFBB
FF65
FF94
FF82
FF21
FF53
0032
FF93
FFF6
0046
FF60
FFE4
FF8B
00FB
00A7
FFE5
0125
012F
FFE2
00B4
FFEE
0058
FF8B
00C9
FFBD
00EC
0043
0005
005E
0030
FF8A
FFB3
0031
004E
FF8D
0003
FFE8
FF6C
FFD0
FFB1
0048
0033
002E
0014
FFAD
007D
0079
0042
009C
FFEA
FFCB
FFF5
00A2
FFC1
001C
0075
0077
001E
001B
000D
FF9C
FF81
0079
FFCC
0021
0065
007A
FFAD
FFD6
FFEB
FFC2
FFBC
0007
000C
003D
FFCC
0067
006D
FF72
0052
001E
FFC1
0030
FFBB
FFAB
FFE1
FF84
0059
FFBE
0062
FFE2
0052
FFEF
FF8E
FFCE
0005
FFFC
FFFF
FF82
002F
0069
0020
0024
FFDA
FFB8
FF61
004A
FFB9
FF71
0080
FFC8
004D
FF69
FF7E
001F
FFE8
FF6B
FF83
005E
0099
0012
FFFA
FF99
FF7D
0097
FF87
FFAC
0029
FFB5
008F
0042
002C
0078
007A
FFF8
FFB3
0009
0024
001D
FFC1
003C
FFAD
002A
FF85
0053
FF8E
0065
FF92
002F
FFD0
0027
0076
0023
FF85
FF83
0048
FFDE
0066
FF87
0037
FF99
0030
0058
0002
FFDB
FF9C
FFAD
FF85
00A2
FF8B
FFCC
FFE0
0030
FFB6
002D
0015
FF9C
0011
FFAE
007A
003D
FF78
0030
FFB0
0003
0028
FFBB
FFD3
001A
FFE6
FF8D
0030
FFAE
0034
00A1
006A
FF8C
FF8E
FFB4
FFD1
007A
FFF0
0047
FFD4
003A
0050
0069
0027
FF5C
FF93
0033
FFEF
FFE8
0027
FF8D
FFE3
FFA5
FFA2
FFAC
009D
FFFA
0003
0038
FFC3
FFA1
0071
0063
FFA1
0006
0000
0064
0040
0086
0077
0066
00A7
0069
FFF8
FF66
000E
FFC2
FFAA
FFD9
009C
FF6D
0002
00A9
FFB8
FFBB
FF7E
FFD5
004A
0033
FFC9
006D
FFCE
002C
0064
0056
FFD3
00B5
005A
0080
FFF4
FFE6
FFFE
006B
FF8F
FF8B
0009
006B
FFB7
FF90
0000
00AC
002C
00B5
FFDB
0011
FFA2
00C3
0071
FFDE
FFE0
0036
FFB6
0030
FFB9
FFB9
FFAA
004E
FFC7
0047
0052
FFBD
FF69
0095
0019
0028
0039
0020
0049
FF87
008C
0040
0039
FFE0
007D
004E
0004
0078
FFB4
FFC4
0048
0072
004A
0008
FFD4
006D
FF86
FFC2
FF77
006A
FFD3
FFC5
FF86
007D
FFCA
0060
000A
002B
0094
0054
FF87
0058
001B
0051
FF84
003D
0062
FF7E
FFB5
FFF0
0063
006D
FFAB
FFB6
0071
FFA6
FFA8
0052
FF46
FFC5
0049
FF61
0019
FF9D
FF98
0010
FFFA
007A
008D
FFBC
00AC
005C
FF53
0020
00A4
000B
0073
0066
0004
FF8C
001D
001C
FFE7
0038
FF99
0025
0065
FF84
FFE8
FFB1
FF88
00A4
005B
FFBA
0091
FFBD
002B
FFFF
FFD0
009A
FF92
FFB2
002E
0040
FFF0
0023
FFF7
0064
007C
FFDF
FF65
FF7F
FFFD
0023
FFE6
0006
FFC4
005E
FFAA
FFD5
0082
00B9
00FB
0056
FFE8
FF9B
FFAE
FF56
000F
FF86
FFB5
000A
FFE3
FF14
0034
003C
FFD5
00D8
00A2
00C5
00D5
0052
004F
FFEE
FF66
004A
FF49
0012
0011
FFF9
0047
FF52
0077
0077
0034
0098
0024
004C
FFBF
001D
FFA7
FF3E
004E
FFFB
FFBA
007A
00EE
FEF8
FFBE
005D
FFC1
003F
0042
0031
FFE2
00CF
0004
0010
0026
FF98
00CD
00E5
00AA
FF89
00AC
FFC5
FF83
FFB4
00A7
FF2A
FEFC
FFA9
FFB1
FFCA
FFCD
00B3
0047
FFA7
0098
009F
FFBB
FFA7
003F
FFA9
003C
FF96
0020
0051
0062
00A7
004E
FF7A
FFE5
000B
004E
FF90
0047
0092
FFB6
0110
00AC
FFD6
0084
0062
0077
003E
FFDA
FFB7
FF04
003D
FFC3
0092
0017
004D
0003
FF17
FF66
00CE
0044
002D
FFB6
002E
0012
00F5
FFD1
FF59
FFD9
0084
FF94
003E
FF5F
FF6B
0017
009C
0064
0089
0043
00A7
0084
0052
00C3
00C7
FFEB
001F
0036
FFC9
FF5D
FFBE
003B
FFD2
008B
FFA4
003D
0011
00CC
FF34
FF8D
FFC8
0042
006D
FF41
001C
FFD9
0055
FF3A
FF42
FF92
FFBD
003E
00D2
FFDA
004D
FFB8
0022
FFCA
007E
FF2B
0009
FFBC
0085
0001
FF2E
FF67
FFE9
FF7D
FFB9
FF78
FFA2
FF7F
FF4A
004B
FFE3
FFB0
00CD
008D
FFFF
FFBE
0086
008C
002B
0086
009E
FFCE
FF44
FF69
0008
FFEC
FFC5
FFF8
001E
FFF2
0070
FF9B
00B9
FF9F
0061
FFEB
FFB0
FF92
007A
00C4
0029
FFAB
FFE2
FF7A
0024
0039
FF32
FF53
005E
FF6C
FFB1
000B
0065
FF4A
FFA0
00D2
0026
0098
008B
00D2
0098
FFA4
FFC6
0015
002A
FFDB
FF69
001E
FFC9
FFDD
FF56
0037
0056
FFB7
006D
0038
0048
0001
FFAD
0006
0062
0039
FFC2
FFC4
FF72
FFFE
0067
FFA6
FFF5
FF6E
0005
0020
FFF9
FFE0
FFD9
002E
002E
FFFA
FF60
0081
0014
FF57
008B
FF8A
003B
FFB4
0079
FFF2
009D
FFE5
FFAB
FFEA
0027
FFA7
FF7A
008C
0048
003A
FFEF
FF41
0015
0098
FFD7
0042
0072
FFA4
FFED
0060
FFC0
FFC5
FF84
0033
0065
0063
0016
0098
0038
00A9
FFA8
FFE9
003E
FF68
004B
00BD
007A
FFCE
0077
FF94
FFBD
FFFA
0058
FF87
004B
00A7
0037
FFD7
FF78
FFA7
FFF6
FFBC
0064
0033
FFB5
009D
0014
FFF9
FF8C
0072
FFE6
FFA8
FFEF
0008
0077
006F
0072
FFB0
FFDD
000D
FF9F
FFB1
002F
0036
007C
FF82
FF83
FF6A
0079
FFF9
00B0
FFD9
FF48
0070
00A2
0012
FFB1
0043
0044
003D
0071
FFCD
FF9C
FF94
FF9D
FFE8
FFC2
0053
FFD0
FFDA
FFAB
0078
FFA1
FFC6
FFF2
FFA9
0071
00A0
009B
008C
0097
0058
FFEB
FF9B
FF92
0007
FFD1
0043
004C
007E
004A
FF9F
0039
FFD4
FFED
FF40
0061
FFE5
FFD8
FF67
FF94
FF95
FF59
FFFA
0036
009C
FFF5
FF8D
006B
0059
000E
FF58
0085
FF74
FFA5
0047
FF9B
FFF3
FFCD
002E
004A
0054
FF8D
00B3
00B0
0058
FFF7
FFCB
0096
0083
0027
0045
FFB9
002E
0022
0070
008A
FFC7
FF7B
004F
007A
0081
0079
FF50
FF85
FFEE
FF79
FFFF
FF7F
FFE9
FFEB
FF8F
FFFF
FFA9
FFB8
003F
FF9F
FFF5
FFC9
FFBB
FFDF
0035
FFFE
0015
FFEB
FFC9
006D
FF7E
FF87
FF6E
0052
FFB9
FFE1
000B
0002
0029
000D
003B
FF72
0032
FFAF
FFB5
FF4C
0040
FFEB
0061
00B4
FFFA
006E
FFCB
FFEE
FFA2
FFBC
0064
FFE7
FFC8
FF61
FF86
FFC5
0071
0022
FF4B
FFA8
FF86
0000
FFD7
FFB7
FFC4
0052
005C
0095
FF75
FF92
0036
0047
FF8C
FFD6
FF67
FF77
FF5C
004A
FF91
007F
FF95
006F
004D
FF98
00B1
0045
007A
007B
0012
0090
FFB6
001D
FFB8
FFE1
FFDE
001F
FFC2
FFC4
007C
FF8A
FFE6
004A
007D
0035
0015
FF90
FFF9
FF6A
FF78
FFFD
0067
FFF7
FF98
005D
FFBE
001C
007E
FF8E
FF72
FFD0
FFE9
004E
004C
FFC0
FF9D
0060
FF9D
0023
0096
FF86
FFB7
FF86
FF9B
FFFC
0061
FF54
0060
FF99
0055
0019
FFEB
FFB3
FFAF
FFE7
006A
0008
00B0
007C
FFE4
0095
004B
FF85
FFF9
FF8C
009B
007A
0022
008E
005A
003E
FF91
003D
006F
003B
0024
0064
FF9C
FFC0
FF94
FFEA
002C
FFAD
0086
FFCA
FF96
0061
FF76
00BB
005A
FF32
FF01
FF09
FFFB
002B
0094
0061
0126
0107
FFF3
FF81
016E
00AA
00E3
005C
007D
FED9
FF80
FEB9
FFC7
0007
00AC
FF7F
0122
FF21
00D9
FFFD
FF60
00F9
FF19
0033
FFC5
FEFC
FECB
FEE8
FF09
FF92
FE7E
00AB
010F
0048
FFBA
FF73
0018
FF84
FF37
015B
0045
FF2A
FF37
00D1
FFAD
FF15
FF38
FFD0
003F
FF2F
0014
FE90
FEED
FF89
FF9E
00F6
FED3
006D
0137
FF00
FFB1
0059
0051
FFB3
00B1
FFEA
00FB
FF01
FED5
00E9
FF18
FEC9
00FF
00B6
FF08
0080
0073
00B7
FF6A
0068
0024
FFC5
0036
0143
00BB
FF7D
0005
003B
FF6B
FEB6
015A
FEFF
FFA2
FED4
FF0C
FF08
FECC
FF4C
FECF
0063
012C
FEB2
FF6D
0069
00A7
011D
FF32
0103
00D0
FFCE
009A
FF0B
0107
FF4B
00BA
FF9C
006B
00A6
0067
002B
FFC6
0037
00A0
FFB5
002F
003A
FF90
FF81
FF62
005D
0065
FFB8
0075
FFB2
0020
FF4D
0028
FF68
FFC1
0040
005C
0030
FFCC
006A
000A
001F
FF84
FFA8
007F
0005
0098
0050
009E
FF7A
00B5
FF6C
0061
005B
00BB
0044
FF69
FF75
001A
00AE
FF8C
FF7F
FFF9
0096
FFCD
FF68
FFEC
FFB6
FFF8
00A1
002D
FF6C
FF97
003E
0021
FFE4
FF6F
0094
FF77
FFE7
FFC7
0041
004B
0048
FFA5
0059
FFE8
006D
0092
FF97
FF67
FFB9
FFCB
0058
0052
FFA6
0014
FF6D
0010
FF33
FFDF
FFF4
0026
FFBC
0098
006B
0026
0033
000F
0082
0041
002E
FF85
0047
0040
0045
FF59
0098
0039
FF90
FF6A
FFFE
FFF0
004F
FFF0
FF88
005D
FFBA
0054
FFEA
005F
FF8C
006E
005A
0039
008F
FFEF
0041
0036
FFB2
008A
005C
FFD3
FF62
FF97
0095
FFE2
FFDD
0003
FFC0
FF9B
0036
FF51
FF77
FFD0
004D
0060
FFF3
FFBC
FFF5
FF9F
FF92
009C
FFF1
FFD5
0044
FFED
0051
FFA8
FF94
006B
0026
FFF9
FFC5
FFE9
0005
00A8
FFF1
FF8F
FFBB
002F
FFB6
FFBB
0034
FFE1
FF89
00AB
0011
006A
0051
FFEF
FFEC
007A
0018
FFD8
FFD5
FFD2
FFC5
005D
FFEB
FFA1
0014
FF9B
FFBE
0096
0015
FFB4
FF55
FFC0
FFFC
0085
003D
000A
FFF6
005F
000E
0048
FFF5
0091
0049
0009
0013
0015
FFEB
0067
FFBA
0003
FF70
006F
FFB2
0002
FFD4
001A
FFE7
0090
FFCB
FF8A
FFC8
0050
0092
FFA6
008E
FF90
0007
FF82
0063
FFA6
FFD1
FFAE
003B
0018
FFC2
0061
FFD1
000F
FF9A
FFDD
FFA5
007D
FFFE
0052
0085
003F
0005
005E
00BF
003D
0091
FF9D
FFCF
0067
FFDD
FF90
00B9
0090
00E8
00A4
007A
001A
002A
002A
FF86
FF63
0005
0020
FFFE
FFAC
FFCD
FF46
FFBE
007A
008D
002F
FF90
FF6B
FFDA
FF7E
FFEE
FF4E
FFEC
0031
0004
008C
FF2F
00C5
0023
005A
0080
00B2
000D
FFF2
0067
FF68
FFBA
FFFE
FF9A
FF4C
0037
003B
FF68
FFF2
004D
0012
FF99
0075
FF98
FFE9
0088
009F
FF8B
006C
FF5C
006B
0053
FF9A
FF53
0096
FFA8
FFF0
0060
0071
0056
FF78
FFFA
FF54
0022
FFA3
0094
0097
006B
006E
00AB
FFBC
FF9C
FFF5
FF73
FFC0
FF6D
008C
0014
FF60
0046
FF99
0034
FF42
FFB6
FFC2
00A3
00BB
00C7
000C
FFBD
FFB8
002F
008B
FFC6
0071
FF8A
0059
0086
000E
008E
FF96
0066
FFFC
FFBC
FFEA
FF9C
000F
000C
FF6C
0085
001C
002E
006B
0003
FFAF
0016
FFF4
000B
FFEA
FFE5
FFF0
FFD5
FFFA
000F
0018
0014
FFF0
0011
0004
FFE7
001B
0016
0011
FFEE
000A
FFF6
FFF9
FFEA
FFF0
FFF9
000F
000C
000F
FFE3
0011
FFED
FFEA
001B
FFFF
001E
FFE8
FFE5
FFEF
FFE7
FFF8
FFF2
000A
0015
0008
0012
0000
000C
000B
0004
FFF6
001A
FFDA
FFEF
FFF4
FFF1
FFFB
FFE8
FFE7
FFFA
0009
FFF7
FFFB
0013
FFEB
FFED
FFEC
001B
FFEE
000C
000B
FFE3
FFE4
000C
001A
FFF5
001D
0014
0014
FFF3
0013
0012
FFED
FFF0
000E
FFEC
FFFA
FFF5
0005
0011
FFE5
001B
0007
0009
000D
001D
0010
FFEC
FFEB
0003
FFF7
FFEB
000A
FFE7
FFE8
0015
FFFF
FFEE
FFF9
000C
FFE5
0007
0009
FFF8
FFE4
0005
0016
FFE9
FFED
000D
0011
0003
0017
FFE3
0008
FFD2
0013
FFEE
0008
0015
010A
FF35
FEBC
FE1D
FE68
FE7D
FFD7
FE67
018B
FF49
013B
0205
FEB8
FF9E
0138
FF8D
FE86
01C2
020D
00EA
005A
0137
FDAB
FE21
FDD0
FE34
005A
FE2F
FFDA
0115
FDBF
FF6D
FF25
0052
028D
FD72
00F6
FF73
FF23
FE58
FFBE
FF9A
0238
FF66
FE9F
FDD7
00C3
FDCB
FF6F
FF29
FE99
0040
010D
FEAF
004B
00D5
0078
FF66
FF75
001F
0083
0065
FE05
01B3
FF03
0189
FF6E
0107
0151
016B
FE81
FEC2
01EC
020E
0197
FF6E
FDC7
FFE3
0180
00B2
01E7
012A
0118
01DF
01D1
01A5
FE75
00A6
FFF8
FF97
0168
FF34
0158
0156
00D1
FE8B
0223
FFE9
0176
FE2F
FF2A
01A5
01CF
FFD0
FF9A
FE69
FF5F
0157
0006
FEC8
0214
FF62
0100
FF12
FEB4
FFE1
FEB3
FE4B
FDF3
0259
FFC0
01ED
014E
FF19
FEA0
FEEA
FEEE
009E
FF22
FE72
FDDA
00DB
FE42
FDBE
FEE7
FFFD
00AE
FEC7
018C
01E8
FF7F
FD5F
023F
01D6
FE83
FF54
FECF
016B
0130
FE92
FF90
01BA
005B
FF77
0114
0121
FEB1
007C
FF1C
00B3
FDE1
FEA1
FE9E
01CC
FE8E
FE60
FF6C
FDA1
011D
FE90
00B9
FFA5
FF61
FDF8
FD89
FFC1
FE53
01E8
00B9
01F9
00D6
017C
0211
FFA0
FD92
FEEF
FF91
01BC
0207
FE91
FE7F
FFDD
FE46
FF39
0045
FE25
FF6C
FFAF
FE62
FD82
0270
FF37
0243
FD8F
FE28
00C5
0112
FE98
FFA1
FE30
0061
FE10
013D
FDE0
018E
FFAB
FDE5
015D
FDE2
0027
FFD0
013D
FFB6
FD9A
01A8
FF75
01E8
024D
FE9C
02A4
FE3B
FF73
006A
0191
FE9A
FFDE
0154
FFE6
024E
0083
0016
014C
01D9
FFB4
FEBA
FEFF
FEF6
FF0D
0137
FD79
0189
0189
FDFC
0009
0078
015C
0059
FF9C
0263
FE33
FDC9
0166
FE27
FF7B
006C
FFCF
FDEB
FF2C
0266
FFD5
001D
0215
FED6
FFA1
FD74
FE99
0158
0281
0137
012D
FF66
FEB9
FF36
FEC2
0172
FF90
01E7
FE31
FDE9
00B2
011C
FEFE
FF13
025C
030D
005C
026D
0052
0098
01AC
FF8E
FE7F
002E
FEE4
FDA9
FEA9
FF38
FE3F
026C
FE95
FD11
FF8B
FFFC
FDEE
FF5C
FF47
FF46
02C6
FEBE
0003
0177
FDDB
FEF6
004E
0124
0164
FE0D
FE25
FF71
0055
0213
FFF0
FDC9
FDA8
FFCC
FF89
00B0
0227
FDE1
00B8
FE08
FF4D
01D1
FEA4
FEE2
0179
FE5B
FE3A
0072
0124
FE7C
FF96
00DF
FEA9
FF31
0101
026E
FFC1
0031
FECF
FF16
00A9
FF9E
014F
019E
FD5E
0192
FFEA
0121
FF8C
FF54
FEF5
FDE3
0008
01A2
FE51
FFD2
FE37
FE4F
FF55
FE33
02D6
01DE
FE33
0148
FD58
0084
FF93
FFAD
FE1C
FE4E
0036
01D7
01B0
FF16
FCE3
FEA2
FE8A
FF89
00E3
013E
011C
01D0
FDF0
FEC4
FF48
0124
FE8C
00E2
FF03
FE22
00EA
01BD
FECF
0202
FE80
0169
005D
00AF
FF89
FFF9
FF36
011D
01D2
FF9A
0007
011A
FE41
FF91
0212
FDEB
FDD7
01F6
0265
FE1B
FF65
0209
00EE
FFB9
FFC9
009C
FE87
001F
011C
0176
FFB3
0158
01B5
FE63
022A
01D3
018B
FED3
FF7E
FE48
FE2C
0260
FDA9
FDB8
FEB2
010C
0089
00A0
0043
011E
01B4
0009
00D0
007D
FE80
00D8
0167
009F
01C6
00F5
FF72
FF77
0050
01E9
FF47
00F5
FF1F
0144
FEAD
0199
FF56
0180
0157
FFF9
0251
0207
FFE7
FFB3
FEE0
016B
FE3A
FDCF
002A
FDAE
FE50
00A2
0032
016A
FE16
FFA8
0259
FEB7
00F2
FF4A
FF0A
FDB5
FE96
FF27
FDD7
0180
FF11
FF7D
01EE
FDC7
0050
0007
00F8
00A2
0235
FED4
FE6B
FE61
00C2
FEB9
00E8
FE52
0157
FECF
FFB5
001D
0023
FFBD
0150
FEE1
FE5B
029A
00A8
0043
023A
FDC5
023E
00FF
0025
FE60
FE2D
0227
0219
0200
0070
01DC
FF91
FE97
0186
FE01
FFDE
00AD
FEC9
FFE3
FE47
FDE9
0210
024F
FFDD
FDA0
FE2E
FD97
0233
00AB
FE46
0245
019E
FF22
020C
FEA7
00EE
00AB
FF52
0064
0268
FFCB
013C
FD68
030B
FDEA
019D
0284
0187
0273
FF66
0180
FF19
FE96
FE80
0029
01CE
0171
022B
FD66
FE4D
0207
0080
0189
00F2
0118
FE87
0095
FF6A
FD0E
FF8C
FEC4
FD8E
FF63
FF7C
0044
00B5
00D6
0060
FE2F
01F3
FFFC
FDE3
FD72
FF03
FE16
02F9
FE8D
FE84
FFCA
01E3
FE8B
011C
0245
FCF3
01B1
0085
0013
FFD7
FD89
005A
FF66
0167
0109
FF66
FDBB
0113
FD9C
0230
0003
FF1B
014E
0143
FDDE
FE51
FE31
FEB6
00F3
FE17
0034
01F8
FDB7
FF68
00E7
0051
FECD
023E
018C
0133
01F8
0088
00F2
007D
FF56
FE60
017B
FE52
0003
FF0D
0006
0265
01EF
0196
00E5
0097
01D3
0152
011E
FF88
00DF
FEE0
FE4F
028E
FD92
FF3A
FF60
FDE5
0152
FE3D
FDB8
01B6
00FD
0192
0106
0109
FF53
0083
015C
017C
FF1F
0005
FDB6
01FB
FE71
FEA0
FF21
012B
FE7C
018F
0171
00B3
00EF
FDA7
00AA
FFBB
FF99
FF92
FDAF
009A
016C
FE75
0041
00B6
00DB
FF52
0154
FF93
FDB6
FF35
FFEA
01DD
0215
FDFF
FE31
0098
FF27
00B1
FEE1
FF33
00CE
FEBE
FD8B
FE55
01EC
FE09
FED9
0095
00BD
00B4
00E5
0279
FDDE
0139
0226
FE42
FFE3
FE1A
FFCA
0035
0128
01C6
FF9F
0188
01F5
FDC7
0062
007B
007F
0008
002C
006B
0158
FF56
FEC3
00CC
FEF3
FFF3
0036
FE8F
00EE
022A
FEBE
0283
0157
FEA7
021F
FE7F
FF81
0178
FDEF
00DB
0059
FDC3
0175
0284
FEAC
FED0
FE44
00F5
01CC
FECB
FF51
FF2F
0011
FEA1
013C
FECE
002A
FE88
002C
0114
006F
0208
FF58
00C7
0179
00A7
FDD7
FE9E
008B
015B
FE86
FF9A
0029
FF8E
FDF7
002E
FE6F
0188
00CB
FF06
FFA4
FE71
010F
00F5
00E2
00DE
004B
004A
0073
009B
FF71
FF47
FE70
FD8C
00D2
FEB8
007E
FEED
01CE
FEE7
0090
FFE5
00C1
FE9A
023E
013D
FF7A
FDB9
0161
FD96
01FB
FECB
FFC5
FF80
FF54
FFA7
FF66
01D4
00F0
0093
0255
0056
FF95
0064
0168
0105
018F
FE11
FF6E
FFBC
00AB
008D
FDDB
018D
FE05
FFA9
FEE7
0074
022C
0246
FD7F
0186
FDEA
01E9
FE29
01DB
022B
00A5
006C
00F5
01F4
FFE6
FE0E
013C
010F
0170
0155
0203
FDBD
003D
0080
FE3B
FFF3
0035
0026
FFA5
FE87
0026
FE18
0051
0098
FEBC
FFB4
FFDA
FE7B
008C
FF24
02A5
00BA
FEE3
FFB0
FF04
FE4F
FDC2
FD87
0277
011C
FEA6
FFC5
01F1
0007
FDC4
00EE
FDA5
01F6
01FA
FEDE
011C
FD42
0254
FDF2
FFDF
024E
0063
FF74
FEE2
0122
02EE
004B
0002
00E3
FD85
009D
FE42
00A9
012C
0255
FD59
00EC
0067
0075
01A2
FF41
0046
FEF2
FF52
FDEA
0106
FE7A
FDBD
0182
01D5
FD64
019C
0098
0126
FE96
0256
004A
0137
FDA5
02D9
FF77
01D4
0280
FF70
FEF5
00E6
FD11
FF29
0219
0032
0039
0217
0036
0005
FFF5
FFFA
00E1
00D5
0016
FED5
FFD9
FF3D
0103
025A
0029
0143
017D
016D
012A
FECC
FDFE
0261
01D2
FF53
FE78
FE94
FFEF
FFBC
00C1
FF8F
FDC0
005A
FFAF
006B
FEDC
FDF1
026B
FF11
0245
FF43
FF32
025E
FDE1
FFB8
0173
008D
0114
0104
00A0
FDB9
FE19
025B
018F
FF6A
FF47
0047
FFF9
FF79
0129
FD9C
FDD2
020E
0036
FDCB
0123
0274
FE90
008E
0250
FD80
0084
FE86
FEDF
0175
FE77
01D1
FE98
0023
0029
0128
FEA6
FDFF
FDC9
023A
0065
000F
FF84
FD9B
01B7
01FC
FDB0
00AB
FF8C
FDFF
FE90
0106
FED9
FE6E
FFA5
00BB
002F
FE31
FF3C
008A
016D
014D
FECE
012B
0182
FE39
FFA9
000C
FFB5
FFAB
FFBF
01A4
0104
00EE
FD92
FFD1
00B8
0154
024F
0108
01DC
00D6
FEA3
FF2B
024B
0241
0230
FE0E
FF85
01A7
FFDE
0024
011A
00A6
FE69
FF62
0224
FE56
01EC
005B
006A
FF25
FF0D
FF55
00A9
FF5C
005A
FDB3
01C6
FEA1
FEE1
0135
FDA0
FF7A
FEE2
FFE1
0034
01A4
FF9E
002C
022E
0138
FEB1
FE82
005C
FE0C
005C
00E3
FF0A
01CA
FE45
FED4
FFE8
FEC3
FF37
FEE6
01A1
FF7E
FDED
00AF
FF40
FF88
FFE3
FF08
00C4
0293
02F0
FF13
013A
FF82
FE62
01E7
FF84
0047
FFB2
00CC
02B1
FE8E
01BE
FFE5
FFA6
FF2D
00F4
FF62
FF51
00EB
0171
FE84
0274
FD99
007E
FF43
FDBB
FFF7
FEC3
FEDB
0245
01CC
FEAF
00EB
FDC2
FE76
017B
0015
017B
FDFE
FF6C
0077
FEA3
0174
00C0
FFC8
02DA
000E
0343
0251
004B
008E
FD1B
FF42
FEAD
0000
00B0
00CE
01AC
01A2
013D
0145
02CD
01A1
FFEC
006A
00A9
0168
FEEE
0063
FE83
034E
0216
FEE6
02C6
FE84
FE4B
0093
0181
00AE
FF32
FE54
FF51
FE6F
FFB1
01F6
00C9
FDDC
00B2
FF7F
013A
FF5F
0160
00BA
00D8
020F
FE93
FE3B
FDDC
013D
01A3
019C
021A
0059
01A3
FF53
026A
01C4
FFDF
016B
FECF
FE89
FE50
FE24
FF3B
0094
FDDD
0237
01F4
003F
0002
FE47
FED8
FF71
00D0
0195
FFAC
000E
FE28
FE2E
01AA
FFE9
00CB
008C
018C
0068
001B
0166
01A5
FCC2
FF5A
FD6F
FF16
00D4
01E5
FF70
FF16
0177
00E7
FE47
FE60
FEE4
FD69
00FE
0096
0236
FE8A
0155
FEE9
00A1
024D
FF6D
FFDA
01B1
FF45
00D6
FE28
FDCF
FD5E
FD6B
0226
0209
FF02
00C1
00F8
0160
02AB
0237
FDF8
FF06
FF9A
FF5F
01CA
FDC0
0094
FEFF
FD8D
00C1
00FD
0115
001B
FD17
0069
FFE1
01BF
FDA9
FEAF
029C
FF46
0078
FFB1
FF36
01CB
016B
FFCD
012D
01AE
FFF9
00CE
FE2B
FF56
0080
00B6
0180
0063
FE70
FFFF
02B4
FFF1
FE09
FE6C
FDE6
FDCB
02A8
FF7E
FE8E
0182
0009
0211
FF7C
FD57
0122
FE8A
01D1
00D0
015E
0067
FFB6
0205
017C
025F
FDC8
01B4
FECF
FF4A
FFB2
FFFC
01C7
FF52
0075
001E
024E
FE0F
FF4F
0243
FE62
FFF1
FFCE
00D5
0128
023A
FEC7
FEE3
000D
0150
FFD6
FEF2
0193
0261
FEF1
FE63
01E8
0108
018B
0006
00F1
0162
00FF
0094
FFC3
01BD
FFF8
0214
FE98
FECF
FDB7
006D
01A2
0096
FE20
FE79
FE59
FEF5
FDC2
FE18
008C
FE63
FE88
FF5F
FF89
00AC
FEB9
FE84
00AD
FF78
00F5
0205
011A
01BC
FEB2
FF98
024F
0072
FEEB
FDE3
01F1
FEA0
FDD5
0029
020C
FEA8
FFA8
0027
00B7
FE10
0024
0095
FEA9
0200
FDAC
FD92
013C
00BF
FF93
017D
FDE9
02AE
0180
FED8
FE86
FD4D
FFCC
FDE2
FFBA
FE0B
0047
00A9
FF50
01DA
FFF2
0186
FF24
FEDE
00AC
FFC5
0193
0061
FE42
0226
FDE4
005A
FFEF
FF9C
FD37
01C4
0110
011E
0050
016E
FFC7
FF38
FF83
010B
0031
0069
024A
0222
01FC
023D
00E6
01FB
FDF1
FDA2
0057
FE5D
00FA
FF04
FEFC
FF86
01FE
FF48
016B
FFAB
024A
FF79
00D4
FFE9
0261
FFB4
FED3
FF8F
FDD2
FFAD
023B
011A
FE5A
FE8C
FF9B
FF45
FE70
0059
003C
FF56
0215
0101
FFF8
FF9E
FE7C
0019
FE7D
FE59
0128
0088
000F
01A8
026D
FFFD
0004
FDBA
FF1D
01EC
FF3B
FF02
FFDF
0265
FEE2
FEAE
012B
FEAA
FE9A
01FB
FF5A
FE80
FE6B
FF7A
FD96
FED7
0101
0250
FFCB
0267
FDF9
0155
0219
01E8
021E
FDF8
FF7B
FF15
0190
0039
FDE9
026A
0133
FF90
01EC
00F5
019E
FF9F
FEB6
FF0B
005E
007E
FF75
FEFD
FDD3
FEA6
FFE1
00F4
FF72
01CE
00A3
014E
0216
FEA4
FF74
FE3F
FF7E
FEAF
0139
FF86
00AB
FE7A
0237
FD7C
0149
0188
FEBB
010A
FFDC
FDDB
020D
FDE2
FE88
FE4C
FDD4
00A4
003D
FF39
FE03
FED4
FFF7
013C
FF40
FF7E
0113
00B8
FE1C
FDA3
FEBC
0023
FDC9
000E
FF40
FF30
FEAC
FE64
00CA
FFE8
FF28
FF6E
FFE8
FFDD
0082
FED8
FFB0
00CE
01B6
FF0F
00C4
00D6
00EE
FE30
00CB
00B5
FF8A
FF00
FE0F
01B3
FE33
FEC7
019C
FD93
014A
FF75
014B
0131
01C5
010A
FFD8
FEB4
01B2
01DA
FDCA
004A
0219
008B
0137
FEC6
01EC
FF01
0096
016D
FDC1
FF82
0216
FF7B
FF75
00FB
FFCD
FD94
019F
FE17
FFEA
FFA7
021A
FFCD
0179
FFFD
FDB3
FECD
002B
FEE0
0095
0114
01F6
FECD
019C
0218
02AB
FF21
0061
0127
020A
00EA
01BA
01F4
FDF9
FED8
0222
00EC
001A
FDE2
0170
014E
01A4
FE38
02A8
FF84
FF25
0200
0017
FD90
00EB
01EC
015E
01D2
FF89
0176
01FD
FD72
01D0
008F
0082
0296
FDEC
0026
01A8
00BA
FE16
FE0E
FE8E
002D
0039
FFED
024A
FECD
0095
FE2F
0091
FF26
0106
FF5D
FDA8
FFC0
FE38
00C0
FFB3
01A4
0059
0273
01D2
020D
FEF3
0104
00F6
FF1F
FDBF
00C4
01D4
0185
FE57
0072
FF34
FFD3
FDC1
FF20
01EE
FE61
01D4
FE80
0065
00A5
FF9E
FE51
00E7
0213
FF42
FE18
FF51
FE2A
FE40
FF37
FF43
002A
FD8B
FFA5
FF3D
FE57
FFB7
FF12
FEE6
015B
FDC0
0096
FFF9
0182
0208
FDFB
00F4
003A
FE9C
00AA
FFD5
FF0D
FE48
FE48
003A
FF5A
FDE4
FF2A
FD2E
003A
00E6
FEBB
00B0
FF41
FECB
003A
0289
00E7
FFED
FDFE
0059
0180
02A8
02D5
FE1D
00A6
FF7C
01EF
FF56
005E
FDC3
00FA
FF7E
FEB0
FF1A
FEB2
FF30
0237
0114
FF25
FE54
FF00
FF37
020F
FFCE
00DB
FFDE
0006
FFDF
FF9A
FF94
028C
0024
FF72
FED3
FF92
FD9D
00AE
0070
022A
FF8C
00B5
0216
0272
FFA1
FE27
FEF3
FE84
00C3
0131
FF45
FE85
01A9
0049
FD4D
FE0D
0277
0055
00BD
00A2
0193
029E
0064
002D
005F
FE8B
0003
FF2B
FE70
0075
01DC
0038
FECA
FED9
022E
021D
02B6
FE7E
FF8D
01D5
FEE7
FD66
FFBA
FF03
009B
FD99
0268
FE8A
FF42
FE56
01B0
FE22
FEB7
FE51
0068
FF12
017F
FD72
0128
0303
022F
FFB2
02CA
021A
FDD3
0088
FE88
FF77
FE9B
FECF
01C1
FF90
FE41
0091
FDFB
01D3
FF89
011A
020F
0285
FF37
01F2
014F
0014
0235
003C
0264
FFDA
0030
00EC
FDAE
FEB4
FDEB
FF26
FEC9
00F1
0019
003F
FE46
FFAD
0123
FF56
FFE9
FF6F
01EE
0163
FFF8
FE1C
023C
FF50
01FC
FDEB
FFDB
001B
0083
0184
FE18
FE84
0218
0148
002D
FDF6
FF16
FDEF
FE95
00AB
FFF6
0232
FF06
0094
FF14
01B0
FDDC
FDD5
0060
FEC7
00FD
FDB2
FE35
0263
0290
FF09
FEDA
FFE3
FEBD
01B6
0040
FF0F
FEDA
017C
FF11
FFD4
FF8E
01FD
FE3B
FDCC
FF86
021D
FFB0
FFAC
00F5
0195
FFDA
FF84
01CB
FE0A
0129
0169
010B
0216
FDBD
019A
014B
FF21
002B
FD95
0031
008F
FF46
FDDB
FDFF
FE08
0091
FD68
FF48
0023
003D
020D
FEC9
FD96
FDF3
0163
FFA6
027D
013F
004F
FFDD
FE9D
004C
FE64
0267
0203
00CB
FE13
FEF6
FE1E
011A
FE66
FE07
FE1C
FE25
0000
0224
FF35
0106
009D
FE59
FF92
FFB7
00AF
01E2
FDC1
FDD4
0035
FE1D
0193
FE49
FDFB
FD3F
0055
028F
FE76
FFE9
00B2
FF54
FEFB
FF82
0046
0079
FE93
FE1A
0183
FDB1
0106
FE80
FECE
01AA
00AA
0097
00FE
FF9B
FE9A
00A7
FE40
FDFC
FDB7
FF5A
00E6
00F6
0222
0181
FECA
0129
0155
00DC
0017
FEFF
0128
FE13
00A2
FEE7
0250
FF4B
FDEA
00A6
FF6A
FF20
01E4
FF8C
FE80
FDD1
01C7
0072
02CB
FFE6
0058
00C6
0292
FD87
FFE8
FFEF
FD94
00E5
FFAC
FFF6
00DD
0185
FFB7
01B4
FF3D
020A
00DB
FE00
01D1
01CB
0289
004E
019C
0085
014E
00D4
FDE4
0201
0278
0092
FD86
007A
FFF8
FD39
008F
FFA9
013D
00FF
0015
022F
FE24
FF31
00B5
FF03
01BC
FDFD
0199
FDD5
FE36
FE6F
021F
FD9D
01B1
FF8F
FE88
0128
FDCE
FEC0
00E6
01D7
FF64
FFA6
FE32
FF60
FD97
01D2
0147
FE0D
FE2E
0114
FF1F
FD84
0218
00D8
FFAA
002E
01E6
01BD
FF08
01D8
0001
FF41
0102
012B
0053
0026
0070
FE28
FF55
0043
FF54
01E7
028D
FDA7
00DF
0021
FF0F
002C
FE70
0032
FE54
FE8E
026A
FE3E
01D1
FD26
FF56
FF02
0117
017A
FEC2
01CD
FDEE
FF22
FED4
FFDD
000E
0195
018F
FE14
FFE5
0289
FE58
FF43
FF0D
0209
00DC
FE09
FF42
FF19
02ED
FDAD
0130
01C1
00D7
FD60
0194
024C
FE6F
00E6
0295
0265
00A3
FF91
FEFA
0023
0005
FF43
01A1
FEA5
01B7
FF42
FD4B
FE60
0017
FF26
003F
FD6B
0090
0234
0001
00CF
FDCD
FF3C
FDC6
017C
0192
FF57
010B
FF8E
FF58
FDAA
023B
001D
FF28
FE8D
01D0
00C3
0015
FF7B
FFAF
0170
FE59
02B5
FFB8
0102
FE8E
01C4
FE4F
00E4
00CE
016A
0033
FEA8
0133
00AE
FE62
FE08
0017
FF48
FEF2
01CB
015F
FED0
FE2C
0226
01AD
FFAA
FE73
009A
FE55
0274
008A
00B7
01FD
0106
FED2
0140
FE0A
019C
00FB
0083
FD70
FF6F
0072
0166
0154
01A1
0172
FF84
0148
FF20
FF16
FFFA
FEDC
023D
FE89
01CF
00F3
00F8
FEF5
011A
0285
FD80
017E
FE27
00AE
0126
FE18
01D3
FE78
008D
0168
019C
FE8B
FE76
FDEC
FFB8
FEC2
01C0
FF52
FEE4
00E4
FF5A
002D
FFAF
FECF
0099
01A8
006E
017C
FF0E
FEAF
FF0B
FF9F
008C
00BF
FF44
FFF1
0257
FED4
01F6
FE1F
0194
00AA
FFB6
0001
FDC8
0059
016F
FED3
0230
015F
00B1
008D
00C8
FE3E
FFF5
0221
00D8
0171
FEE0
FF9F
FDFB
010E
01A7
0259
FEC4
01D0
0089
FFA5
0139
003A
FFD5
FE55
FE96
0164
01AB
01A6
FF6E
FF91
022F
0099
FE73
0099
FEB7
00D0
FEBB
FE6C
00AF
FF9F
FF99
FFF7
00DA
017C
0070
FF86
00FD
FF95
FDD0
0018
00D7
014C
0046
FEF2
00C2
00D5
0070
FFB9
FE76
01FA
FE51
0243
FFA9
FF01
FF5A
01C9
FE3C
0175
005F
FEBE
0215
0032
00E0
FF16
007F
01CC
FE9D
FE07
0265
0218
0183
FF87
0245
FDEB
FFDF
003E
FFA1
0198
FE75
01BB
FEE6
0072
FD83
01A7
FDEF
FF1C
FDCA
008F
FFB1
024F
FE92
FF68
0016
FDC6
FECA
FF1F
FDAD
01FD
01E7
01FF
FE24
FEBD
FFBB
0052
FF16
0039
FEDD
FF23
0203
0154
0154
FE66
0189
0088
021A
FEEB
00C8
0141
0096
000C
FEA8
FF2E
FFA0
0036
0165
FF5C
0075
FFCE
FF51
FF80
01AD
FEA4
0134
FF3F
0058
006D
01A2
FE86
01F0
FDC9
FD95
FE68
FF3A
FDB1
FFFE
FF1E
FF80
01D8
FF5A
FDAB
FF94
020D
FFB1
FE2B
01E3
024E
FF80
FD99
FF86
01F5
00AF
FEAA
FF76
FEAC
0056
0034
01FE
FF48
0017
FE1A
0187
00DD
FDF9
FDDC
FF6E
FF53
FF5D
015D
FDE0
0166
FF84
0236
FE2C
FE45
00C0
01D6
0258
0169
0003
01D1
FE04
0075
FE40
FF5E
02E4
FEF0
0192
FF7E
014B
FFD2
012C
024D
FDA2
FFC5
FD92
025A
FE45
0094
FF1F
FE26
0087
024A
0154
011A
FEF2
00CD
006E
FF5A
FE75
0206
FE76
000B
01D5
0066
FF29
FF2E
FE12
FE64
0067
0252
FEEA
FE39
00A8
0122
01AE
0073
FCFD
FDEB
0124
FFCE
FFCC
017C
FF2D
0252
0193
FDA5
FEFD
FE51
FEA7
FF87
FF5E
02AD
013F
002A
FDE5
00A5
FE78
FF61
FE66
FD95
021F
015E
FF59
0116
FF24
FDEE
0093
0068
016D
FE8B
FF58
0113
FE2D
00E7
00DD
FE24
FDF7
FE89
FDAB
004E
0017
FF26
0221
FD72
013D
004B
FE51
00B6
01B2
FE61
020D
008D
FF8B
FF27
0177
FDE5
000A
024D
FE27
FEED
00CB
0032
023B
015D
FF79
FFFE
FF36
02A2
00AC
FED2
0103
0216
FE7D
FE7A
FDA5
00FD
017E
00F1
FF83
FF86
0236
FF59
01F6
FE03
00E5
FFBC
FE5A
0120
FE48
00BF
FFDC
FE6F
FF5A
00B6
001F
FDDC
FDE0
023B
002D
011F
0269
FF4D
FE29
FE4B
01DF
FE50
FF48
FEB3
0073
01E8
FF28
FDDE
0098
023C
012C
FE90
FE0F
FEB8
FEFB
0135
FFEE
0041
FFC4
0146
FEF5
FF79
0282
FF84
010A
FE3C
FDA3
FE99
FD8F
FE7B
FF44
FFF8
0197
004F
01CB
0016
0069
FED7
00DF
FDB1
FF86
00B7
0143
FF31
0170
FE22
FE37
FE5F
0156
00B8
FE84
FE09
015F
FF55
023A
FE0C
FEBE
FED3
0144
FF4B
0127
01EB
01AB
00B2
FEF3
0237
FFEE
FFA5
FF32
0227
0204
0221
FE75
00C3
FE18
FEFA
FD7E
FFE5
0064
FDB9
0249
00DB
FDF9
00A4
FFC3
0229
00EE
002A
FEC4
FE58
FFF4
0098
01C8
FF76
FFEE
FE18
FD8A
0061
0039
FE2C
FFFF
0070
FE30
FE12
FE9C
FE39
FF6C
FD92
002B
0222
FDD0
FDF6
01EF
01EB
0149
01EF
0025
0175
008A
FF51
00C7
0025
FFE0
00D5
0147
FF8D
0158
0008
FE40
FEE6
0020
00C5
0130
0192
FE13
0236
FF32
FE4F
FF82
FF28
FF7B
FEE7
0179
019E
0056
FEDF
017D
019D
0037
FECA
FEAF
00DA
005A
01B6
0221
0173
FDB7
FDD7
FEAF
0108
017E
FF13
FDAC
01C5
FFFC
FE19
011F
007A
01A4
FDA8
FD8E
0181
00AA
02A0
FF66
009D
FD0F
FDED
FF5A
FEC7
FEFE
FF7E
FD67
FEAD
0157
006E
0098
FDE8
015F
FF53
FED4
0124
01D1
00CB
FECB
FF3E
00E6
FEEC
00D0
FE97
00A9
FE1E
0238
023E
00AF
FE68
FE93
0192
0022
022B
0041
010F
00C1
FF8E
FE54
0189
FF40
FD9A
00A4
FDDA
0219
FFCA
FF19
0211
FF06
01F2
01FB
0093
00E4
FDCE
00BB
02B2
FF05
FFFC
02CE
FF79
FF9C
FF40
FF59
FEF4
0271
FE40
FFC3
014F
0191
0193
FFAF
FE2D
00D2
FE64
FF43
005D
FF46
FE04
FFDF
FFB9
0116
FE34
FFB8
01E6
FE5D
0203
FD30
FFFB
FD53
FDF5
0041
FDC5
00CA
FF94
FD8D
FF74
FF24
0054
FF12
FF0A
FE16
FDD8
FE83
FEF3
FF60
0242
FEAE
0093
FF22
006B
0050
023C
0189
FD75
0020
002B
FF62
003A
FEED
FFCC
FFC0
0043
FF65
FF67
0280
FFEC
0256
016D
FEFE
02AB
FFEE
0051
FE3F
00CA
FE0B
0267
00C9
FEC0
00D1
FF2F
FDD9
FDA3
FDF4
00D3
024D
FE80
0085
01FD
FE19
0090
012C
013B
0277
0198
FEFE
01D1
FE09
0177
014C
FEAA
0114
0052
0158
015C
028C
0286
FEE9
01E9
010F
FEDB
0063
0053
FDC8
FFC0
014C
FF80
FF5D
023E
021F
020C
00AC
01E4
0203
FE11
FFB0
01C2
FF14
008A
01F4
FF1B
0102
0131
00B0
0144
FF1A
FFB5
0198
FD60
019E
FEE7
0074
017D
FF78
FD60
0275
FF93
FFC3
01E9
010E
FEDD
FDE9
01D0
021D
FE80
01AC
0055
FEE0
FE47
010D
0008
FF9C
003C
FE62
FED0
0039
0087
00FC
00C0
02A0
027E
011C
FFE1
0061
0159
FFD0
FE0A
FEBB
01C6
FECB
FD92
FE89
FEFA
0107
FF7B
FFBC
FFE5
FF68
0191
016D
FEAF
002D
006F
FDFC
01E0
FF43
00D5
FF66
FDD0
01BF
003D
00A4
FDC5
FF29
FE3C
0091
0146
FE24
FDD0
FF70
003C
FF46
FFF5
FDE9
0201
0239
00E9
FE39
00C7
0096
FF78
FECE
019D
FF44
024C
000B
014F
01FC
FFA5
FE34
FDBA
FEEB
004B
005B
023C
00DF
00F1
01F8
018B
FF9A
00BE
01CC
FD9E
FE5C
FEA8
026D
0238
FE70
01B2
FE0B
FF38
FFE3
0166
01CA
FDC4
FF6C
012C
FD8C
FE59
FDCC
00FB
0255
028A
FE0C
01EE
0202
007F
FFEA
01D7
FE98
0204
FE1E
FD98
FDDD
0033
FDEF
01A6
0169
FF91
0225
FF30
FFEA
FED0
0163
FF18
022D
FE26
FF50
0008
FED2
01B9
00D3
FDDA
01BE
005D
00B4
FE20
0038
01A7
0093
FE98
0164
01D0
FF8F
FE05
FEE9
011C
019C
FF01
FE03
FE70
0225
FF51
0089
FF6B
FF01
00EC
FE1F
019C
0167
FDEC
FEC1
028A
012E
FE4E
FDA9
FE0F
013E
FEE3
FDB3
FF74
0114
FFD4
0071
00DE
FFB2
FF0C
0047
022F
FD3A
FEE0
0200
01A6
FE1D
012A
FDCE
01DC
014C
00EB
FF63
FE36
00CD
01D4
00AF
FE52
0269
FEBE
00B7
FE61
FF03
FF3D
01E7
FF32
025B
01DD
0068
FF32
FE8D
00FC
FF24
FDA5
FDC7
FF0D
FFF4
01B7
FDFD
0125
0176
0008
004B
FDC7
FE6F
01D9
01E4
FE0E
FF35
FEE9
001C
0076
0008
0155
01CD
FF00
FFA1
01DE
FEC2
01C1
FE51
0095
00DA
FEDC
022E
FF02
FEA5
FF46
FE60
FDE8
0093
0208
FFF4
FFA4
FE6A
0119
0215
009E
0028
00A2
FFAB
FE2A
0243
0051
006D
0103
FE42
FFE0
0228
FF48
00B5
01D4
018D
FE8D
FFB0
00CE
FD98
01F8
0245
FE86
02EB
02B2
00E7
0185
FF29
FEC8
FDBF
FFB7
FF78
FF47
FE87
0191
0287
024A
FEC8
0251
FF29
0042
FFAA
01CE
FF47
002E
0198
FE74
FF0E
01E8
FF68
FEC0
FECB
FDB6
FFF2
00EE
00AF
FD8E
01BE
01EF
0049
00A0
0076
0029
FEA0
0054
0170
0286
0134
01FB
FE8B
01D3
002C
FE36
FF27
FD66
0144
01DC
012E
006E
FE09
0022
00CD
00AC
FDF4
0043
0003
FF89
FFDB
01CA
FE04
0041
0208
02C0
00B2
00DB
0133
00A4
01F1
01CD
0019
0070
003D
0190
FDE3
FF8D
007D
FDE0
FECF
000B
FE31
FE32
018D
FEA3
018C
FEAC
FFDF
0189
0171
FEAD
FE60
009D
01E9
012C
0082
0226
FF76
01A3
013E
0084
FE29
0105
FEA3
FDD5
FDD6
0262
FE0D
FE97
009A
FF4E
0217
FDD8
0157
00EA
FD96
FFAA
01D0
01F6
014C
FF55
FEE4
FF11
000D
FF14
FD80
FF2A
01C4
FE5E
FEF7
00A3
FE3E
014E
FF7F
008B
0200
FEFE
FECF
FFD4
01D5
003B
FEBD
FE3D
0165
FFF3
0049
FF90
00C9
FEA8
FE31
FF20
0189
FF21
01D7
011B
FFB6
00DA
01E0
FF6F
FDAA
FDB1
0084
001E
006C
FFF9
005A
FF4A
01C7
01BE
FFB8
00CE
FF73
FE55
00CB
0283
00AC
0192
0195
0006
0109
FED1
FF12
00AE
019B
FFA4
011A
FE0D
0083
01E6
0244
FFB6
010E
FEBD
FE00
FD85
00FA
00CB
FDED
0105
FEF5
00A7
00AF
0192
FE03
01EC
FDFD
00A7
0057
01E1
FE93
FDC4
FE8B
0091
0003
FF1C
01F6
0088
FE67
FD68
0154
FF43
FF68
FE07
00EC
FD6C
FF6B
017A
FF55
FF1E
FE0B
FD7F
01BD
0078
00E1
006F
FED0
01BA
01DC
0009
FEA4
0022
015D
0112
FF06
FDEB
FDE8
FF0C
FF00
028A
FE53
0178
0089
FE08
FE5F
01A5
008D
FD8C
FE23
FF38
FF90
FFB6
FE38
FDDE
FFA4
FE61
FEED
FEAC
FF8D
0011
008D
FE08
FFEA
FF68
01E8
0022
FFDA
FE54
FF1E
0097
016D
FEC7
FDB6
017D
FF5F
FE73
FEF6
FD96
0210
FFE4
0019
018A
0131
FFA9
00DE
0085
00EF
0172
FEFF
FEE7
FF44
FDE6
028D
00E2
FDD4
FFE1
01C4
FF94
01C6
01AD
00C5
00F9
FF60
0102
0165
01C5
0208
0190
FE8C
FEA6
0238
01AE
00FC
008D
023E
FE72
FE20
FDC4
FE74
0066
FDF4
0256
0184
FEB1
01A3
0147
FF4D
0061
025F
01AE
FF49
0269
FF65
00AF
0012
022C
0158
FDDC
01EE
FFF8
FEBB
FF0C
015E
0145
FE09
0035
005A
0207
FE4C
FFF5
0133
00DA
0156
FDC4
FF4A
FF6E
FFCB
FDD0
FEF1
FD87
018B
0077
00FD
022D
FE2B
FD94
0024
011A
0090
0065
00EB
FF25
0266
0239
FE7A
FEEF
015E
FEA7
0225
FFBE
FD0F
FF60
02DF
0152
00C4
FF27
FCD2
FF0B
FF53
FE90
02F7
004A
FF2A
FE32
0156
0284
FFCD
0153
FE63
0277
FD95
FE1D
FFA0
01E9
01E1
0088
01B4
FF5A
0022
02EA
021D
00A0
FFAA
025B
00EE
FE6A
FF9D
FE2A
FF08
FD86
FE73
005D
0342
FFAA
FE44
0202
0029
FEF5
003C
0278
0115
00A8
002E
FD39
0119
FE5E
FFD6
01FE
FE26
0278
FF24
01C7
FDD7
FF79
FF9B
00F9
FEC3
00A3
FD35
0209
FEC1
FEA6
0136
0150
018A
FD3A
01DB
FE18
FF6A
024D
FE59
FF17
FE00
004D
0058
006E
FF6E
FDFB
01F3
00F7
FECC
FF4E
01A1
02CC
FE52
0160
01C1
0023
0225
0087
FEA8
FEFB
FDCE
FDA2
0099
FE5B
00B5
FE75
FDFB
021B
FEDA
FE1F
00B5
FF83
0171
01FA
0123
0026
0046
FF65
FFEA
013A
FED9
FE6E
0204
0083
018E
00E9
FF6C
007B
FDE3
0146
FE9A
019B
FE66
0146
FFDB
00FF
FF84
FE2B
00C9
022F
FFF2
006D
0032
FDD9
FDB0
FDFE
001A
FDEA
014D
FED5
025D
01C3
00CA
FD7A
FE1D
FE70
01A2
0166
00C7
001E
FE65
FEB6
0113
FDDB
FFD2
00E8
FDCF
FE35
FFCD
010A
01DB
FEF7
FD71
FF1B
FEDB
FFE5
FDB7
0220
FE21
FDDD
0126
024E
FE69
FFF7
FF53
004B
FFAE
026B
FDE7
FF2D
FEDF
01D6
FF47
FFE4
002E
FF74
02A0
FDFE
FEBA
FEF1
FE76
FE4E
FEE0
FDB7
FFC8
FF35
02B0
0178
0195
FF2A
FE49
0188
01C3
0247
00BE
FFA0
FF66
011B
FFB2
FEED
01DA
FF39
00EF
FDA1
FEA5
FDB2
FFEA
FDA1
FEB3
0175
FFF5
0115
FF31
FFF7
FF45
FDC3
FFF7
02ED
FEB5
FDE0
00BA
00AD
FFAA
018F
FFCB
FDB3
00AC
000A
FE7B
FE5C
0121
001A
FFC9
0136
00DA
FED0
FE5C
013F
FE64
01FA
00A8
FFAE
00C2
0028
0098
FF23
FE3B
01CB
00D9
008B
01E7
0235
0107
FEF9
0145
0058
0231
FF29
FDA1
00F2
0030
FDAB
FE62
01F3
000C
006B
0260
FF69
01CA
FD74
01BB
00B7
FFD2
FDEA
0087
008E
007F
026B
01E7
0210
011F
FD64
00B1
FE89
FE83
01F3
009E
FF01
00A9
00F7
0041
FE43
0015
FF02
FE7C
FEC2
002B
FE8A
FF6F
00C9
FFF9
FD6E
0280
FEEA
019C
FFAF
FD15
FE1D
FEDF
FFAE
FF13
00D6
FE36
FF67
01E4
FEE1
0065
FFD4
00D5
FF74
021B
00F3
FF5D
00F8
FD8E
02A4
FED5
006E
FE30
FFD7
017B
0209
0272
FF7B
FE7C
FDCC
FECF
01CA
0242
FFF3
0049
FF19
00B2
FFA8
004F
FE6C
FEE0
FF32
00D3
00EA
FD86
FEFA
FE58
FE1F
FED3
006B
FFCA
0115
026D
FE51
0122
FDF0
010E
0154
FDCD
FFA4
FDE5
FF0B
021A
FE43
FE12
FFFA
FE2C
001B
0263
023D
FE20
FED8
00BB
FF37
00B4
FFD6
01AB
FE4B
01A7
0256
0098
FE12
FFD7
FE5B
FDD6
FEE1
0143
0101
FFDC
00BB
FE41
FF79
FD82
0182
0055
FED8
FD75
001E
FFBC
0026
FE56
FDE5
FF84
FF0E
010D
00E5
0130
FEAD
0140
0071
FDEE
FEEB
FD79
FDF8
FE25
FEF8
FF4B
01A6
0166
FE60
0192
024B
FE36
0067
FF42
FE7E
0134
FDD1
FF59
0160
FFA2
FEF6
FFCF
0196
FE12
0160
FE32
FE79
01F2
FE1C
FE26
FD8D
01EB
FF2A
FDA0
FEB6
0256
002F
0234
014A
00EC
0140
0191
FF5A
FFBB
0140
0183
0254
01AF
FF5F
FDDE
FE94
0095
003C
0238
00C3
FE15
00AC
01EB
0141
FE26
FF62
FE7F
000B
0181
FEB5
FE7B
FE6A
0076
FFDF
FF92
FE4D
FE79
FF34
FD85
FE72
0292
0054
FEF9
FED6
FF8F
0238
0067
FF1A
FDD0
FF09
FD80
01B8
FDBC
02A3
01C7
00D2
0044
FDB8
FE1C
FEE6
FE48
0112
FF15
00C6
0237
FF1B
FFCF
FE11
FF99
FF1A
FFA0
0077
FE47
FF7C
FF4F
004F
FE0F
00D3
FE66
FE3B
0255
FFFD
FF89
FF61
FDC9
FE68
FE46
0044
018D
FF56
FFD7
FE28
01AB
028B
FF76
0205
028E
FDDC
FDF9
00FF
FF7B
00C3
FEEB
004D
00A8
FE1A
00C5
FFED
027E
00BA
FE54
FE27
0082
0280
FE29
012B
01FD
FE81
FFBD
0110
01BD
01E5
0237
00BA
01AF
FF2A
FDA6
0042
0148
013A
00DC
0005
020D
FED1
FF9C
FD8C
009F
FFBF
FF73
FF9B
00D5
FF2B
FF1E
01B9
0078
FE01
019B
017C
FFC9
FFD3
FE8E
0027
FE58
FDCF
FF32
FDC4
01D5
FFC0
016B
015B
FEBF
FD9A
FDB6
0037
FF33
021D
0070
FE6F
FD7D
FEC1
01A7
0141
FE4F
FFA3
FD8A
FFFF
FE12
023D
009D
FE31
FE6C
FFB7
FF27
FEE6
FFD0
FE03
003C
FF17
0250
FEBD
FFB0
FEC0
FFA1
FEB1
FD90
FD7A
FEDF
FE94
025A
01C4
022D
FEDD
000C
FF34
0281
FDFB
0236
FFB5
FF2E
FFD3
FFEC
FDCE
0089
0235
FEED
0067
FEB3
0098
FF37
FF1E
0031
FED1
FDD6
0073
000B
FFC1
FF16
FDBC
00CD
0095
FE16
006F
029F
0049
001C
0207
0171
FEC4
0083
00DC
FF9D
FF7B
FEAE
FDBE
FECE
0269
0066
FEEE
FFA3
FE6E
0015
FD5B
FDD5
FE5F
FF81
010B
028D
006E
FFBC
FE84
01E7
FE07
FEAE
0112
0217
FFEE
FEE0
FE38
FFAC
FFB6
FE16
FE63
008A
019A
017E
0271
FE3E
00CA
FE29
0107
0063
00D0
FFB9
006B
006C
0029
0144
FF38
022B
013D
01C6
FF36
FED7
02A0
01C8
01ED
0085
001C
FF49
FEF7
FF94
0063
FDC4
FF30
001D
0060
010D
FE34
FF0C
FFBC
FE1E
021F
FEB9
00E8
FFA2
00BE
0232
0199
FF70
0163
FE38
FE58
FD8E
0026
FDCC
019F
009B
026C
FF1C
FFE9
00CE
FE82
FFA2
FFC5
FF17
0126
FD73
0114
FEB8
FF9E
FECC
0177
FEB6
0018
01DF
0028
0126
FFC8
FEE2
007C
FF01
FDA1
01E9
01D7
019A
FF87
0132
015D
008C
FDC9
FDDA
FE50
FF09
FDB2
013B
00EE
FE07
001F
014B
009C
FF46
01B2
017F
FECE
FDB5
FF5F
FE9D
000C
FE1E
018F
FE83
0043
01A2
FF42
FE1F
0163
FE6F
FF00
FDBD
FF34
FE54
FEF3
00CF
FF24
0013
FF29
FED8
FEE4
01CA
FF85
0138
FFA3
0206
024E
FF81
01C9
FF7B
00B0
00AF
FF68
FE8B
0004
FF11
0204
FDFF
00B9
016E
00F5
FE9E
023B
0177
FF91
016B
FFDC
01EC
01DA
FEAC
FFFF
014A
FE6F
FDEE
0131
01F3
FE95
FF40
011E
FF47
FDFC
00A0
FF6E
FDBB
0121
FFDB
016E
FF9A
0061
0162
FF28
0217
01EE
000C
FF19
FEE9
00DA
FFB0
0192
FFE2
FEB2
FE65
FE08
000A
0079
FEBA
FF07
0117
01A5
FDEE
FEF3
008E
FFA0
0214
FDC6
0169
FF72
FE99
0239
FD9D
FD6E
FEFB
0029
FE39
FF2A
FDF4
FE64
FE2D
FF9F
0072
FDC5
FF19
FF2F
00CA
FFA8
00C4
FDD7
FFDD
FDF8
0251
0086
0259
FFBF
019B
FE19
019D
FF7E
FDA1
FF15
FDC0
FEAC
0016
01EB
FDBB
FF8C
00BC
0158
FEF2
FFC2
FFC6
FF9F
00D6
FFA7
FEB7
007D
0214
023F
001F
0053
FE01
01A1
0033
FFC3
019D
016A
FD82
00FA
0193
FEEA
FED1
FEAA
FDDB
00AA
00B5
0239
026D
FF20
0042
FEDC
006F
0096
FEAD
0228
010D
0120
01FE
0230
FF4F
0174
FDBD
FE37
FE8D
0192
00E0
003D
01B4
FF9A
FF97
0144
FDD9
0270
FF0A
FDCA
0163
0257
FEF9
01E6
01A4
FF8F
FE00
FF85
FE0E
FFE9
FEC3
0122
0037
FFFD
01B4
005E
FF23
00BA
01FA
00B7
01B2
FDAE
0021
FDCD
00E5
0228
024A
FDB1
0089
009E
FECD
FFFE
FD9C
FE32
0278
FF35
006B
0088
0014
FD7C
004C
FF95
FF24
FF43
001F
FEE4
FDDA
FFF8
FF17
FF57
FF0F
01D4
000C
0212
FD8A
00F9
0209
FDE2
FF8A
FE01
0199
01A6
FDA5
004D
012F
FE07
FDDB
FE13
01C2
FE03
014A
0195
FE5B
FDCD
FD99
FD92
FF21
FFF6
0026
012B
FF72
01C3
00E8
FEE4
01D7
010D
FDF8
015C
01F8
0068
01DE
00F3
0050
0113
005A
00CB
0066
FDCB
FFD5
0137
FDD9
0135
FD7B
014D
FFF9
FDAD
FD98
0017
FFD6
0147
00E0
FE62
FFB4
009F
FF70
01FE
029E
01DB
FEB4
0079
FE6C
FE38
FF51
02BD
0191
01C0
FE0C
FE63
019A
0088
FD88
FDC8
FF9F
FF30
FE94
FE81
FF96
FEA8
01FE
01E7
FE96
FEAF
FEF6
FFFF
FF2A
0017
FD5F
0032
0133
00BC
FE32
FF9E
0078
02AE
FFB1
FF53
FF8C
FD73
FFC4
00A0
FF57
FF00
025F
0290
0188
015D
FE57
FE27
00BA
0033
FDFC
FF91
FF1F
01BC
FE10
0237
FD7A
0275
01A7
008D
0058
FEE0
0000
FE33
FEAD
FD9F
01C4
01FE
FE74
FE6D
FF50
0075
0105
FEB3
015F
00A5
FDA4
01A7
FE21
00AA
01C9
010F
01BD
FFFE
FFE2
FD9A
00B3
0049
FDE8
00FD
008F
FE8A
008F
00FA
FE4E
0277
FEC0
01C1
0167
00D6
013D
FE7D
020A
FF48
0001
013F
FF6D
027D
FEAB
0169
0031
0061
FFC6
01D0
FE08
0218
016F
0144
FE04
FF4A
016E
FF21
017A
FF67
FFC9
02CA
00DA
FE13
FF73
025A
FDBC
FDF9
FE3E
0191
007A
FEBE
FE5A
FF1D
0082
027E
00E3
0189
00BC
FFBB
0093
FF4A
FE51
FE96
010A
FE20
0201
017F
FDA4
FD87
0288
0099
FF01
014C
FEB9
FFD3
00C2
FE3F
0279
FF14
0072
01E0
FE5B
00E8
FF77
0052
01A0
FDA8
006F
FE7B
FE0B
FF6D
FF44
01F8
0261
00F5
FF85
FEEB
FF47
013B
FDDD
FD89
FF71
FF72
00F1
FFC5
FE9B
FDF7
022F
002E
001A
FE10
FFAD
FFB7
FF1B
00DF
022A
0022
0268
FDC2
026B
01AC
011C
FE4F
012A
FEB0
FEA0
0104
FF80
01E1
FFEB
023C
FFDF
0009
FF17
01C5
FE3C
00A4
FD3A
FF89
0060
FD77
0146
FDE7
FE38
016A
004C
0144
FEA2
FEF8
0114
FF08
FD68
FE97
FF96
029F
00D2
00AC
0024
FE52
00E9
003D
FF0B
028F
FDC2
FE4A
FEF4
015D
0132
0182
025F
FEDC
FF64
000A
0025
FE26
FF5C
FF9F
FFB4
00C2
FDF0
FF72
0181
0241
FE0B
FE37
FDF7
FFDB
01ED
002D
024E
0066
0248
FF86
01CD
004F
023B
01E0
FEB2
00DF
FFBE
FF6E
00BF
FF7B
FE72
FF48
01B1
0071
0064
FE4C
0162
019D
0049
00B0
020B
0118
FF55
FF91
FFDF
001F
004D
FF5F
0186
FE7C
0064
0035
FDF6
FFB2
02D1
0194
0092
0033
0024
FE6E
01C9
FEBE
FE0A
000E
002D
01EA
023D
007B
FDCB
0165
FED3
023E
011B
024A
01EC
FF64
FF5E
00EE
0164
00F4
0019
004C
FE84
FE2C
0196
00C9
015C
00D5
020A
01B9
01E9
0031
FF4C
FFCE
FD6E
FFC2
0225
00D4
FEE6
FE40
FFA7
FEF1
FF0F
FDDC
0089
FF03
FE50
0206
0222
00FB
01E0
FE62
FF95
FE3C
FFC1
FDF5
FF55
FF6A
0085
FFD2
0066
FF1D
FEDA
FFCB
FFBD
01D8
FF20
023F
00D5
0049
0163
FDDA
FEDC
0022
FFA5
FFCF
FD97
FDD7
FFD5
FF24
FDD2
0162
01CE
FEA6
00C5
00B8
FE69
0011
FF34
FF9A
FF3B
01F7
016E
006D
FDBC
00EF
FDFE
01F5
0132
FED3
01D7
010C
0220
FE76
FFF7
0112
010F
FFCF
FEFC
023F
028C
004F
FFAD
0147
FF24
0156
0199
0170
010E
0045
FEC1
FD57
0160
FE94
0245
0033
0017
FE9B
00CE
00A4
00AF
FE9D
0044
016C
0181
FEFE
018D
FFCB
0222
00B1
FE62
0274
0179
FEFD
0138
FE81
FF11
FE2F
01D9
FE58
FE39
0217
FDEB
00EF
0167
FEAD
00EF
FFBC
01E3
00A2
FFC8
FE48
FEC0
FEDF
01AF
FE02
FF47
FFB8
01A4
01CF
0065
026B
FEDA
0112
01F1
011F
007B
020B
0148
FDFD
FED8
022A
FF0B
0161
FEA7
0221
0202
FE08
00E6
FE79
0046
0216
FEF8
FD6C
FE71
FEF8
FEE9
01EC
FEEC
FDFE
0073
01CD
FFFE
FF4D
FEE4
FD9C
FFCB
0181
0285
0156
00A1
0255
020D
0286
0088
00C4
0183
FEE4
01A6
FE42
0141
0218
FE56
FEF3
FFBE
FDF2
00CA
0259
0019
006D
FE19
FEC2
013B
FD7A
0123
FFAC
021B
FDFF
FE2A
FF3D
FED3
FDC1
FFD1
0206
FFDB
01CA
FF5C
020D
FF93
00DF
0013
FDA1
006F
FE9B
0197
FE2B
FF1A
0176
0038
FF30
001F
0081
FF91
025E
0090
FE53
0166
0087
FF74
01D2
FEEB
FDBF
FFD3
FFDA
FFF5
FDC4
FFA3
00E1
FE35
01F8
FDF6
003D
0173
FDB1
018E
FE16
004F
0061
FD8B
FE6D
0177
FFC9
FE41
FE16
0273
FD97
FFEE
FF8B
0002
FF22
0157
FE18
FEB4
FDE5
01EE
00DD
FFD4
FD75
FD6A
FF80
015E
012E
FFBB
0146
FF14
00DE
01A9
FF15
007B
FEB9
FE23
FE55
01B4
FD89
0277
00D0
FEAE
021C
FF65
0005
FE58
FE66
00C5
00E5
011C
FF22
00B0
FEDB
01E4
FE03
FF44
0030
0025
0024
FE4B
0232
FDDE
00A8
002E
FE95
025D
00B6
FF9C
FEEE
026A
FED7
0129
FF10
FE34
FD49
FFF0
0258
FE0F
003E
020B
FE2E
FF64
0112
0039
00CB
007E
0031
00C5
FE42
018C
020A
0289
FE7D
0038
0067
FE81
FE49
FFC4
FEBC
023E
FFD1
01D3
FF62
FFAC
FDB0
013F
0272
FEA9
FDE9
0184
FE62
008E
01A7
FF75
00D2
005F
01D1
0076
FF9A
00BD
023C
FDF3
00FD
0246
FEF0
FE29
0249
0061
01CA
FDE2
00E4
00EA
00F8
FEFE
0112
FFDA
FD70
00D4
01E2
FE5B
018E
004E
01C8
FFB5
FE21
019C
FE88
013D
FF74
012A
FF70
015A
01AE
0016
FF33
006A
01AF
FEE7
FF8A
00EC
00C6
FE60
FFAA
00DA
FDCB
0206
FEF7
FDBF
002B
FF49
FFF0
FE89
FF32
FDF6
012B
FF59
FDB0
0291
FD86
01D1
FF01
00E5
017A
FD7D
FFEE
FDC7
016D
FF40
007D
FEFF
FE34
FF7E
FEFE
FF2F
FE26
0012
0245
005D
FD95
002A
01F5
FDC5
0220
015D
FE18
FE9C
0091
01F4
01A0
0136
00E2
FFC7
FEE9
0020
FFD6
005E
014E
FF04
FE6A
00FE
FDFF
0212
00EE
FFDE
0185
0175
0181
FDDE
021C
FE3A
FF25
0035
FEBE
0077
027E
002C
FFD2
0016
FE7F
FEE7
002A
FFC6
011D
0083
0135
FE46
FFC7
0114
FFDD
FEF5
FED1
01CD
FF07
FE6C
017A
00CB
001C
0187
0247
FCFD
FD78
0072
FE1B
00DB
FE42
FF6D
00F7
0257
FFBA
FF2C
0295
FD2E
FFAE
FF6E
FEC9
FFE0
FE91
FF3D
FE35
00D3
026D
020B
01EC
019F
0013
0052
FDE0
FF93
0248
FF74
FFFD
FD6D
0067
FE50
0167
FF80
FE6D
0155
FFFF
FF9E
015B
00AE
FEEE
0087
FEC0
FF23
FF9C
0127
025F
012D
FE67
01C9
FEA3
FD72
FE65
0080
018A
000D
FDAA
FEA9
FF65
00DC
029F
FD18
FD81
0118
FDAF
01A7
0230
FF9A
FDBF
FF30
FF9E
FF6B
021B
FE7E
FDA7
FE03
FFCA
FE49
019B
FFE0
007C
FE0E
0159
FE61
FE64
FDE5
FF68
019B
0074
FF23
FDAC
0209
0138
002B
FFD6
01B7
021C
0060
01DF
FF9D
0126
0261
FF02
00F1
FFD4
FDCB
FE52
FFFA
FF32
01D3
FF9A
0240
0104
0205
FDCB
00EA
FFD4
0087
FEF0
FD9E
FE7E
022D
0048
00CE
00A2
007B
0057
FEC2
0060
FFCE
FD9B
0090
0274
FEBD
FDCC
0072
01D4
0047
0123
0186
01A7
FF90
0248
0045
0093
00D2
018D
0200
FDD5
0046
012A
00B0
FF18
FD7E
01A4
004E
01E6
FDF4
FF89
FE08
FEDC
FE5C
0105
005C
00E0
FE0F
FF27
FF5C
FEE8
0201
FDD9
00D6
FE44
0044
FD86
FEF1
0185
0134
01B6
0134
FE01
FE13
00F7
FF97
FE7F
FF77
FF84
0088
FF72
FE9D
FF35
0199
FDE6
FF44
FE12
FE6C
FDA2
FFAC
FED0
FF87
FE2A
FF93
FEDE
FDEB
0198
FDF8
01B3
0083
01CC
FF17
012B
0069
01A9
FFE2
FEB1
FEB4
FE38
FF48
003B
FDF1
FFE9
013B
FF26
FEAF
00C9
0193
FE65
FDE5
FEA2
FE6A
FFD8
005A
FDEC
00A5
FEAE
0262
0032
00B8
0095
FE90
FF62
FEDB
FF5D
FE6E
FF38
00D4
0038
FE17
FFDF
0197
FEAA
0229
00A3
FFD8
0231
FE32
019D
01FF
0187
FF4E
0074
FF6C
0116
FDA3
FF58
015D
FE76
006A
009D
00A0
FFD6
00FE
01A2
FDE6
FDDC
FDC5
01F2
016A
020D
FE7B
FF6D
0187
FE6F
022C
FF13
0172
FF6E
FF31
0036
0070
006A
FEDC
0205
FE1E
01C9
FEF1
01DD
016F
021D
FE3A
001E
019E
0184
024B
008B
0021
026C
FDD4
FDC4
0175
FF49
FDAC
00AE
FEF1
000D
FDB6
011B
FF10
0180
023F
01B1
007B
FD69
00A3
FE03
FD8F
007E
FF76
0196
FFDA
019A
FDB2
FEA8
FEAA
FF32
0040
FFC7
0039
015F
00DA
FFE6
0294
00A4
FE2A
0111
014C
0050
0108
020C
0199
FDD3
FFEC
0253
0005
00F4
FE34
FE96
FF9C
FE68
FF68
0123
FF5F
00A9
FEE0
0204
028D
FEFA
0128
0219
FE10
FE90
0088
0267
01DB
FF43
013D
01B7
0026
FF9C
011C
FFDE
FED5
FF56
0286
019A
FEA9
FF21
0241
0265
FE5F
0143
00EA
FF83
013E
0228
FDB2
00C7
FFC1
FDE1
011A
0126
009F
0186
FEC1
FFCC
0041
0191
021D
FD69
0027
025E
FD74
FF5A
FFD2
008A
FE61
FF5F
FFDC
01C9
FE23
FF66
0020
FFE3
FFDD
01DC
0009
FDD9
0268
FFF6
FF4F
FFD0
FE66
00A7
FF53
019B
FF47
FE83
00DC
FFE4
FED8
FD63
0219
0238
FDF8
002C
FDBF
008F
0085
FF34
009C
0160
FF3E
FFDE
FEAA
FE97
00DA
01FA
FF25
FD8A
FE7A
003A
FD57
01A7
FE3A
FD82
FEB5
FD54
FF41
FDE2
028C
FEFF
FE6E
FF81
FFB3
FE36
FF8D
FDEB
FFF5
FF57
01A3
FF2A
013E
0119
FFE6
01F8
0073
FE01
FDF3
012D
01CE
00A7
0157
FFA0
0290
00E0
01C9
FEAA
00F9
000A
FE24
FE5E
0072
01CD
005D
FF81
FF20
FE83
0275
013A
02D2
FF49
00BC
FFA0
FEE4
FFF7
0033
FE83
FF2D
0220
0093
FDDE
018D
FE68
FEF5
00F8
0024
FDD4
FF0B
FFD5
017E
FEEA
FFCC
000C
007E
001E
FDB0
FFFD
0097
02A4
01CB
00E9
FFE3
FF4E
FECA
01D2
026E
FE1B
FFA1
0245
FE54
01A4
FE71
00BD
0030
FF32
003F
0134
0236
FE3E
FF84
FF49
0015
00F1
FE3F
0124
FE32
FEB1
01BA
FEEC
FD38
FFCA
01CB
FD88
02FF
00E2
00F6
023E
FDF1
FF0E
0098
0113
0044
0210
0047
FEBE
FE58
0013
FF1B
FDBB
0147
FFC8
01FE
016F
00F8
FF5F
012A
FF5A
FE68
FF61
FDCC
0006
FDA3
FE5C
FF8C
006B
0250
0024
FF6B
01F1
00FD
FF7D
FF96
FEB0
FDD7
0292
01C7
FDEC
FE62
0217
0030
FE06
FECC
004C
FEDB
0232
FEBA
FFF5
0282
0173
00F7
00CF
FF1E
012F
FE87
021E
FF15
01B4
0069
FDDB
0165
0109
FD90
01F0
FDF6
FF75
008F
009C
FE59
0087
006C
FE73
0256
02A8
FF5A
FE9C
0092
0033
FF5B
FEB9
FDB1
00D3
FF02
0208
FE45
003F
FDD5
FE0E
00DE
FEFB
FE51
FD4A
01ED
FDBF
FEE5
FE91
FEDD
FF78
023B
FEB4
FDDB
FE4A
FEBF
0035
FE8C
FE87
01E9
FE93
FDB8
024C
0036
01FB
00DC
008C
028A
0056
0134
FD87
0249
FE52
009A
FDB0
01F2
018A
01C3
FDBB
0069
018B
00C7
006A
FE9B
0123
FFF5
014A
FE88
00AC
FE2E
FFF0
0131
FF11
FDC8
004B
0022
FF6A
01EC
023D
FE82
0033
0024
0132
FD99
015A
027A
00FC
01BB
FF31
FFA3
FFB7
012A
00FE
FEA4
016B
FE78
FF12
00B2
FF0F
0250
00B6
FDA1
FFCA
FFF9
FE07
0256
0274
00D1
FE31
0059
FEA2
008A
00CB
FF7D
01CA
FD7C
FEA6
FEA4
FE39
FE85
FE94
FDD8
0090
01DA
0184
FE9B
012D
FE62
00FA
01AA
FD8C
FE59
FE08
FF87
0034
004E
00C9
FF06
FE04
012D
FF7E
FF02
FF5F
0041
FDF2
01D3
FF72
0062
FFCF
0102
FECD
0083
00D6
003C
FEE2
023D
026C
01C9
FFDF
FE85
018B
0153
FEFF
FE5F
FE73
0004
FE4B
00FB
FF3B
0132
0148
FF0B
0274
0221
FE7C
FEB8
FE32
012A
FF86
008A
0076
0086
FDB2
FE7A
005B
FDD5
00C6
FF19
0216
01B1
0132
00CA
FE9C
009A
019E
011B
FE72
FFC8
FF20
0120
0109
018D
0192
FFB5
01C9
0056
FECE
FE91
012D
FDD0
FDAD
FDDB
FF6F
0195
FF3F
0157
FF42
01A3
00AD
022B
0264
00B8
FF6E
FE18
00BF
FE18
FE12
0197
0049
FE0E
FEA3
FE47
0057
FF2C
FEAA
01DD
FDB3
0058
001C
00C7
00C2
FE90
FEF0
0216
00EA
0183
00C1
021F
FF3B
FE66
011D
019C
0114
FD3D
0120
0147
FE19
020D
0202
FFE5
FFDD
0076
01DE
FE36
FE6F
0081
00B0
0094
0070
FD87
0067
02C4
FEE0
0021
FE08
FD60
0039
FE09
FF88
0012
FECA
FECF
FEC5
FF29
00FF
FEC4
0054
FE47
00B9
FF5D
FD80
FD63
FEE0
FF62
0177
0003
0182
FFDC
0224
01A3
FEF1
FF5A
FEB7
FF92
013E
FF22
FF5A
FF86
01D8
FF4C
018B
FF55
028D
00B2
011F
FDF9
003C
FF5F
021E
FDA0
FDDF
0105
FE15
00FE
0101
01EB
0111
FE9A
001C
0017
FFF0
0035
FFB0
FF22
010A
0129
FEE8
FDDC
007C
FF6A
0037
0264
FFCA
0053
FE4E
FF6C
00CF
0148
FF25
FE7D
000B
0062
0215
010F
001D
01CC
FFFA
0183
0130
FDEC
013D
015A
FE76
FDA3
01E0
0019
FD85
00FE
FEE2
0238
FF21
FF00
FEE7
0146
FE64
FFD1
FEFE
FFB8
0020
0178
0109
FDBF
FEBC
FE87
0223
FDD6
019D
FE67
FEBE
FE14
FE69
FE0D
0065
FE8E
0189
FD94
00F0
FFF2
0027
FF78
FEDB
006D
01DC
0298
FDD4
FDDA
00D7
FF54
028E
FDB8
FE85
01F5
009E
0065
FE48
FE35
FEFB
01AD
01B3
00FA
FE1D
000B
01FB
FD5A
00E7
014E
FE0D
FE75
00DD
0160
FF3D
FE74
0261
FE54
FF12
0050
0171
FEDF
023B
0062
FE1D
012D
FFB6
FEF7
00A0
FEAB
FDB1
0146
FEE0
00C3
0206
000A
FFBD
01A4
018B
01B2
00BC
FE7B
01F7
FE13
FF42
FF94
FFAF
00D1
FFD8
FE6C
00D6
FD9A
FF01
FEC9
FF3D
0196
FF8A
01C1
0006
FE0F
FF65
01C7
01BB
018A
0236
01F8
FDDC
FDD4
FFBD
0032
0227
021B
0112
0089
0204
FF51
01E9
00A8
FF36
00E0
0020
FF91
0162
FE03
0266
017E
FE30
FE96
020A
014F
021C
0196
FD57
FE8A
002F
FEF6
FD87
FF4D
FFF1
FECF
FE6E
01CC
0037
FEAE
FD95
01E3
01EC
FF98
0244
FFA0
FE14
FDBE
0133
0090
01DC
024B
00A8
0208
0103
0174
FE53
01DD
FE25
0067
00E8
0074
021F
01C1
00EB
FEBE
0088
0206
FEC6
FE7F
FF96
FF14
FE5B
FEC4
FEFC
0040
00E1
01C1
00BD
FFC8
FDF8
0011
0012
FE61
0247
FFE2
014A
0189
0077
FF09
00B0
007D
FEC0
0058
0197
FF93
FDF0
FF3F
FDB9
01A8
026C
004F
FEBD
FE3A
FE1A
FF60
FF9D
FE57
0081
FF71
FF70
FE38
00C4
FE47
FD8A
FF5C
FF08
00CB
FEDC
007A
FFA6
020C
019B
0250
FDEF
004A
FEC8
001C
008D
0080
FDCD
FEC7
FEF9
0020
FE28
FDB0
0222
FE56
00B9
00E3
FE4D
FFAD
0076
0230
00B7
00C0
FF48
FE4F
FF1F
0014
01CE
0186
007E
FDA4
FFA4
FF19
0084
FED7
FF65
FE9D
FEFB
FECA
FDC3
000C
FDAA
FF4C
FE71
0243
01E9
00BC
01BE
00FE
FFDA
FE54
FED0
FE65
FE28
01B0
013B
01B6
0046
FFF6
FDCF
0148
0268
01B0
FE8E
FEFF
FE5D
0121
FE9F
0031
0218
022B
013A
024C
0109
FF7C
FEE2
FF5E
FF4E
001B
FD53
FDCC
FFCE
004B
0216
FE23
015B
FE84
0218
0211
001B
01E0
FE16
FF1C
FE52
FF14
FED2
FFD4
0103
FFC1
FF3B
01E6
00CF
FEF4
FF78
0125
0010
FF4F
FDCB
000A
FF29
0199
FE43
0180
FFD9
FF17
FF6C
FDD5
FD88
FF7A
0100
0297
015A
00E3
FE7F
FF8D
FEB8
FFD2
01BC
00F1
FF5B
FEEC
FF12
0112
FF8A
FE64
01C2
002B
0006
FEA4
01C7
01FD
FE6A
FFA0
0189
001C
FE67
FF5A
00BD
FDA1
01C9
008D
00A8
0067
00AB
007B
0088
00F5
0119
FE4F
FEF3
0165
FFDF
0079
FE29
010B
FFC2
FEEF
0186
FFF1
FF9A
00F0
01FF
FD62
02C2
01D7
FFEF
FE57
00D2
009C
0116
01C6
FFDA
0003
FE79
014E
FFD0
FF15
FF25
01F9
00C1
00A4
FDFE
018B
FDFE
01A4
00C2
FFB1
008E
00FB
FDDB
0116
01CB
0033
FEFD
023F
FF39
006C
FE0D
FE76
FEF4
FF78
025C
FE76
017A
01E2
01D4
FE84
FE2D
FECC
FEAF
020E
01AA
FF71
0115
001D
00B5
0036
FDEA
0111
FE63
00AF
FF2F
014A
00CA
FE1E
01D9
FF6A
FE51
FF1E
FF5D
00C6
0177
023B
00A0
FE75
FEF4
0266
FDC0
00BF
01E9
FD3B
FE3F
01DC
0078
0283
FEFA
0071
FE81
0031
024A
0235
FECE
000A
FF01
01BC
0164
0112
FF32
0083
0151
01BA
0040
FDDB
0143
0252
0126
FE5A
005D
FE79
0041
00FB
FE9A
FDD3
01C4
FCEB
FF14
FF96
0001
0029
0078
0092
01E4
0038
FF63
FE9E
FEE2
013D
FD25
FE71
010C
0138
FEEC
0233
0125
FDFC
0202
FDD0
FE89
0216
00F8
030D
FE1D
FE60
FF27
FE9F
FDAD
FE63
FEC7
FE05
FFF9
FED9
FFB7
01B2
018C
FF30
FD96
0208
01F7
000D
00AF
FECC
003E
FDB8
FE2D
00A9
FD80
FE9D
FF5E
004F
00DE
0228
FF25
FF89
FED9
FF79
01BE
FDB1
FF52
FE2E
FDE4
FDE6
002E
FE95
0183
009D
00BF
FE57
00DC
0074
0140
FE67
FFDE
015C
01A3
0060
018F
018B
011F
FF98
012C
FDBA
0223
0254
FFB0
FF66
FFF8
FDEC
FE42
0172
FE94
00C9
FF52
0131
FD93
0133
FDF5
FDB1
FF65
FDA3
FEBF
FFB7
FF89
FDAC
FE2B
FF4D
0083
0128
FDBB
0287
FDF0
00C4
0034
0070
01A5
FE36
FE82
FE79
FF28
FF79
0056
00A0
FFAC
FE77
028D
0235
FDD6
0049
0053
0158
0239
0192
FDB0
019B
FDC0
FFC7
00ED
00C2
00D8
027A
008C
0135
FF4F
01BE
0032
FF12
FE59
0019
FD6E
01D4
FE69
FF27
0161
FE12
FEF9
FDD1
FE4A
0108
0011
FF31
FFD4
023C
FF02
FF87
FDF1
FE4B
02B0
01E8
018E
00BA
FF78
FEBC
0203
FEFB
FF36
0221
FF3D
FEE4
0075
0065
FE7D
01B7
00D8
0162
012F
0234
FFBC
FD55
00BF
012E
FFA9
0105
FFB5
010A
FE9A
FF9D
0005
FF78
FDE8
FE41
0161
FF0B
028D
FDF0
FDA1
FDB9
FD89
0009
01E8
00DB
0191
FF0A
006D
0186
01AF
FDA7
00D1
0259
FD59
025A
0025
006B
020E
01EC
00F4
FED2
FE97
FE99
0184
FD5E
FE09
0221
FE93
FDE4
0061
016D
0005
014F
FF1E
FEF1
FFAD
0138
FFE3
FEE2
01EA
00A2
0213
01EF
013D
FE13
01B1
00ED
FF2E
0008
FEEA
FFE8
FD79
FFA9
0011
0011
FE2B
0185
0019
002A
0121
00FD
FDA4
0211
0131
0015
FFE2
FE63
01FF
0032
FE29
004D
FFCE
00B4
FD97
01A8
FE77
0172
FDF3
FFB7
00CA
0071
FFA9
FFA6
000F
FDCC
FDFB
FDCE
FFAF
FFB2
0233
00C5
FE6E
025A
0285
01B7
0134
0263
FF9D
FE26
00FA
FDBF
0154
00CF
FE2F
0200
0026
FF74
0135
FDE0
025C
00FD
FF75
FF6D
FF19
FE6E
00DD
FDE8
FF55
0280
FDB4
FE5A
0024
010B
FF56
FEC3
0149
01AF
FD9C
FE16
023F
0273
FE49
FE9E
FE69
FE00
FE05
FFD1
006C
FE36
FEEE
FF16
0200
0266
FD80
FF24
01F0
0130
009C
0064
FD8F
008B
00A3
FEC0
FFE0
FF9D
FD90
00D3
01F9
FF7E
FEAA
00F1
015E
FE36
FEC6
0158
0122
015F
004C
024E
0160
0141
FED6
01D5
FE8D
FE34
01D8
01E2
FED9
FFD6
011B
00BA
0025
FF7C
0211
FE34
0030
01FC
0258
FFB9
FD09
01BE
00F3
FE9C
FF88
FE7E
FFB9
00EF
FEDC
FF13
01E8
01B7
FE40
FE68
0184
FE2F
022F
00F4
0260
FE1C
00D4
FEB7
FF59
00D0
000C
FE88
0048
FF5A
0254
FE0F
007D
0279
FEE0
FFCD
0120
0239
FDA6
0219
01B9
FDDF
020C
FED2
FEF1
FF57
024A
00B3
FEE7
0192
0179
FDBA
FDE4
FEB9
002F
FE73
00EC
0071
FEE1
0103
0036
FE70
0256
01AB
FF1D
FF31
FEE0
FDF0
FEF9
01CD
FED1
FE31
FDCC
FD5E
01BE
FF4D
FEA6
015C
0033
FD22
0243
010C
00C2
0088
0202
0033
00C6
0082
FF80
FD37
FD5D
FF37
0270
00F5
FE79
FFC6
FF76
FD7D
00BD
FF39
FF9F
FFEA
FE4A
FF21
00E6
FF5E
0141
FEB1
00C4
FE60
FEC7
FD67
FF41
0175
FED3
FF97
0033
FFB0
0214
0011
FE12
01CC
FDED
FD5F
01C0
FE60
0030
01A6
FF83
FE54
0025
01B1
FDE0
FFA2
FE62
FFE3
0280
003B
FFAC
FDB9
FDE9
0237
0198
0147
FE8E
FF48
027B
FEA3
00F3
FDBA
FFDD
FF65
FE45
020C
0053
FFA5
FF6B
FFAF
FE3E
FE25
026B
FFE0
0238
01FC
026E
013E
FF04
FEF1
0002
0208
00A4
0111
FF42
0255
0223
013E
0220
FDDD
FF89
011C
0119
FDE8
0039
FE77
FF2D
FEE2
0144
FDEE
FE6B
FE00
001C
FDDB
FDB9
FE5D
FFEB
FF9F
017B
FE5C
0088
0018
FE48
01F7
00B2
FF42
FD52
006F
FEF3
00BF
FE7F
0190
FE7E
FE15
FE7D
012E
FE3F
0080
FDF0
FE96
0002
FDE6
FD71
FF11
01CB
FE36
0246
01BE
FEFF
FF4B
FEFB
FE67
FDE4
00DF
FF96
017B
0143
FE21
FE2F
FF55
FEBC
02DE
00F9
FFA6
0128
FDDF
FD93
FD55
FDD4
FE1B
016E
0071
FDBB
FFBA
015B
FEF2
0236
0055
FE1B
FE22
FFFB
001A
000F
000A
000E
FFFA
001B
000F
0000
0000
FFFA
FFF6
000B
0009
FFED
FFF4
0003
FFF6
0021
0013
FFE6
FFF6
FFEC
0006
0016
0009
FFF8
0001
000F
0001
0017
0004
FFE2
FFF3
001D
FFE5
FFE4
FFF3
FFF8
FFF8
FFF6
001A
FFE0
FFFE
FFEF
0017
FFF9
0008
000C
FFEA
FFEF
FFFC
FFF0
000E
0017
FFFB
0008
0018
FFF8
FFF6
001B
FFDE
FFF3
0009
