01B6
001E
FEDC
FDD5
FE86
FF28
024F
01BD
FD7D
0166
FF43
0046
0020
001C
FF19
01DA
0093
FF22
0211
FE6C
FE50
009C
00EE
01EA
0182
FFB1
0001
FD55
FF46
FE1B
FDE9
02A2
00A4
FF86
00C0
0215
FFD8
00A1
012D
0265
008A
FF94
FE0C
00CF
FE3A
020E
FE46
02AF
FD54
012D
01A5
FF53
FFDF
0120
0080
FD92
0091
FE69
00C6
001E
FF63
FEC4
FDDD
0132
0217
FF74
0010
FFB7
0057
001F
FF64
00DB
FEA8
FF12
002D
FDCC
FE1B
005A
FEC6
0000
FDE4
FFF8
FDF1
FF9E
FD81
018C
0064
FD5A
01A3
003F
FE95
00E3
FED6
018F
0198
FF6F
FD8A
01CA
FEBF
003E
00F1
FDCA
FEBC
FF37
FEF4
00AE
FF12
0127
FFA3
FDA8
FF27
0225
0074
FED9
0034
0246
FF67
FDEA
FD5A
00FF
FD61
FEC4
0154
0246
015D
FDCF
00C4
FE36
00B1
0125
0035
FFDD
FDA8
FEBF
00A3
00D0
FDD8
02DB
FD91
FF4E
FE3A
FDFB
001C
00CE
FF5A
FF5F
011C
FE6C
FE5B
FD7E
0233
FF72
FFF5
FEB3
0025
FF7B
FCC6
FE7A
FEF5
0022
0156
FD8C
FFF0
FFD3
00B9
026C
01CB
01DA
0119
FE20
FD00
022D
005A
01B3
FCA6
0109
FE83
01D4
02CB
0011
0273
0240
013F
FD21
00C9
FDAC
00F5
FD9D
004D
FD62
FD14
FF47
0039
FE73
01D4
0056
FE18
01E6
FF32
0230
FE8A
FEEB
FFEF
FE33
FD38
FF60
FD48
FF5E
FFC1
0160
FCEA
025B
FEF7
FFF5
FF5D
0000
0065
FDF3
FFF9
011B
FEE0
FF81
0191
0156
FE68
0052
FF99
0130
00D0
FE8A
FE0F
FE08
FCD2
005B
FD1D
0277
FF69
FEAC
0180
FFA7
01A8
FF8A
FDB0
00F7
007D
FF4D
FE55
0072
FDAE
FE4D
0161
024C
FF97
FC6B
0042
FFE6
FDB0
FE78
FFDF
00BD
FF44
020A
FEAE
0050
0214
FDFA
0098
FEF9
00C0
005C
0214
FE1C
FF63
FF6B
FF00
006E
006D
FF60
FDD8
0063
FF5F
FF7A
FDD8
01FC
003D
0144
01B4
FF9B
001C
0043
FDA1
FF01
001C
FE2C
FE28
FD90
FF53
01C7
0158
FE49
006F
FFDF
0135
FF32
FED9
FFDF
FD31
FFD2
FF9F
FEB2
0169
00B9
0018
0084
FE7E
0190
FEA0
FF98
01BC
FEF2
FD54
FFD8
FD48
004C
0027
007C
FF8F
FD9C
0081
01F2
FFB0
0154
01B5
02C5
024A
FE07
01D3
FD43
FFE1
FEE1
FED2
FFDE
FD2E
FF3D
001E
FF65
0028
FEB6
0069
FDB0
FD72
FEEF
FFE9
FE25
01A2
FF37
FFA6
0186
01A5
0118
FF50
0033
0127
FE73
01BE
00BD
FE00
FFDE
FE51
006B
011C
FEC9
FF08
FFF2
008D
FE39
FF80
FF6C
FEF2
FEF1
FD2F
01C0
FF70
FF94
01D1
FF08
FE5E
002C
00ED
FEBD
FFB6
0231
FFE7
FFBC
FFD5
0111
00D2
0140
018F
01AB
01F8
FF4D
FFF7
FE5D
FF62
FED1
010D
FF24
00E5
003F
FFA0
0096
FF3E
FEB2
0148
0012
FFA6
FFBD
0028
01AB
FF5F
FEFE
FF55
017F
0087
012C
FFB3
01D6
FEE4
FF16
FF76
018A
0060
0090
01EA
FE6C
0118
003A
FF37
FEEC
0113
015D
00B1
0023
000E
0075
FFB8
FFFC
FF61
FF89
01A4
004B
FEC1
016F
00C6
FF8F
FFAD
FE77
00E8
FF94
FFAF
FF5F
FEF4
01DB
FE8D
00CE
FDBD
FFBB
00B7
0006
FDBF
00AB
018C
FF01
0145
0120
016C
018D
FEED
017F
FFA7
FFD5
014A
00A3
01B0
0010
00C4
009C
0169
FF64
0158
FFDD
FF0B
005E
0111
00DA
0062
FFF4
FEB1
FF8B
0144
FE41
FFB3
014B
0072
FED9
0180
FF5D
017E
FED3
0041
011E
01C3
013D
FF5D
FE25
FFCD
FD9F
001D
00E8
FDE0
023D
FE87
0158
FF63
FF6B
FE9B
01A3
FF45
FE8D
0088
0183
FEF5
FF93
008B
021B
00DF
FD98
0095
FF11
000A
FDB6
FF0B
0181
0216
FEBC
025B
00D9
020E
0268
01CB
0266
FF8A
0022
FE52
013F
FFED
00DA
FEEE
009B
0048
FFDB
0196
FF22
024A
0195
FEBD
0090
0143
FF04
FEA4
FF78
01A9
FEEA
00C9
FE55
01C6
FD93
008B
00EA
FDAD
0120
FE84
00C3
FF03
FFF0
0018
0007
FFDA
FFF5
0043
0198
0075
0056
FEAB
003E
00CF
FF80
FFF5
FE61
00EA
0085
006D
0006
FF80
FF57
01CE
FFAE
FF44
01AA
FDF3
00F8
0076
FF4F
0116
FFDA
0020
0079
FFF4
01AC
0031
FF24
0033
0097
007E
010A
FF7C
0218
FEFE
FEB7
006A
0036
FDF9
FDAA
009E
0046
01E4
FDE6
019B
FF6B
FEC1
0041
0181
0085
FFC1
FEFB
018E
0126
0194
FE8C
FEE9
FE94
0157
FEA7
FF13
FFE1
FEEA
0006
FFFB
FF0B
005B
FED5
00AB
FF64
FF03
019C
FFF8
FE7D
FFBE
0007
FEE9
FF0E
FEAA
014A
0061
FFA7
FECE
FF6D
00EC
0142
017B
0076
0156
FF94
FFA2
012E
00D1
0140
013D
00D9
0178
FF68
FF31
00B6
FF15
FEEB
FF86
00FA
016D
FF48
007C
00B9
FFA1
FEDE
00D4
00E8
016F
FFE2
0148
FFE5
004B
012A
FE97
FFA7
0176
0049
FEEA
FF8D
FEB2
FFA4
013A
0154
0072
0074
0110
FF74
FEE2
0132
0071
FEF3
00FC
014F
0096
FEFE
0145
0168
00B0
016F
FEEF
FFA6
FFD5
00CA
009C
FE9E
0147
00EE
009E
0146
0040
00D8
FF86
0062
FEA4
0068
00BE
FE6D
007C
FF9C
FF54
0177
FEEB
FE63
FF43
FEC8
0138
FED0
0014
FF36
FFF7
0111
0162
FEE6
00EE
FFD7
0026
00C9
FF8A
FE8A
012C
FF7E
01B3
008F
FF0F
FF27
006B
0084
FFFB
FEC5
FF96
FFDB
FE25
01A2
FF8E
FF38
002F
01CC
FE7D
FFF0
FF5E
FF95
FFB2
FEFE
FE68
007F
015B
00D0
FFB5
0141
FEDD
00D8
FE95
FF0D
001C
FFBE
FF21
0179
01AA
002F
FFD2
0011
FF01
FEF0
FFE7
00BD
FEB0
001B
00EE
00A4
005B
0057
00E5
FFC9
FEE7
FED6
FE47
FE2B
FE64
013C
0111
FF55
0149
013D
FF8D
0142
FF97
0127
FEB5
00E2
018A
FF43
FEC7
00CF
FF18
FFFC
00C4
0110
FF9C
016E
FF48
FFB1
00C4
012E
FFEC
010A
FECD
00AD
00E2
FFE3
FF1A
0203
0121
01BA
00DE
FFC7
FF8A
FE28
01C2
FF24
01D6
FF31
00E9
FF6D
000D
00B5
0119
FFBA
0163
FF25
FEDE
FF6B
000F
FFBB
FE12
FED3
0024
00DE
FD24
FF58
0116
00D1
02AA
02D7
002F
FFD2
00EC
FE95
003B
015C
01F7
00B6
0242
0005
FD89
0065
FF16
0094
032A
0166
FEFF
FEFD
0009
01AD
FEB9
00EE
FFD6
0128
0293
FE78
FEC5
0162
FCC4
FEFF
FF92
FFD0
FE93
FD31
FDC2
00CF
0114
FD8C
FFE3
FEBD
0090
FE1B
0165
FEFC
FEC1
002A
FFC3
FD56
FE73
02CD
FDCC
0309
00E2
027A
FD35
031C
0263
FF59
FCCB
FF8F
FF54
FF9E
01EE
FFFA
00E8
FE26
00ED
0205
FE35
0192
021E
0172
00AF
FEC3
FF6A
FCF0
013D
FEFA
000C
FCA4
0045
00A0
FDD3
00EA
033A
FDD9
003A
FE81
FF24
FEBA
0017
FFA4
024F
FD72
FE90
0214
00FB
FFBF
0209
000B
0077
FDFD
0026
0105
FF40
FEFB
FE6F
008F
005B
FE71
FF4A
0167
FFEC
FEF4
02C4
02E8
FEFA
FF9D
FDDF
00BA
FCAF
02A0
0090
016A
011D
001B
FEF3
FE34
00A4
005E
0016
01AF
0060
FF30
00DB
FDCC
FE69
00EF
0176
FE8A
0200
FF7D
FE1A
00E6
01E0
0146
00E9
0076
0022
FFF6
00F5
FE25
FFF7
0248
026C
FF8F
019D
0083
0014
FFD9
FF39
0084
006C
FDC5
FF3A
01A0
FE06
0212
FE74
018E
FFED
02CF
FF9D
FFA4
021E
01FA
FEDC
FF0A
0196
FFE8
FF28
FFE9
01F5
FD48
003D
FFE1
007D
FFA1
0142
01F4
FFC4
0106
00A9
01EB
00DF
FDF7
00FE
FDD9
FDD1
FE50
007F
017C
FF28
01F4
0061
0035
FE4A
01CF
FF15
FE5A
0231
FFF1
FF17
006B
00AB
002B
00E3
0234
FF37
FF64
00CA
00B4
0020
FDEE
0067
0052
FE07
0062
FEA0
0076
FFF9
FF83
0224
FF39
0291
01D9
FDF2
FFBB
FFF6
FE63
FE07
0131
0035
FDE6
00D7
FFC5
00C6
FE17
0151
FE9D
FE48
FFD3
FF44
0086
0249
01BB
FFA3
FF64
0164
FFBA
FFCD
FF75
0273
0107
01AF
FD69
FFC0
FFCE
FF07
FFE0
FFF9
FF82
FE77
FF92
006B
0184
FD2C
023F
01B1
02B0
0127
FE19
FCED
022F
FE03
FEA5
FD84
FFEF
FE8C
FD88
FED5
025A
00F5
FE2F
01DC
FE57
0072
FD53
013B
FE7C
FED1
018E
FEC1
FD07
0087
02C7
FEA8
01B4
FE6A
FFF3
FEA2
00AB
0137
002C
FF24
FF94
FD28
FEBC
017A
FFCD
02E8
FF27
02E6
027A
FDC1
02BD
0047
021A
0210
FE0E
FF98
FE46
009B
FCAF
0032
FFBA
00D6
004C
0011
01A3
0077
FEE3
0171
FF60
FCBF
FD3E
0009
FD26
00BF
FE1F
FFC0
01F2
0029
0261
029A
FF3E
01D7
FD69
0127
0099
FDFA
FF05
FD06
00D2
0024
FDCA
FF0F
FE36
01FF
FF43
FFB7
02AB
FE15
FFF3
FDBF
00EA
FDB7
0027
FDE6
FEB9
FE91
00F4
0009
0055
FE8B
FE8A
0061
FE11
01BE
FEB6
00A8
0165
0064
FF5A
FCE3
FF84
FCFD
FF61
00D6
01E2
FD99
FE7D
FF6E
023D
FDF3
0168
009D
FFA9
FF97
FE79
FF42
FF42
FD80
FEC1
FE87
FDF2
FF61
FF08
FF28
FF63
FFF4
FD51
0026
FD24
0220
FF68
01BC
FD01
FCB4
01BA
FE83
FD5F
0139
01E5
FCE3
0113
0052
004C
FE10
0031
FFF3
0102
FF8F
FFAB
FDEF
FE55
011D
00D3
0089
FFBA
00A9
FFFE
FF4E
0139
01A4
0062
0230
FF5D
0171
FD56
00C9
FF4F
0034
FF8D
FE60
0110
FED3
01D7
01D2
FF6E
007B
FD8F
FFB2
FE48
01BF
FEBA
FF78
FE23
FD29
FF78
01FC
FF64
0173
FE32
FF4E
FF8E
0144
0195
FF42
FDA6
FE2B
FF13
FFE1
FD1C
0040
FF98
0084
FFCD
0213
0001
FDF3
FD6A
FD4B
023B
FF2F
0107
FEA0
FF9E
012A
01DC
01A9
0188
FFC3
FE53
013B
FFAB
FFF7
FED8
0213
FFCF
FFE5
FE6D
FEFE
FF87
FE27
0093
01A7
FEBE
005D
FED2
FFDE
00DA
FF16
019A
FF4F
01E7
011D
009C
FF1E
FF93
005E
0088
FDE2
FE11
0089
00D7
FF4A
FFF0
008E
0066
00BD
FF5D
0164
FE24
FF4E
FF31
005D
0071
0011
FE21
FEB7
0107
FEEF
01E6
FE9D
012D
FEF3
00FF
FF9A
FF5A
FE9E
FF26
0026
0078
0212
FEF3
016E
0009
00E5
0128
FEB9
0156
0213
000B
0182
FF62
004C
0029
00B0
FFCC
FEEE
0022
FF48
004C
00DB
0161
FF61
FFA7
FFDD
0068
FEB4
0094
FF72
014C
004B
FEDA
FE7B
0156
FFAE
0143
FF4F
FF36
FFAB
0072
00AC
FFBC
FF08
001F
006B
FEE0
FF0A
009B
0120
FDB0
020C
FF69
009B
004A
FF9D
FE6A
FF1D
00A8
FFA2
0061
FFC6
00EA
00C3
00EF
FFF1
FE6B
01D3
FF1F
FE63
0027
014D
FED7
FF1D
0074
01BD
FFBB
01B0
FFF1
0056
0082
FEAE
FF18
FF5F
01E9
FECB
FEC2
00E8
FF7D
0047
0121
011B
FF69
FECE
FE27
01B4
017E
015C
001F
020C
FFC2
FF28
008F
FF98
FF5D
FFFA
000E
FE5C
FFDA
0003
010B
0007
00FB
FF2C
FF45
019F
FEFF
FF41
0128
00CB
FFC4
0080
0131
006E
FE9D
FF9D
FDE3
FF7B
001D
FED5
FFBC
FE51
01D6
FE3C
FE3C
017E
FFCC
FE3E
FEF4
FEB7
0143
FFCD
0015
FF1D
FEFD
00A7
005C
FE85
00EF
FF10
FFE1
0142
FF45
0007
0125
0013
01B5
FEC3
FF88
0123
FFF7
015E
0063
00D9
FE87
0058
FFA4
FEEE
00CB
00CF
002C
01CE
00A4
01D3
FEB4
FF01
0089
FF96
FF31
0111
0072
007F
FE40
FF36
0103
0145
FE83
0067
0021
FF46
0140
0028
FF67
FF21
FFBF
01CC
FE88
FF71
FE54
0072
FEE4
FFF2
0177
013A
00F6
FEB8
0000
FE75
0132
0102
019D
000E
00E9
FF7C
FEF0
FF18
FEF2
FF1B
FFF5
00F9
0069
0058
FF35
FEA8
FE30
FE38
0120
FF36
FF4A
FF65
0169
FF89
003F
FF1D
00D5
FF62
014B
01CC
0040
00DE
01F5
006C
FF84
FF41
00F4
0033
FEE4
FEC2
FF21
FECE
FF4D
00A3
00B1
0057
0131
FFFD
FEBA
FFA6
0127
0159
FFCC
FF05
FF58
0174
FF71
00C3
FF8E
001E
FFF9
0077
00C4
00F6
011A
FF7F
00D6
FFD6
FF11
0178
01DA
FFC8
FE98
FEB7
0090
0004
FEA4
0162
0053
0039
012A
0071
FF09
00F1
00A6
FED9
FE9E
017D
FF0F
0191
01D9
FFF7
0009
0061
010C
FF15
00E1
FF81
0205
FF42
FE85
001D
0191
0050
FE6A
0114
0199
FF9B
0045
017F
00BB
0160
0183
FEAD
FF46
016F
00E8
0046
0001
FF79
FFD4
0051
019F
004D
FE7D
013A
FEA5
0039
00FA
00F9
FEC7
FE96
00D8
FF03
016F
0131
0093
0007
FFDC
FEB0
0085
0164
015B
0142
FF67
0000
FEAF
FFB7
0133
FEE0
FEC6
FF63
FF95
0108
0074
010E
01C4
FEC9
0041
00B0
018A
FEEE
00BB
00E1
FFE1
FEB4
0096
FEE8
00A0
01CA
FF7F
FFE6
FF00
013E
011C
013E
0036
FF90
00ED
FE65
0041
FEA5
0001
00EE
FF49
FDE4
0140
00E1
FEE5
01AA
01CB
FF91
FF9D
FF23
FEDF
FF8B
0017
018C
0174
FE8E
FF7F
FEC5
FE7B
FF0F
FF74
0180
FECF
FE3C
0076
FE59
006A
FF4E
FF30
FE2A
FF6B
FF52
014D
FEA3
FF90
FF36
FE49
00AD
0135
FEC8
0032
FFA1
FF15
FF6B
FED5
FF51
0007
01AE
00B5
FE21
0098
FED9
FFF4
FEE2
FF4E
0102
FF5A
FEFC
0170
0123
0196
004E
00B3
0006
00AE
00AF
0107
00AA
01AD
00AF
FEEC
016C
FF10
00F3
FEE2
FF0F
00D1
FFBB
0000
FFF4
0100
FE5A
0074
00DD
FF1A
0022
FF55
FEEB
FF8A
00D7
0093
0015
00CF
FF13
0035
FE37
FECF
FFF0
FEBE
0125
0175
FEBD
FF08
FED2
0117
00B5
003C
FF0F
00E7
FF55
009A
FEF6
FF3B
FF64
00DB
FFE6
009C
0198
0121
004E
FF98
0012
01CD
FF6D
011C
0072
FFC0
FEE6
FFFD
FF2A
00FA
FF53
0179
FF91
FFE1
011B
0178
0167
0026
0177
FF3D
FF32
FF14
FF3A
FFF4
006B
008A
FF9F
00FD
FEBA
FFD0
FFBF
0176
FFAC
FFDD
005D
00A9
FE1F
013B
FE82
0115
FEA8
0186
0035
0060
FFCA
005B
0024
FFD3
FF75
0128
FEB7
0054
0031
FF8B
FFFA
016F
FFDB
0090
FF47
FEB2
0185
00FA
FEFE
FF83
01A9
FE9B
FF6D
0016
FF73
00FC
0175
00FF
FEC6
01C5
01B7
0165
0022
FFFC
0099
FE76
FFA7
0180
00F8
0032
00A1
00CE
00AB
FFD4
0101
FE85
FED6
FF7B
0032
0079
FF7C
013F
FFE5
FF71
00EC
01C4
00A8
FF65
0144
FF8E
01B0
0024
FF98
0225
FFFE
0091
FEB4
014A
0190
0131
0022
0196
015F
FED1
0055
0193
FEFA
FE94
FEF0
008D
FF56
011A
FF7B
0197
FF10
0073
FF5E
008F
FFDE
FF1B
0055
0062
FF1C
0156
FF82
FF06
01D4
0176
FFB1
FED5
00CE
FF1D
FEC1
FF17
0064
00E9
0076
FFC2
0163
FFFB
014A
0173
00B1
FFE9
0159
01DC
013E
01D7
009A
FFD8
0037
FF88
0176
FF55
0108
006F
FF10
00F1
FFA2
FEDA
0082
008C
00F6
FFB7
000D
0189
FEB8
002E
FE9A
01B4
007C
FFA6
0063
010D
01B6
00CA
0129
001D
FFC6
0013
FF79
0023
0193
FFB7
0141
FEFB
00B0
01B1
FFBA
FFCF
FF03
01A2
00ED
FFE0
0030
FFB6
01C1
FEEC
0132
0113
00EF
01B3
0088
FEF5
0194
003F
FF65
00D3
FF5D
FFD1
0149
01FD
FEFE
FF9A
FFEB
01A2
00FD
FEF1
016A
FF94
FFDC
0027
FED7
001A
FFBF
01BA
FF7F
01A8
FE9A
FEA1
00F3
FF5D
0038
FF6A
0151
01CD
FF17
FFD4
002C
FDF4
002C
FF32
01A5
FF65
FF73
00EE
0129
FFE3
FF9F
01A1
FEC7
0025
007E
FF17
FEFB
FF52
FF67
016C
003E
FFA3
FEF5
01B3
FF81
01A8
00A1
00FD
0155
007D
0195
00C7
01C8
0191
FEFB
0151
0150
FFC4
FF7C
00D1
FFDE
0110
00FD
0106
FF00
FF30
FF63
01A4
FF37
FF8F
FE88
FE9D
FF7C
FFBB
FEAA
012B
FFB8
FF0F
01D6
009A
00DE
001F
FF3E
00C6
002B
FEE1
010F
FED8
FF51
0120
0187
0055
FED7
FEED
0043
014F
00F4
FFB4
00F5
0016
FE9B
010E
01E7
000F
FEFD
FFCE
FF5E
0148
0035
0173
FF9F
FECC
00B3
00B9
013B
FED7
FF3B
FE7F
00CD
FFBE
01CB
FF13
FF22
FF7E
01A0
FF3A
0071
00A4
0110
0131
0116
00E7
00FA
FEEA
01C4
FFB4
FF04
FF5E
FE8F
FFD0
0117
FEE6
00B4
0085
FF73
01C1
FFA6
FFD0
0077
005F
FED1
FE7E
FFA2
0040
FEBC
01AD
0198
0004
010B
FFC4
FF32
0158
FF46
003D
00FF
01A4
FF38
00CC
0058
0112
001E
FF31
FF30
FEDF
00C3
FF35
00DB
FFE6
006D
FF01
01D2
002C
FEB9
FF89
FF2C
00C5
FF3B
0074
0076
0189
0182
00C9
0150
FF94
0176
FE9E
FF25
FE4A
01C0
FE8B
002C
003C
FF78
FF96
01CC
FF84
0048
008E
00F2
FED1
003B
FFF4
006F
FDA9
0056
01C0
005C
01E8
FF7A
008A
FFAE
FDE1
0017
0071
004E
00CB
000E
FF39
FFF5
01B5
FFE6
FFC2
FF5B
006D
FFF6
FF02
FF33
0212
FE52
FEE1
002C
0115
0096
009D
FDFF
0129
FF4A
000D
FDD8
00AE
FE21
0087
FF52
0179
FF95
FF03
01F9
FED2
FF54
FEA7
0051
FE0B
FFC4
FECD
FDC2
FDC1
FEF2
FEE0
FE6C
0086
FF02
FEEB
FFD2
FF5F
00D6
FFD3
00AF
FF1A
FE73
FFF6
FF7D
0176
0182
FDF2
FEFE
FEE5
FE7E
FF48
0134
0248
0149
FE48
00A3
008C
FF89
FF8D
014B
FEBD
0025
00D1
017E
FFC0
00F8
FF3F
0097
FF62
00C6
00CE
01F1
FEDE
FEFE
FEA6
FD7C
010F
0204
0034
0024
FF09
FF1B
FF4B
003A
00BE
FF70
FDC3
006F
00A8
01A9
FFE0
00EC
FF99
01F5
001F
0048
0049
FF87
FF88
FEC6
0193
FDA9
0211
004B
FE81
013A
FF86
01FF
01FF
FF31
FD1B
0067
FD94
009A
FF4A
0213
00AD
007B
FD1C
FF53
018B
FCBF
FF9B
0248
001A
FFE8
FF3A
0081
006E
FD30
01C3
014D
005F
0169
FDF6
FF7A
023A
FE2F
FECB
FD83
FD55
FE45
FEAC
FCA2
0029
01B7
FFA5
FFAA
FDEE
FF75
FF67
0080
FC7F
FE5C
019F
FEC1
FD7D
FF7B
00FC
FE0F
012A
0079
0049
FF67
FF46
0218
00DB
FF15
01B6
FFB1
FEEE
0091
FF35
006A
FD93
FF7F
01E5
FCDD
01C5
FF0A
0166
00B4
FEE2
015A
FCA4
FF63
FE53
012A
FF28
FD68
0142
FE04
FF9C
00F7
FD93
011D
FF27
FCF0
FE1E
FF8D
FE3F
FFBE
FD26
FF08
FFEF
0121
0000
012D
FE8B
022E
FEA4
00D6
016F
FD95
FF5F
FE51
00C0
0177
FF72
FF42
010F
01D7
FD02
000B
0258
FDAE
FEEF
FDF1
FF1A
FD66
021E
FFF0
FE13
FEA4
0228
02EA
00F0
FE54
FE47
01FE
FE7D
01A6
FF4E
00B8
0294
00C0
FD38
FF4B
0121
FF16
FF71
0037
00D3
FED5
002C
FFD7
0289
FDB4
00DE
0212
0217
0108
FE15
FD82
0323
FE2B
FF51
0025
FD2E
FF46
FDDC
FD32
0003
02D1
FEAD
00F9
FF7D
029D
FE2F
0256
FEE8
FC9F
02ED
FD96
FDDC
FFF5
019B
FF08
0183
FEAE
011E
FE37
0320
0169
019B
FCFD
004E
FEE1
0040
02FD
FE57
013B
FE43
020F
00C4
FE2B
010C
02B6
012D
0100
FE80
0248
FE7A
FF26
FEF2
00F4
FDFA
01C8
00B0
FD95
01F1
0238
FE21
FF8E
FDD6
FCE5
FF1E
00C9
FDE3
01D5
FE34
FFBE
0259
012B
FF9B
022E
FE77
0174
FEA1
0085
003B
FD69
FD51
FF53
004B
FF73
FE69
FFED
0045
02FD
FE00
0062
002C
FDB6
FD5C
FEC7
02E2
FD47
01CC
FE97
00F1
002E
01A1
FFE2
FF3B
00C9
FE4B
01E3
FEE0
0040
013A
0104
0030
FF99
FE95
FE8B
00C8
FFCB
0120
01FC
FFC5
FDFE
005E
0101
0163
FEB9
0110
015B
01A3
FF9A
002B
0032
004B
00C2
FFC7
FE68
FFF4
FECC
FE37
FFD5
00A9
0106
00E6
FFBD
FFD6
00CC
FEB9
FF83
FEDC
FF63
019D
FE8A
0179
FFA3
00A3
FFF7
FED3
FF0F
01B0
002A
0187
0031
01D8
FEC0
FF81
FF79
00CF
FF4F
00EE
0102
FEC6
005E
0144
FE6F
00D2
0204
0054
015F
FFBD
0018
007E
014E
00C6
0096
FE6C
FFEF
01BA
018D
FEA9
002B
FE85
00BE
FF4F
FEEF
00FC
FF22
FF18
013C
FF1D
009E
FEFE
FFCC
0165
FF9D
FEDD
0187
002F
01C3
FFD9
0084
FEF3
FFE5
FF28
FF9B
0159
0032
0147
015A
FFFA
00AE
0002
FEC4
FE83
FF20
FF7E
012E
FF4D
FDD2
FF94
FF10
FF35
0221
012A
0065
FFBD
014F
FF01
0161
FF6D
FFBF
FFD4
0268
FFBB
FE20
FF1B
FF78
0115
0186
0050
FF76
FFB2
0145
0274
FED0
FFF2
0133
016F
FFC8
FEBD
FFC4
0186
FEDB
FEDE
FFC5
0035
FD58
FF76
FFC7
023E
FFBE
FCE3
0014
FEE4
FF7A
FDFE
00BE
FE9D
FCA1
00DB
FF56
FF5D
FE8C
FFBE
FE19
01C0
0156
0079
FD15
0156
0237
00DA
FCDA
FF46
FDEC
FE0F
FFAC
FE94
01D2
FE47
0131
FFF5
FF15
0026
01FC
0317
01CF
FD59
0025
FF59
FF15
FE2D
0198
FCFE
FEB9
009D
FE3F
010F
00F1
FF87
014F
FDF1
FFBA
FCF4
00F6
FD35
027E
FE70
FF64
FF95
01E1
0101
0160
00D1
019A
FD09
0268
01BC
FF48
FE63
FE2C
010E
FEDA
FEE1
00D1
00D7
FF69
FFD1
009E
025A
FF84
FDC7
FCDE
0288
FEFC
004E
004B
0100
FE61
00D2
00DB
FF85
00FC
0070
FEEF
005E
00AD
FE9B
004A
006E
01F1
FEFC
0108
003F
FF18
004E
FEBB
0103
FFFA
0075
FFE1
00AD
0078
001F
0049
0012
FE63
0078
016B
003E
FE80
017E
008C
FED2
FF1C
00B6
0029
FEE7
FF68
00D2
FF18
0046
FFDC
FFB0
01A1
016A
0038
FE9E
FF65
FF37
FFF4
010A
FEBC
FECF
FEFD
008A
0053
019A
011E
0054
0136
FF54
FED1
FFE9
0133
005D
FF65
01AA
FF93
01C0
0049
001A
000A
017A
01BF
FF31
0228
FE82
01A4
FFB9
0034
0126
01BB
FF05
0048
013A
0076
016C
0043
FF03
0195
0164
007B
FFAA
FF32
FF4A
FE72
004B
01CB
0192
FFE5
FFD6
FF1B
0183
FEC1
FFF6
018B
FE6B
FF41
FE07
FFF6
0055
FF60
FF9B
00A4
0146
FF98
0078
011F
0102
0171
0180
FF5F
FF0B
00AA
FEAF
FE2B
00AF
012B
0050
017F
FEF9
0125
FF7A
0192
0147
01DC
FECA
00D1
0061
017A
017A
FF88
FF7C
019C
FF38
FEDE
0105
015F
FF92
FFBF
00A9
0113
019C
FEA0
01B2
FFC9
FF39
FF53
010D
0174
FF5B
FF6E
0005
00FF
FE76
FE55
FFBF
012E
0010
014C
0150
FE89
001F
0002
FFB9
01B5
0129
FE6C
00DE
FFF0
00A1
FDFA
0086
0114
FFCD
017A
FF1C
011F
FDC4
FF74
0012
FEC9
0044
001A
FFA4
0131
FFE1
FF4A
0022
FF5F
FFB5
00DB
FFE6
004B
0136
FD92
0049
009F
015D
FFA3
FF22
0024
0066
0141
0105
0048
FF63
FEC0
00F4
014C
FFBB
0103
FF70
01CB
0146
0098
0074
FFC3
FF01
018B
FF40
FF23
00BF
FFD8
FF18
FF2F
FED8
0034
0078
FF30
FE39
008F
003E
FF90
FECE
FFA9
FFA1
00BC
FF3C
0146
FF3C
0190
FF4E
FE4D
002A
FF6B
0105
019D
0105
00E9
009D
0006
FE82
FE82
014C
0078
0197
FFC6
FF73
0052
00ED
0031
0166
017F
FFE9
FF52
FF34
00E3
FEA3
FF15
00F2
FE8A
013A
FEA2
FEC3
0003
013F
FFFA
FFBB
FFA6
0075
002D
012B
FF30
0023
FF42
009E
FFF2
FEC4
0088
0013
00F3
FF91
00D6
0130
00F7
0004
FFA7
004A
FFFA
FF22
FF3B
FEB3
FF10
FFAD
FF63
FFD1
0125
01A2
00AF
0185
FFB8
FFB7
FEF7
FF1F
FEE6
FFA7
FFD1
FEB1
00DE
FFD5
FFEA
FFD0
0108
00AD
0089
017B
0146
0076
0112
003B
FF61
FF8A
FF97
FF99
FE82
FFE7
0081
FED7
FFA1
00BB
0082
0083
0152
FEDD
005E
000B
FF9A
003C
FFE6
00BA
FF70
FF89
0123
FFC4
00EF
FF2B
005D
008A
0061
0036
FF2B
017C
0036
00D5
FF6C
00E3
FF4C
0181
0077
01D0
FF69
00D1
016E
002A
0251
021D
0170
0109
0160
FEEA
FEBA
0191
004A
FFE3
FEF7
FEE3
0180
FE90
016C
FF56
004E
020C
00CE
FFB1
FF66
FEAD
FF64
00F4
FF88
FEDD
FF51
00DC
FF20
018C
0050
FF01
0084
FF4A
0211
00CA
008E
012B
0134
00D9
0073
017B
FE8C
FFA4
FF86
FEF9
00A7
006E
000B
FE96
002C
009C
FF41
013D
000A
0174
FF9B
01C9
FFF1
009D
0034
FF06
FE90
020B
FEBC
FFAC
FFA5
FE9A
0168
00A2
FFBF
0182
FF74
00E7
0072
FF9A
FFE4
017C
00C4
015C
00A6
FEE1
0164
002A
FFDB
012B
FF1A
01B2
0128
00B6
0133
00CB
0059
004C
0179
00CD
FF1A
FEF6
000E
0101
FE7C
00E8
FF57
00EF
0122
FFC0
FF80
015F
0157
00C7
00D5
FFEE
0160
009B
00E4
FF49
01AC
018C
FEEF
0020
FFDA
FF00
FFB8
020A
002F
004C
003A
FFEB
0075
0078
001C
0193
FF73
FF00
FF53
FFAF
0155
FF52
00A0
00A2
0049
00CB
FF8A
FFF0
FFE9
0232
FEA5
FFF9
0084
FFEF
FFDC
FF63
FE9F
011D
FF53
FE99
FFF2
0087
01CE
01FB
FFE9
0206
FF54
001E
FFA0
0107
FDDE
FF71
008D
0177
FE16
00B0
FF1A
FF5E
00AE
FFAB
FFA6
FF88
0062
FE48
0094
FF29
0029
FFF5
FE96
FE92
0225
FF3D
0024
00E9
FE10
02BD
00B5
0122
FF13
FF4B
01A7
FE19
FF19
FE37
FFBE
FF6C
002A
0229
FE9C
01EB
FEEA
0105
FE3D
FFBD
014C
FE21
FF1A
011A
FFE6
01F6
0167
005C
00B2
FF59
FFE3
009A
FFF6
FF76
FFFE
009C
002F
015E
FE84
FF6B
FE09
0077
0030
0221
0169
FF73
FF1F
FF5D
008E
FEFD
FFB0
021A
FEBF
FE65
0219
015B
009B
FE27
0207
FE47
002E
FE9A
FEBB
00D0
0043
010A
002C
FEFC
00F5
000F
0085
FED3
FFAB
FFBB
00F8
FE67
FF2F
FF43
003B
0134
006A
018F
015C
FE6E
FF70
0184
FED1
FF8C
FEF9
0062
FF4C
FFD3
008E
017D
FF2E
FF1E
FED4
FF10
FE36
FF79
FEC7
014A
015D
0003
011F
FEE0
00D6
FE9C
01F4
0034
00C1
FFA8
FEFB
00F7
FF85
012A
FF88
007E
FE53
FF1A
FF50
00C6
FF51
0199
FE1E
FE2B
0073
FEBE
01FF
FE53
0125
FF61
0161
FFF1
FE2A
FFF3
0057
01AA
013F
FEEC
FFA0
FE5F
00C6
FECC
FFEC
FE90
FF7B
FF75
FDEA
0216
FF91
0056
FF8C
00A0
FF9D
FDF6
00BC
FF5A
00CC
0005
FF6D
0040
FF13
FFC4
007B
008B
FECE
FF85
0175
0127
0084
FE80
0191
FE2F
FEE1
FE4A
00E4
FFA4
01FE
FFFB
01DB
01C7
FF1D
FDFC
0006
0084
FDFA
01F9
0253
0261
FEEC
FEE6
FEC9
0023
018E
0103
FE42
00A2
FE83
001D
FFD6
FFFB
FEAB
01CF
008F
FDB9
01E7
FEB8
0022
FF79
0069
0037
0175
FE61
0252
FE43
FDC6
FFA7
FEB3
0276
FFDB
FD9A
FFA0
0275
00DA
006D
FFCB
00B5
0003
FD5A
FDEF
017D
FFCF
FF63
FE87
0187
FDA4
FFAB
FF62
FF36
003E
00BC
FF76
FE5E
013E
003F
FF32
FEE5
0061
FF9A
FF35
FEC3
0026
FCF4
0207
FFD9
FFAA
01BB
FE12
028D
FFFF
0038
00B9
FF76
FFC0
FDC6
FFED
0258
000E
0132
FF43
FFA8
FE08
FF98
0036
FFAB
01CD
0059
0052
021E
004F
008B
FFF9
FF33
FE04
010E
FEDE
01F8
0046
FF5A
FDD4
FE60
FE59
006F
FFD3
0031
FD9F
003D
01B3
01A9
0252
FF1F
0068
0007
00B5
FF51
FF3E
010E
FF58
FF29
0089
011A
0062
FEF7
00D9
FDB6
0295
00B0
011D
FF49
FD85
FD5B
028D
FF7D
FFFD
00DF
FFFB
004A
FFD4
FEF4
FE38
0102
019F
FF07
0199
0082
FE44
FF88
0055
FFBA
FFA8
0035
00AD
FF5F
FD0B
FEFD
FD11
0096
0160
FD8C
01D0
0154
0077
01DF
FF5D
0223
01F5
0056
FFF2
01D9
FE3C
003C
FDEC
0208
FE83
0209
0212
FDB8
0059
00C0
FEB9
FDB8
FF0F
FD69
FE87
FE5C
02C0
FDA2
FCF1
001E
003F
FF6E
006E
FEF7
FE9C
02BF
FEC1
024F
FED2
FF7C
0147
0007
FD98
FD9B
FE50
FFD3
FE9A
02B5
FF3C
FF7C
002A
01B5
FE4A
FE08
01B7
FE0B
FEAB
01F5
FEEE
00D0
0130
01F1
FEEE
FF00
FF4E
00CF
00F5
FD89
FEB1
FD94
FCA6
01FC
FD93
01D8
FE6E
FE67
FF71
00CD
00CC
00ED
FD61
0129
00B7
FF87
FD4C
018F
FD42
FFDC
0056
022B
FF60
FE6A
0066
FFE0
FEF7
FEC3
FF10
01AA
FF10
01B5
01F9
0166
019E
011E
01B4
FF3C
FEE4
01B0
0173
00D6
FFE6
0193
FF4A
FF00
00B0
00E1
FF87
01E1
0146
0113
FE92
FF4E
000F
FF5E
01B5
FF65
0065
FFCB
FFC2
FF43
015F
FE81
FE58
FFEC
FE69
00EF
FFC8
016D
01FD
0083
FEC8
002F
0104
FFB6
0014
0005
FF51
0051
00E5
00BE
FFB8
FF7D
012F
FFB3
00C5
FF0C
FFE8
0159
FEA7
0148
FE5C
014E
0125
FF9A
0124
0094
0040
FFA7
FF03
0214
FFCB
0088
FF6A
0135
FF7D
FE65
0101
000F
FFB6
0060
0002
019C
011C
FE97
FF43
FE73
FF87
0034
00A7
0117
00C5
011D
FE87
FFD7
FFB2
0023
00E2
004F
01BF
019C
00D2
FEA8
011C
013B
00C8
FE7A
0151
FF83
0037
FFAC
003D
FF06
017F
FF8A
FFD1
0037
FF77
00BE
FEC0
FF93
011A
00EC
00A8
007D
00AB
FED1
00AF
FEAA
0003
FEDB
FFE7
0010
FF70
FED8
01E4
014A
004D
FF9D
012C
006A
0029
FFD2
00B9
0137
FF3B
00C8
FFC5
0021
FF2F
0006
FFB1
FEFF
00CF
0039
009F
00FE
FED2
FFB2
00B6
0024
015A
FEB3
FECC
FFCD
01AA
0114
00DC
0156
FF96
FEE9
0196
FFDA
FFD0
FFD5
0008
FF3A
0026
0058
FE8D
01A6
017E
FFE6
0147
FFA0
FFC7
0203
FE6F
FF6F
0072
FE9D
FF23
00DD
00D7
FF65
FF48
005E
0076
0019
0061
FF2C
0063
FEDF
0082
FFA4
FF4C
FED5
FF73
00A5
0042
000F
0060
010F
00EB
FFBF
FF31
0023
FF04
009C
002F
FFC2
FF87
0047
FF83
FFF5
0162
0000
FFCD
FF56
FEEF
00B1
FFF3
00D6
FEAA
FF3E
FFB6
012E
001B
FE65
00AC
0196
013A
FE8A
FEC5
01C6
0013
FE7B
FF69
00A3
0007
01CE
FF8B
0110
FE7B
0109
FFE0
FF56
0042
0131
0077
006A
FEF8
FEF1
0001
00CF
0163
FEBC
007F
FF4A
0089
FF1A
0144
FEAE
FFC2
0192
0046
FF3D
FFB3
FF13
000E
0153
00E8
01EE
FEE2
0106
007E
FF87
00FF
FF60
FEFB
FF35
FEB0
FEE2
0084
0090
FFE1
00AC
FF2F
0038
0000
FF21
FEF6
0085
00D7
FE9B
0085
0130
020A
FEBC
0101
FF00
0102
FE44
FF9E
0005
0117
0006
FFFF
FE65
FEE1
009D
FE08
001F
FFB7
0025
FF0E
FED5
FEB4
FE8A
FF79
FFB9
0029
FFA5
FEA0
00AF
FEAE
00EB
0056
0070
0096
FEE3
FF70
0157
FFD2
006F
0196
FF8A
FF10
00C6
FECC
01CB
FEE6
016D
01D9
FFD5
00DC
009E
0099
FEA8
FF98
FEFB
0123
FFB3
01CD
FFEA
FF20
FEF4
00B7
009E
015B
FF8C
FF8D
0096
026D
0119
0155
FF10
FFA2
00F2
005E
0169
FFDA
0097
FF82
FE42
0261
012C
FD92
FF8B
FFEA
FF94
FE59
FF4D
FEFF
0094
01F6
FF15
FF45
FE70
FE32
FF31
0156
00CC
01DD
FF39
0076
0070
0049
0072
FDFC
FFB4
018D
00BD
01E6
0161
00DE
025B
FFAD
00B1
002F
FFCD
004F
0118
00E4
0168
FFC8
FFB2
FDC5
FF98
0006
0090
FF7D
020C
0093
FFC3
0162
FD9A
FF20
FF89
0249
FEEE
FE8D
FFF8
025A
FF5B
008A
0003
FF9B
01E0
FEF6
0253
FE82
FF19
FFC1
FE3D
FE1E
FDFC
0022
012C
011E
00C8
FF77
01BE
FE5C
00A6
011C
FEFA
0283
FE8A
007E
021E
FF17
016B
0055
FFA8
003C
0158
FFB5
0269
0003
FE91
FF34
FFF8
FD8C
01DD
0092
0271
00B6
009D
017A
0158
0226
015D
0079
00BC
00B8
00AC
0064
FFEB
FE64
FF30
0144
0201
00FD
FFB1
0204
000F
FFCB
FE9D
0016
FF88
007A
0136
00AB
FFEC
01A3
FFF0
013C
0103
0008
0072
01AD
0040
FEAE
0172
FFA1
FE6A
FFF7
FFD7
FF9B
FF79
FFE7
01AC
FF2F
001D
FE82
FFCB
FF16
007E
FE5C
FF3B
0013
FED6
00F5
0164
0079
FE75
00F3
007A
0175
004E
FF9B
FE60
FFCD
000E
00FC
00A3
0128
FF89
FE74
000A
0060
FF63
FEEB
0182
00D4
0044
01B7
0005
004E
0092
FED8
005B
00E2
0030
0048
024B
003D
00FF
0079
003C
0066
0209
FE93
013F
0154
010C
0121
00B8
01AB
FEFF
01C8
0100
012A
FF3D
006F
0057
FF97
FECC
0082
0174
FF39
01B4
FF95
FE56
00AC
01A3
00DE
00B7
01CD
01AA
FF80
01D8
FEC0
FEB2
FFF4
0154
FF1B
FE59
01A6
FE3D
013E
013A
FFA6
FF5F
00CA
FFBC
FFAF
FEFA
01C2
FEC4
FE68
00BA
FF40
FFAF
FF00
FFCE
FE39
0194
005C
FFB8
021A
FEA9
FFC4
FEA2
0124
010B
0168
FF6B
0061
009E
FF2E
00C2
015A
00CF
0100
01DE
FF07
0215
00EA
00C6
0136
FF70
006C
FFED
0190
0039
FFB7
FF89
FFA5
022C
00C7
001B
00C8
FEDA
FFBC
0064
006C
FEAD
FF61
004F
011E
00B0
FFD7
FE50
FE5D
014B
00CC
FF4B
0188
0031
FE86
01C7
FE7B
FECE
0091
FF0C
00BA
0261
FE27
007C
FF87
FECC
FE5E
0261
003D
FEB7
FF64
01C3
FEC3
016B
0050
FF34
008A
FFEA
0260
FEC5
01AA
003D
FFC7
FF86
00A9
00F6
0253
0057
0071
FF45
FEC6
01AE
FFFF
0135
FFE8
FE43
0144
FF3C
00B8
0196
0061
01BB
FE2B
FF81
00F1
FE30
0037
FF58
00DE
FF2C
FF0A
FF66
01CA
FFCF
0095
0222
FFBF
FF74
FEE2
FF80
0169
0080
FE5B
FFC2
FF71
FF6B
FF82
0162
0152
00AF
0007
FE87
FFA8
FFE1
00A1
003E
FDB3
0126
FEA6
FDE5
FEFA
0144
FFCB
0082
FF70
FF56
FF22
FE52
0143
0233
FF9C
FE8B
004F
FDDE
FFC4
FF96
005A
FFF7
012A
FEE4
005C
010F
020A
000F
0245
0083
FFF6
FF59
FF97
01AB
00CF
0207
FFC7
FFFF
0086
FF90
00B2
FEA3
0242
0212
FF06
FF9C
013F
0005
0047
FF6C
0178
00A8
FEB3
0101
FFF7
FF91
01B1
0139
FF3D
02EE
FFAB
0266
FE6C
FE29
FFAC
FFFB
006D
FF84
FEF7
0166
0052
FFCD
FE90
0009
FFC8
0171
FE97
FF8E
0067
00D3
FF6D
FF88
0165
01F5
0212
0109
009C
00DE
FF4A
017E
00D1
0097
FE9B
FD98
FFF2
0270
FF2A
0158
FECC
FE23
FF4E
FFE6
FF96
0154
FF1F
013F
FF79
FF36
FE01
01D0
FECB
FEAF
0225
FFA8
0216
FEAF
FFF0
FF59
FFE6
0038
FEA1
FFB6
0009
0115
0021
0126
0128
0012
01B0
FF8F
0040
0032
FF61
FF88
00D1
FFA5
00ED
0020
FEF6
00CB
0063
001C
FFB3
FF1E
013F
FF51
0023
01AE
01C6
0057
011C
015E
FF80
FF76
0139
0013
FFC6
FE6D
FE3F
0068
017B
FEF0
FEF2
FE6B
00A9
0072
018E
FECF
FF34
FEF7
010F
FE38
FFC9
0097
002C
FEB4
FFEC
FFF9
012F
FF8F
003B
FF77
00E8
009B
0040
FE72
00A3
0145
001B
0053
FFCC
00A0
FE6D
007A
0020
FED9
FEE6
FE55
0214
0026
01BD
FF90
00A4
008B
0000
0160
00F1
00F3
0134
0150
FFAF
FEC7
00C4
010B
FF0E
FF31
0170
FEC7
FE17
FF63
0037
FFC4
FF74
0023
00BB
0069
FFEC
FF01
0010
FF7B
009E
0130
01D4
00A0
0037
FF51
0023
0175
013D
0089
01A1
009E
FE0F
0014
FFB2
FF56
0178
00F4
00DA
FF72
FF12
FF0D
00A8
00E4
008F
FFFF
FE3E
FFD4
00A9
00C8
FF2E
0125
FEEF
0067
00A2
016E
0177
004D
FEE2
0268
FF39
FFA6
0152
FEE5
FFA7
FEFB
FF80
FF0E
012E
0125
FFEC
013E
0114
0163
0075
008D
FFF4
00BA
00D4
FF10
0013
0196
FF9F
FFCF
FF76
00C7
00A6
015A
01C8
019B
FFC2
FFDF
FFEC
0119
014D
0169
011D
001A
FED7
FFB2
00D7
0099
FF5C
FFA6
FF94
01F9
00F7
0000
FEDF
FE75
0198
FFB1
FF03
0190
0152
005C
0075
FEF6
01A8
FF22
01C4
0176
01C9
00B3
0259
0001
00AB
0151
FEC0
00F5
0090
FEA3
0169
011B
00B0
0191
FF9A
FE98
0123
FF22
FFF8
00D6
0067
FEBE
011C
00AE
00C0
FF15
013F
FFDC
0024
01B7
FFFA
01C7
0002
00D0
FEDE
0092
0108
FF0C
0105
FEF7
FFE3
0105
0105
FF87
013A
FF06
FD8B
FFD7
FFCF
FFE4
FE39
00C6
FD9D
00D5
FEC1
FE29
FF3A
00A1
0196
FF03
0184
FFD5
FDC8
FD55
01AB
0133
FE64
0004
FFA5
FDC7
FDCF
FFDF
FE0F
00CD
00D7
FEC0
024B
0008
0179
FFD2
01A3
0093
0035
FFA6
0055
0102
FE2F
FFC5
FF27
0065
FD9F
FF8E
0073
000B
00C2
014A
FF26
FF21
FF9C
FFDC
FFC8
FE97
0179
FE58
FE34
0084
0151
FC90
0270
004C
FFAC
0095
FE8F
FF75
FD43
FDCA
00CB
FF25
FE57
FF53
FDFD
0044
FDDD
FF79
FE6A
0137
FD02
00BF
FF22
FF76
00C3
FF7E
FF61
011A
FF7E
00B9
016F
0207
FF97
019A
FF04
0096
0006
FF1F
FED1
FF01
FD1F
0269
FF43
0234
FE8C
FFB5
00D8
01E4
FFFF
0181
FF2A
0227
005F
FEB2
FD3F
FFA1
FDEE
FCED
FFC3
0135
01B7
FE32
0168
FD42
FCE4
FE16
00AD
0183
FFCD
0131
0175
FCBE
FFED
FC6C
00EC
FFF6
01D0
013C
034E
FC29
FCAA
01BC
FBDB
FF93
010C
0134
FEBB
FEA7
0071
0029
FE31
0264
FF78
0294
017C
FE4F
FEB7
00E1
FD79
FEBB
FBD6
FCAD
FD78
FC71
FDDC
018E
02C8
FC17
00DD
FB82
020A
FC55
018F
FE9B
FE95
021C
FE43
FDFC
FEE1
FFFE
FBCF
0104
008A
0001
FDF0
01E4
01DC
024C
FDE8
012D
FDF6
FBC7
FFD5
FE92
01EF
FC0F
FFD5
0261
FD3C
0105
00A1
0091
0295
FD90
0135
FCDC
009A
FD23
FF86
FD70
00FA
0032
0068
004D
FFDA
FCF3
FF64
FDD7
FCB4
FD24
0160
FB68
0284
FC00
FDAA
00AE
0296
FFFE
0013
007A
002B
FED8
02BE
010B
FC9B
FB79
FD57
00AA
FFB7
FCE2
FEFC
004B
FFC2
FE28
0030
0070
FBA2
FB9B
FBE1
FFA4
FCC4
029E
00B7
FF5F
009E
FFC1
FFFF
FF14
0222
FEE8
0051
0142
FEDE
012C
01CE
FF63
FF6E
00E8
FFFA
00F4
00B8
FEC7
FF2F
0035
FF12
015B
FEF1
FEC5
FFE2
FF57
003F
FFBF
FFA1
00BC
008E
001A
FFA0
0070
00E3
0162
FEA9
010D
01A3
FF22
01A1
00A7
0146
FEEC
015E
FF47
FFDE
0106
014B
FEBA
FFF4
0081
019C
01BA
FF33
0136
0076
00CB
FF2B
FFA4
FF79
01B5
FF2B
014A
FFD7
FFD7
015D
0078
FF4C
FFCF
013D
00BF
002F
009B
FF2D
00B3
0126
FE9D
008B
FF66
FF4B
FF5F
0063
0112
FFC6
FEEB
0020
0091
FF58
017B
FF67
0102
FFF5
FEBC
FF2D
FE88
FFB5
FEFC
0108
FFA4
014C
0171
0159
FF64
FEB3
FF19
00A4
00F6
00D1
FE7E
0010
FFD6
FF14
005F
FFB7
FEDE
00C8
0100
018B
0094
0025
FEDD
0148
FFAF
FFF1
FEC5
00F5
0007
003B
FFE7
FFD6
0119
0254
00E8
FF09
00B7
FFC2
00BC
FEC7
0027
FECA
00C4
0010
01B5
FF58
FF45
0144
00A4
FF30
0219
00DD
FF37
FF5B
0047
0034
FF83
00AF
00C4
0111
0118
FEA8
FF61
0016
0122
00B2
FEFC
0064
00BE
FF7C
FEB4
004B
001E
FF5C
FFD0
0054
00A0
007B
FEF6
00EF
0049
FF50
FF02
FF98
00A2
FEE5
FEB8
FF3B
00C1
FEA7
0204
0115
006F
FEE3
00BF
0156
0169
FEF7
00CE
00C6
0047
010D
014C
015E
FF62
FF05
FE8C
0068
000D
0125
0168
FEFD
00E1
0019
FF8B
0004
00C7
FF83
FFE6
0163
FF09
004B
FFD0
FFEE
FFC6
FF19
0096
FF80
0163
0258
FF37
FF96
00B7
01B9
FEB3
017E
00B7
010D
0136
FED3
0116
008A
FF75
006D
010A
FF8F
00B3
00B9
00D1
FF1B
FECE
0157
0163
013A
FFB6
FF93
FF1D
FE80
0187
0205
FFB8
0167
0032
015B
FE4B
0077
FF59
0145
013E
0017
FD9D
FFD5
0016
FF09
0039
0144
FF7D
FEE4
FF52
014C
0175
FEC7
0082
014E
00BD
0251
FF3C
FF66
FFAA
FD62
FF03
FDB6
FDE8
FF40
FF16
008F
015F
025C
0048
0034
FEDA
00B8
FE30
00A9
FF3F
FE23
013B
FF1A
FE73
FF2D
01C1
FF27
FF8F
013B
028E
FED0
00F8
0185
FF39
FE27
0065
FED0
FFFE
029D
FF26
0048
FEB9
0096
02AF
FE22
022A
009B
0023
0221
FFB7
00D9
FD89
0119
FDD8
0056
FE23
01AD
0238
FFEB
00A0
01DE
FDA8
0079
FE34
001F
FFD5
008B
FE9D
01A3
FDF3
FDCB
01FA
0143
01BF
01BE
FF7A
013C
006E
000C
003D
FFC2
FDF4
FEF6
0006
FFDB
0033
FF1C
FF42
012A
FFF6
FF6A
01F7
FED3
FF02
FD9B
0184
FD5A
0065
FFDC
FC45
FE4F
01C8
025A
00F7
0040
FF2B
FFD8
FE75
FFA6
00DA
0178
0026
03C0
FCE7
FE0C
0022
FEC4
004A
01E2
FF98
FD4F
0175
FE7B
0077
FD00
00FD
0184
0074
FFC6
FF65
FCFF
0065
FF45
FE07
FC4C
FCD3
FC3E
FD95
FCF3
0264
0203
FC5D
024C
FCE9
FFED
FED1
FF4E
FD57
FE84
029E
FD8A
FC61
FEA2
0086
FECD
009B
FDE2
015A
FC76
FF30
001E
FFED
FDA1
00DF
FD15
FE24
00BC
014D
FF28
FED3
0097
015E
FD29
0242
0140
00D3
0118
FEC0
FFA9
FDCB
FFA7
FEC9
0166
FEAA
FDF6
01FA
FEC6
0078
024F
FEE6
FF8A
FEEA
FDF4
FE08
0289
FCE6
022F
FDDF
FCD7
00FB
019C
0225
01CF
FFB7
012D
FD9E
01A5
014D
FDD0
FC58
FE43
FE3B
01CB
FD32
001C
FED8
01AE
FC92
01DF
006D
FE98
FC87
FF0D
FF99
FE20
FFFE
006A
0155
FF6C
FE59
FFFC
FEEC
028D
016E
FF41
008D
FEC2
FFB2
0088
FDCE
FE3E
0209
0053
FFE3
016F
0116
FE8A
0036
0177
FF43
0120
FE7B
024C
FF5E
FF37
FFB3
FE77
FFAA
0207
FEF4
0013
0073
FF5B
005D
006C
009C
017A
FE62
FD40
0014
FF0D
006B
FDFF
0027
FDF7
0235
FFC0
0000
0176
FFB7
FF8E
FF7E
012E
FE5B
FF0E
FFC3
0038
FE2E
FD98
003A
00FA
FF64
0100
00ED
FD6C
0291
FDA4
0065
FE18
FD48
027C
FDB5
FF22
0009
FFF7
0195
FEE1
0189
FF17
0265
FE74
FFE7
FE78
FF39
00BF
0053
FD5D
01AA
0106
FFE4
FFC2
025A
FDA5
024B
FE1E
00AC
0118
FDF7
FF43
007B
FFAA
0197
FFC6
00DF
FD77
FEA6
002D
FF50
00FC
FFCF
FD03
019E
00DE
FFE6
FDFC
00A5
FFE8
FE7D
01A3
FF51
011E
FD00
FF95
FF96
FFC4
FEE3
013F
00C9
0243
0108
FF61
FE17
01E8
FEF8
0140
FECE
FF32
008C
01C4
FFDC
FD6E
01A0
FDAC
00A6
007E
FF6B
FFDE
00CE
FF55
021C
00D7
0061
020B
FFFC
0197
FD72
FF2C
005D
FEAD
FFCE
FEFF
FEE4
FE45
FED3
FD54
017D
FFE8
FDFA
01A4
FFE2
0251
FFD7
00E0
FDD4
FEA9
00D4
FDC1
0049
007D
0053
FDCB
018D
FF75
011C
0094
0126
02A5
FF46
FD73
FF3D
FF9F
FFCB
00D3
FECF
006C
0061
0021
0271
005F
025B
0227
0145
FFC4
0023
0138
FF47
FF0E
FD20
020B
0071
0049
01D1
FEF2
0114
0113
FD90
0192
FF68
FDB9
FDF4
0033
FEB2
01A0
00B0
FED0
024B
0152
FFFD
029A
FF08
00E3
FF72
0148
0184
FE2D
FFEE
0081
0101
0211
FE21
00A0
FF1C
FF4E
FF5F
0221
FF6D
FFAD
FF66
FFBC
FFE4
FE63
004C
00FD
006C
FF2A
014D
0161
FED9
FFFB
FEAC
FF7F
010B
011F
00E5
01BB
FF19
FF25
FF07
0058
01C6
FFD2
FF27
FFA1
003B
0019
FFAE
FF78
0139
0086
0068
0114
01C4
FFC7
FE39
010E
0195
010A
FEB0
FF03
FE81
FF81
0083
0110
FF19
00FB
0002
0028
FF01
0027
0110
FEEE
FEF8
FFE9
018A
FFAD
00FA
00A2
00D9
001E
FF6D
FF7C
0025
FFB5
0035
0223
0126
011B
FFAF
FF5E
FF99
014B
FFDF
FF00
00D1
0055
FF10
FFA1
005B
018C
01F0
000A
0023
FF0D
004E
017B
FF70
00CC
FFDF
FF65
00A9
0104
013B
FF64
FF35
009F
FF69
FF9C
FEF5
FFDE
00CF
0055
FEAB
FE34
0132
0052
0093
0167
0081
FEC1
FFFC
01D1
00AA
0111
FE72
00D3
FE87
FF08
FFD4
00F9
FF1B
FF2A
FF6C
FF4A
01D9
002D
00FC
00C2
0007
0079
00E0
014D
FF08
FED8
0012
0125
00AB
009C
FE41
01B9
FE9E
FFAB
FE8C
0204
FF45
0057
FF1E
FEA2
FFAF
FE95
FE52
00B2
FFB2
FF76
0165
01AA
FFEA
FF90
00A2
0203
011A
FF46
0122
FE20
0173
FE7E
FDE4
FEEE
FEB4
FEC3
FEA7
FED1
01BB
0044
FF42
01CE
0000
00B4
FEA9
00FC
FE75
0094
FF47
FE1C
FE84
FED1
013E
FE7F
01CB
FE7E
0011
FF33
00EF
01CE
013C
00A6
FFA8
FEA6
FF89
FF56
01B0
009D
FF48
01AF
00F7
FF20
00F1
018E
0055
0099
00D5
FFF0
FE58
0157
FE60
01D9
FE60
FF27
0025
0178
FEEA
0189
00DE
FE65
0111
FE27
FFF9
00E2
FEE6
0168
FF32
0117
FEF9
01D6
FF1C
017F
0098
01C5
0120
0190
0023
FF63
FF51
FF52
013A
FF1E
00E0
FF55
FF58
00A8
FEC6
FF02
00A1
FFD7
0060
FF45
00C4
005F
FF3F
FF44
0141
006F
FFB9
FE60
FFF3
00BB
0232
0070
FF4F
0151
007F
011F
FFB9
017D
FFA3
0137
FE7E
01B9
FFD5
FFE4
015E
00E7
FFF7
0141
0112
0070
0071
FF83
FFDA
0120
0099
006F
00E4
FFE5
00D0
FFD1
FF40
FFE4
01E2
FF7B
FEFD
00D3
FF1C
00AB
010E
FF3C
FF69
FF12
0135
FED3
011C
FF13
FF52
0133
FF30
0177
0144
FEBB
FF23
0068
0060
FF03
FF0B
010E
FFFB
00DB
017D
FF44
026D
0054
FF78
FFFF
FFB4
FF61
FE77
00FD
FFB1
FF0F
000C
FF48
00F9
FE7A
FEFC
FF4E
0158
004B
0004
FF31
0037
014E
012F
FEA8
FEDB
01FF
FFC6
FFCA
0213
0043
FFAA
0108
FE69
01A6
FECC
FF8F
FEF2
FF93
FFC6
003B
00DA
00EC
FFAC
00C5
012C
FE78
0123
FF2B
FEA2
FF77
0061
00DC
0189
01CC
FECA
007F
FF93
FFD5
0008
0058
0031
0047
FEFB
00CA
0028
01DC
FF66
FECA
00AF
FF15
FF1B
002C
00AE
005E
FEAD
FFC2
FEBE
006B
0035
FEC6
0172
01A5
0100
008B
FF0A
FFBD
FE46
0091
007E
FED2
FFF2
007F
00CB
0131
FFE2
FFC2
FF19
FFE7
01F7
013A
FEAC
0060
001F
0182
0074
FE59
00D7
0129
006A
01D7
00B1
FFEF
FECD
FFB2
00A8
00C1
00EF
FFFB
FED1
FEFF
FF0E
011A
002C
017A
FEC4
017A
FEB6
FFB7
000F
FF9C
0012
0135
000D
0070
FF16
FFA8
00D5
00A3
FFE4
01D2
FFBB
0091
004C
014C
FFEF
00C5
FF67
01E9
004C
FED9
019E
FEA7
014A
FF62
011F
FEFC
009C
0160
01A6
004B
0167
0159
FFEE
0084
0209
012E
01BD
0006
0186
00FB
FEC2
FF0B
0130
FF78
013A
FE36
009A
FF1C
FFA9
0039
0171
0008
01A3
0140
00C6
015B
0141
01C1
00B0
0085
0017
FFF3
015B
0213
0134
FFEB
018A
FF38
0128
FEDE
00CA
FF61
0002
FFE3
FF00
0052
FFC1
0035
004E
005E
FF72
0011
014A
00E5
0123
FFEB
FF24
FF8D
0089
0088
0010
FF59
00B9
00FE
010E
FF81
0181
FFE4
FEBB
0097
FFEB
FF73
FFBF
00D7
FFB3
0013
FEAE
FF97
0012
0183
01A2
FF81
014D
008F
011C
FF31
FFEA
00CA
FEED
FF9D
FF65
00C5
017C
006C
001D
FE60
0215
FEE7
FF62
FFC6
0181
007B
FEDB
0045
010E
FE77
00BC
00A8
0111
FF32
01B8
0002
0190
FF23
FF23
0289
001A
016B
FF76
0033
00C8
FEF8
0179
0066
0046
0026
FFDD
FFE0
000C
0178
014D
FFD1
0135
0126
000F
0088
FF2F
0043
01BA
FF3F
002C
FFB5
FEBF
FF8F
FFFA
0085
0184
FF64
0043
FFD2
FFCD
FF43
FE6E
FEDD
00AE
FF69
01E6
FFA3
FF9B
00A1
FF61
0234
FFE3
FEAC
FEC3
FFAA
FF9A
FF1D
0120
FF98
FFFE
FF69
FE5F
FF33
0192
FF65
FF88
000E
0175
0155
00B3
0144
00F6
011F
FF5D
FEE3
0167
FF92
00B6
0099
00E9
FF92
01B6
FF0C
FF24
FFAC
FF04
0078
0148
0107
FE9D
00DF
00D8
FEE6
0108
FEEC
FFB0
0076
01BE
00B3
0131
00C2
0167
007F
0038
0228
FF32
00DC
00B1
FFF1
00BD
01C6
00F6
00B1
0166
00FE
00BA
FEB4
0116
FFCA
FFE4
003A
0042
FE95
FF49
000A
0054
0196
008F
0174
007F
018E
0098
0189
FE84
0051
018E
FF9B
017D
017F
FF76
FE7A
0066
FEF7
021D
011C
FF57
FF4B
FFA5
FFA2
0242
FEB8
0114
010A
FFF9
0093
FF59
01CE
003F
FF0C
006F
00AE
0179
FE88
011E
0046
FF39
00C8
0079
FF84
FF63
FF52
0028
015A
013E
0091
FF26
0161
001E
FF85
FF13
FFB2
0114
001B
00B6
0063
FF23
FEB6
00E5
00C7
FFA9
01BD
FE72
00A9
FFC4
FF63
022C
0026
FF78
0129
0030
FEA8
004B
FFD5
017A
FED2
00A1
FF9D
FFF8
0203
FEF2
0100
006C
FF31
0179
00EC
FFEE
00AF
FFDA
FF5B
00C0
FFB9
00E6
0125
0024
0071
01A5
FED5
FE67
FF21
FFC2
00BE
0176
01A7
0062
FEC1
0084
0088
0122
009E
0099
0085
01FF
FEBE
FF05
FEA6
FFE1
0106
01C5
FFFA
FF6C
00F8
FFCE
FF76
FF79
FF8A
00B7
0103
FF2A
FF44
FF06
0182
00B3
00C5
FF09
FF83
FF05
FF15
FF2E
FF51
007C
013C
007B
00AD
016C
017A
017B
00CA
FFFA
0154
0122
FFAF
00F5
FFDB
FF11
01B6
0027
FFB0
018C
FF3A
FFD3
0055
FF02
FF79
00AC
0158
FF25
0006
00D9
00FA
FFBB
FD39
FE43
FF36
00CD
0081
01EC
015C
FD41
0060
FDFD
00B0
FF87
FFE9
00C7
01BB
FE11
FEA9
0118
FF02
00A9
01AD
0159
FFA1
FE89
01C7
0092
FF95
00A6
01BF
007C
FF61
FCFC
FECC
00EE
FC9E
FEAE
0003
FFDA
FE4B
FE32
FD43
FF84
0007
FF10
008E
FF7F
021E
FDAC
FFF7
FE6F
FF11
000E
FD50
FF4A
0166
00D5
FF09
022F
FEA0
007F
FEE7
017B
01ED
01E5
FEC0
0182
FCE3
FFFA
FFC5
FEBC
0107
FE71
011D
000D
FC91
001B
0036
00D4
00A6
FED8
FF2B
FDD3
FF5A
FE38
FFEC
FFE9
FE3F
FF5A
FE28
026C
0221
FFCB
FFAE
FDBF
FDE6
FE15
0145
FD24
010D
FE0D
FF6C
001F
FFD3
0147
FFC5
0074
0115
FE0A
003A
018F
FFED
FF4E
FFE9
FF09
FECB
FEE4
012A
006D
0235
FDE7
018F
0166
FD0D
FE43
FCBA
015B
FE68
0045
FF74
FFB3
FEC3
0069
00BE
012C
0070
FFA3
FE46
00F5
FFEA
FEBA
FF05
00DE
FFA2
01CF
FEC3
00F1
FF8C
FFF5
FE9B
FEEA
FF4D
FF12
FF71
FE8A
00F7
00B3
FEF6
0046
011F
0059
00A9
FF5B
FFE4
011C
0176
0066
00C3
018B
FEE7
003D
00BB
0079
FF76
0085
FE54
FF50
00AD
FF26
FF62
0065
FF8F
0056
FFDF
011A
0177
FF53
00C8
0129
FFFF
001D
0074
FEE7
0155
FEB2
010B
0034
FF61
FF3F
FE87
0154
0038
FF00
FF2C
0086
FFFA
FF25
0194
0161
0000
00C0
FE47
0020
00B3
FF07
FE8C
008A
0046
FEC5
FF40
012E
00FE
0190
0140
0107
00C5
002B
008A
011F
FF1D
FED2
003D
FFC5
0023
00B5
FE55
0045
FFA3
FF32
01D7
0026
FF63
FECB
0068
014E
FF11
FDEF
010B
0183
FECF
011B
0104
0171
001D
0150
FF27
00ED
006F
FFFE
FFBC
0088
016B
FFD3
008D
0039
FFDC
FF44
FF75
FE80
FFB2
FF82
00C8
FEDD
019B
FEAA
FFD9
00BF
0021
FF36
FEC4
016F
FF65
00A0
0201
000B
FFB2
FE58
FE63
0042
0179
0152
01E9
00BE
FF31
FF65
FF44
0008
FFFD
00B4
FEC8
004F
FFFF
0155
FED6
0198
008A
01D0
0096
FE34
FFAD
0027
FF0D
FE54
003A
010E
0190
FF85
FF1B
0075
0121
0058
00B7
0080
00E8
FFE5
FFE9
02B2
FF9C
FF8E
FE35
FEB8
0188
FFFB
007A
0098
0050
0032
FF11
0024
0194
01E7
FEA3
0066
FF38
FFDD
00D1
0025
FE67
FFC9
00A9
FF9D
FF7C
0116
FF22
0138
FED5
00F5
01EC
FF72
01BA
00A5
005A
0124
FE42
FFC0
FFE3
FE66
FF7C
005E
FEB3
FF0F
FFD0
001F
FF9A
01C4
001A
01AD
FF73
FFD8
00CB
0195
FE79
002B
FF5D
FF21
FE2B
FD0C
FF71
01A2
01D0
0175
0029
FFF9
01A6
FE2F
FFA3
0011
019D
FED8
0337
FF7E
FEDB
0000
FD56
FF84
028F
01F5
FF3A
FF5C
0077
FF68
FE93
022E
023D
0164
01EF
FFA3
FE8F
0040
FE07
FFB4
FD6D
FFF0
0081
FD23
FFFD
FF12
01FE
FD3E
FFD4
FF36
00F3
FEFE
FFE0
FDDB
FF3F
0064
FF0C
FCF9
00DF
00CA
FE33
FFA7
FE75
020A
FD8E
FF50
01D5
0217
FFA2
FF68
FF20
FFCC
008B
FFB7
FFC6
FDF5
01E3
00A6
FF3C
FFBC
0164
0028
0049
FE6C
0148
FDBE
FEC0
FE82
00C5
FE5E
00A1
020A
FFC5
FFBA
0252
000E
008F
FD4B
FF5F
FD5B
023C
FFEE
FF93
FE78
FDE0
000D
FFA8
0162
020E
FE78
FFB5
FDDC
0074
FFC9
FEED
000F
FF2E
FF0B
FF9C
FE01
00E4
FF2D
01DB
FEC2
0126
FF8B
0031
FEC9
FFE5
00DA
FDFB
FF63
FFFA
007F
0013
01BB
FF45
0080
FFF6
000B
FF08
FF8D
FF0B
FECE
00B1
0121
0206
FECE
0023
0157
00F2
00C6
FF45
0077
FE23
FF70
00A9
0060
0160
0050
019E
FFF6
FF95
004F
00A9
FF1B
00E4
0093
FE71
FF12
FEAE
0018
011A
FEF0
009F
FE7A
0048
FFBD
005F
FE34
FEB6
FE16
FEC3
0101
00A2
FF93
FF9C
0104
FE52
0115
FF7C
FF9B
FF9C
FFB7
01B3
0204
FE3E
0094
00C9
FEC0
FEC8
FFE4
FF5F
00EB
FEE9
01AE
FEED
FF54
FF97
010C
00D4
FEBB
FF76
00F0
0072
007D
FEF1
0161
0114
01B8
00DD
015D
FF01
FE7D
FEB7
FE33
00CA
FF8E
00F2
00AB
FF06
FF48
FE7F
FF5D
0066
FF23
0015
FEFE
0022
006C
008D
013D
FF38
FE62
0128
00DD
0100
FE6A
FF04
FF3D
FFEF
FFC1
01A5
FF17
FFE9
FEED
FE12
FFBF
0099
FF3E
FECE
FE15
FFE5
0097
0036
00D7
011E
009D
FEF0
FE42
0016
00AD
0154
0176
004D
FEFA
FF05
0156
00B6
FE9E
0210
009C
00BD
0173
FF72
FF20
FE49
01F3
0181
FFA9
0197
FF10
FDF9
FFE6
FE70
003F
FF4A
FEF6
FF29
010B
FE25
FEE9
01DE
FEAA
01DB
FF27
005B
002D
009E
0113
FF72
0162
FEAC
FFBC
FFCE
0036
FF9E
0076
FF55
0164
FFBD
012F
FF53
005F
0120
FF51
013F
FE45
01BD
01B4
FF94
00A5
FEEE
020B
FFFB
FF27
00D0
01AE
0087
FEB4
01C1
FF01
FFB8
FE35
FF74
0159
FEFE
01BE
0120
00BB
0102
0062
018A
003C
001E
FE4F
01E0
FE30
0178
015C
FE9B
018A
FF20
018C
FF31
FFE5
000F
FFE0
FEBA
0039
0147
0066
FEA5
FEB6
FF5D
FE44
00F9
00A7
018F
FEA2
FF51
01ED
006D
FFD0
FECA
0075
FECB
0210
FEC1
FFC9
0168
FF67
FE97
007D
00FA
FF43
FEB1
0173
FFEC
FF54
00B3
FEDC
0007
FF7F
0057
FD55
FE08
FF22
FDF1
FE02
FF45
FFE2
FF2A
FFD1
00B4
FF7B
FE88
006B
0062
FFCB
FEF5
FFD2
0031
0121
FDF5
004B
005E
00BE
FE5E
FD36
0013
FF43
002A
0006
FE6A
FEB7
FE5B
0064
FE37
FE28
009E
00FA
0138
FFD2
0152
00D6
0027
FED0
FE5F
FF5F
FF93
FF26
FEE7
FB3E
006F
FEBA
FF18
FFD0
001B
FFDA
FEE7
FE9B
FF06
FDA5
0049
0004
FDF7
FEA6
FFA7
00CB
FD3D
00D1
008C
0023
FC91
FE17
FFD6
FFB5
FE72
FEFF
FF7F
0048
FEC5
00C2
FDB7
00C1
0081
FF68
FF13
FDD8
00D5
FF04
006D
00F2
FF35
FF98
FDF7
FF67
FE65
FF39
FF30
0194
FDBA
0048
0029
FCD9
0018
FE8D
0029
FF28
FF2F
009C
0041
FFB4
FECC
FE44
02AE
01F4
FF9B
FE77
FEE4
FCDF
0095
023D
FDF2
0181
FD40
FFF8
FD6C
FE4A
FE12
0255
01AF
FF47
0066
014A
FD55
FE64
0151
01E9
0056
FFD6
01AF
FCEC
FE50
FFE2
FD28
01A4
028B
FE3E
011A
00CF
0124
0223
FFE0
0101
01AA
FF08
FEF9
017F
FD7C
0264
FCF0
003F
FDD0
013C
0050
FDC7
00E2
007C
FF3A
FF9A
0018
FD58
FE64
FEB4
02D0
FEF1
FCAE
0021
0194
FF43
0035
FFCC
FE47
0005
FE2B
0108
FF8B
FEF9
0086
FF3E
FD7D
FFD0
FD84
00E2
FDCB
017D
FD3D
01BF
FEE2
0248
FFC8
FD0A
00CF
FD29
0009
0114
0145
FEF4
00D7
FF90
FFDA
FF5D
FE9C
02B7
022E
FEE1
0085
FFCD
FED4
FFD4
FCBA
01C6
FFFB
FD87
0137
00F8
0054
0044
FEC3
0001
0110
FD8D
000E
017F
FE59
FCED
00CC
025E
0010
FEAC
0031
FFB0
FF57
01AD
000E
0018
000E
FF60
001F
0044
FD5F
004C
0033
00DE
00A6
0064
FF6B
00D5
00CB
FFD3
01BC
013A
FEAE
003B
0189
0052
0029
007C
0107
0091
FE80
FE03
001F
00CB
0092
FE3F
01F8
FF0C
008A
0090
FF27
013B
FFCA
FE68
FFA2
0042
FFCA
018B
FE4D
FFD5
FD9E
FFBF
0162
003D
011A
0167
002F
FE00
0123
FDAD
FF1A
FFC2
0088
FFDC
FE0E
0150
0109
FFF1
01F9
0071
FDDC
0047
FD51
004D
FF71
FF6C
FFDB
FDCF
FE38
0006
FFFD
FFBE
FFC1
01C7
0007
FFF3
FFDD
FF71
FEA5
FE9F
0216
FDD0
0066
01A0
FF4C
0135
009B
00AD
0064
FF62
FF0D
FF43
012B
008F
FF96
0055
FDB3
00E0
0086
020E
FEE7
FF31
0041
FF7B
0071
FFA5
FF74
FFAD
00C4
FDF8
0036
00F7
FEAC
0077
00D5
018B
01B7
00CD
004E
0030
0011
FFC4
00AF
FF2C
FE43
FD70
004B
0205
FE49
0156
FED1
FFC3
FD6E
FE43
FEF1
0190
FFD8
FE2D
0188
FF98
FDD0
0086
00D9
FEE6
FF24
0020
0104
FF81
FFCA
FF79
FFE8
0132
00F4
FDC0
FFDE
01AB
FF3B
0288
005C
0228
0172
FF0F
FFC3
000E
FFAF
FFE2
FF6A
0089
FFC9
006A
0036
FEDA
0273
01B7
00DD
FEC9
FF39
FDA7
0172
FD38
0097
FF2B
FD26
006C
0054
FD36
0245
00C0
FD88
0018
FD97
0154
FEF2
FE73
0196
FFB6
FF87
005F
FE3F
00C0
FE4C
FFAE
FDDF
FF9B
001E
FF0D
FFAC
FDE2
0191
FE3A
FEF5
012E
FF90
FE7F
0151
01E6
FE6F
FF5B
FFE3
FF1E
0175
FE2B
00FA
FD54
FE2D
FFBB
FD27
FFDC
FF5F
FF11
FF9B
002B
FF3B
027C
FD7A
003C
0073
FDE0
FD8A
FF5C
FD26
FFFB
FF2A
0233
0063
008A
01CA
FE65
000A
000F
007E
019F
FFA1
01EE
004C
FE6A
0156
FEC9
01F2
FF0F
0095
FF1E
0140
FEE9
FDB2
0236
FE54
FEF2
0113
010F
FF78
0168
00B6
FFFE
015F
01A6
0141
00A2
FF09
FFC9
FEC6
01EA
FFBE
FD9C
FF48
FEC3
000D
FDB3
FF69
0165
00FE
FFCD
00EE
FE70
FF79
FFF1
0107
FF32
FF57
00E8
FE7A
002C
FFEE
01C4
FF0E
004A
003D
FFED
00B9
011A
01B4
00DA
FF28
FE78
FE8C
FEB6
019E
FF1D
FFB8
FEEE
019E
FFA3
FEC9
0148
0206
00AC
015F
FF1B
FEFC
FF6A
FF2B
FE99
018D
FF78
003E
011B
FF88
0207
FF75
FE82
FF56
FF21
FFEB
FFEF
0070
FF0F
0160
0088
FF7B
FF87
FFFA
01A8
FF95
0080
01EE
FF69
021A
FF0E
FFFA
FE43
FE90
FF27
FFA0
FE37
FE61
FE66
0004
FE40
0204
0095
FE3A
006B
FFF7
0123
FE66
0147
00C4
002E
FEB0
FFA2
00EB
0096
FFDF
022E
FFDA
FF30
012E
0072
FE6E
00A1
FFCE
FF08
01BE
0025
FF99
FF18
FF71
FEE5
FEF4
0151
FE8C
00BB
00FC
FF1A
FFF6
FE9C
016D
01E1
00CD
FEC5
FF7E
0082
0035
FF75
01C8
0113
FF56
FF5F
FE52
0129
FF8C
FEAC
0038
00D3
00BD
007F
01AD
00D1
0127
0147
0143
FEFB
FF31
FE75
01CF
0036
FEE0
FEF0
FE96
00F7
0156
0011
FFB9
FFF7
0046
017F
00DE
FFBB
FFFE
FED0
FF38
0005
FFB7
00F7
0023
FF88
FF90
FFBA
FDA9
013A
FF86
FF76
FF59
FF23
FF4F
FF6F
017F
00D9
FF45
01AD
00CA
0032
0068
0007
FE6C
0054
01AC
007D
FEA0
00E1
FE81
0104
00EF
FF58
015F
0019
FFFA
00A9
FF98
FED2
0138
005F
FF88
FEE3
FF6A
0140
FFA4
FEF3
FEB0
0067
00BF
FFC3
019C
017B
FFF6
01F5
FE93
FE29
0038
FE9C
0165
0089
FF4F
00AC
FE53
FEE1
FE28
00AB
FF01
0135
003F
FEC1
0220
FFB3
00C9
FFF2
00A4
0090
FFDD
FFFF
0211
FEB0
0032
000A
FF82
0005
0054
FF46
0219
0184
0019
0242
00FC
022E
01FE
FE9F
001F
0224
FE7A
FF9E
00EC
00C0
FF8F
FF5C
01C2
FDB4
00E1
012D
FFB0
FDDD
01D1
0068
00D5
0060
FFCE
FF62
00AB
00B5
01AB
0050
FF63
01ED
0068
029C
0040
0050
FE0D
FFC3
0236
00A8
FDE5
0033
FF7D
012F
009C
0227
FFB4
01E7
FF85
0154
FE77
FE73
FF7F
FE70
FDDF
010C
FFC0
FF2D
FFB0
0042
FE10
FFFF
FEEC
FF6D
018C
FE73
00C7
FF2E
FF49
024C
005F
FFF0
FEF6
FF57
01A9
00D3
005F
036A
FD8F
FF3B
0045
FFE4
0082
FFC9
FE62
FE37
FED7
006D
01FE
018C
01D6
FE41
00D1
FE77
00CA
00BF
0121
FF2C
FE66
0076
0181
00D0
FF99
FED8
0090
0089
0045
FF67
FEFD
003F
012D
0103
FF62
0156
FE69
FFDC
00C5
0027
017C
00D8
FFA7
FF6A
0061
014D
FEF1
FF20
FF0C
019E
00E5
0142
0080
FFC4
0021
007F
00FB
00F0
FF79
0090
FEEF
FED0
00D4
FFB4
0198
FE79
FF74
FED0
FF20
FFE3
0012
0194
0058
005E
FEC9
FFDE
FF0C
FF6A
00F7
016F
FF94
FFE7
FE75
FFD0
0174
FF77
FE6E
FEB5
0190
0189
0008
FF82
FFDE
FF2A
FE8F
FF18
0195
0075
0151
0019
FF6F
FF25
0161
0165
FF01
FF34
FFC1
0153
FE87
FE8E
0038
FEFD
FFAF
00F2
FEC2
FE87
FF42
0085
00D9
FF69
000A
FEEA
0120
00A8
FFA6
FF5D
FFF3
FEF6
004B
0133
FF34
0076
006E
FF7F
017B
FEDB
FF9D
FEFA
FF65
FEA5
FEC5
0057
FFEA
015C
FFBB
00E2
FEE4
0146
FFAC
FFD7
FE9C
004D
0020
FE56
00BF
00B8
00E3
0133
0001
FF3D
0088
00D0
FE95
01D6
FE77
01DB
01A1
010D
FEB2
001F
004F
0097
0117
FF24
FF67
0069
FE3D
FF63
FFAA
008B
FEC7
0110
FEE1
0137
0150
0005
01FF
FFF5
FE86
FFFA
0158
0043
0108
0100
000F
FEFD
00CD
FF41
FEA7
FF36
0290
0186
FFBB
FFAA
FF4B
022E
00CE
0177
011A
0069
FFD2
0095
0018
003E
00D5
FEE5
0076
FFDD
FEE8
FEFF
0181
0082
FFCC
FFA4
FF8B
FED4
FF4D
FF4F
FF11
FFA0
FF68
FFCF
FFEA
FF2D
0178
00F4
FFB5
018C
0014
0112
0027
FE6A
005A
FFF3
00EB
0030
0096
01DE
00B9
FE9E
FF2F
01F0
FEB6
0011
FF31
007F
FF22
FE19
FE81
FF34
00DE
FF37
0090
0126
006A
00E6
FF7A
FE80
FE5A
0055
FD1B
FDEA
FE6B
0204
0081
007B
0116
FE56
01CD
FF6F
025B
0154
0190
00DB
FF4A
FF53
FFA9
02C8
FDAA
0172
00EB
028E
FEC1
001E
FECF
02CC
FDE2
0189
FFF8
02E6
FFE6
FF64
FF31
0244
FEB7
FEA3
FEB1
FE7A
FF52
FD90
FFE8
0276
01A6
FEDB
FFBF
FD90
02D5
FF01
0018
FDFF
FEA4
029B
FDEF
FE8B
0046
00FB
FD94
00B5
FE83
0033
FCC9
01BC
0212
0076
FF63
FFF7
FFCD
FEB6
FFD2
010F
00C9
FD88
01CA
0011
FE39
021A
0192
0210
0239
FECF
FFEB
FECB
FF84
FEAF
0199
FF66
026B
011A
FEB9
0284
0221
FCE7
013C
FEDB
FE4C
0017
022D
FF3A
029F
FDFB
FDF3
0223
001B
025C
FFE8
0014
0235
FF98
FFB2
FFA1
FEE4
FD82
FDB8
FF8F
0144
FE70
00E1
0217
0156
FEB9
0246
0150
FF0C
FF14
FDF3
0088
FEB7
0227
00E8
01F8
00A5
FDA9
FDA1
FE82
0221
0115
FDBA
01BA
FF95
FFFE
FFA0
FEB1
FE9A
013B
01AC
FD8D
0114
FF43
FED5
FDDB
0007
0034
01E4
FDBC
0007
0006
004F
0076
FDE9
FF88
0046
FF4E
01D3
025D
01B7
FFC5
0095
0262
00E4
004D
FEEC
006F
0087
FFF1
009F
024A
FDAA
00F3
0192
0034
01EF
0147
0087
FDA9
FFFB
FF18
FF2A
0065
01E3
FFEA
FE33
FF8B
FFB7
0082
0099
0025
0009
FF9E
FE54
01E1
0058
FED7
FF61
001F
FDBE
FF6D
FF30
0022
007D
0228
FF32
FFD4
FE50
FF81
0018
FFFC
01CC
0076
FEBD
0186
002D
0257
FFD5
018E
FE2D
0074
0068
FFF5
014F
FE19
FDF6
FF34
FEE5
FFDA
FE05
018A
FE10
FDE5
FF4C
FF61
005B
FE48
FDE0
004A
001A
FE60
FE47
012A
FE50
FDCD
01B5
0106
01A6
FFE3
FF8F
FF5B
FF21
FDFD
FE7A
012B
019A
0176
FF15
FE13
01B1
FD9F
025D
FF54
00F8
018A
00CC
FF01
FF76
FFBA
FDB0
FFF5
01C2
0035
FDAE
FECD
FEF5
01E9
FFB5
013E
0198
FF8D
0292
FFE0
FEF3
0095
FF8D
FD4E
FF92
FFA8
FE89
FE5E
FDB7
FFE9
019A
FE96
01D3
FE6A
FFD0
FC7D
01F5
FE24
FD22
FFEE
FE8B
FF2A
002B
028B
FCE4
01F2
0029
00CA
FE7A
00A9
0084
01E3
FF45
01B2
FD86
FF1B
00E7
0122
FFA1
FD17
021F
009C
FF1E
02B2
FFC5
00CF
0063
FCBA
01D5
FE36
0145
001B
005E
FF24
01A7
0132
FDEF
FF97
0000
FECB
004D
FD3E
FE36
FDF8
0071
FC46
0164
FD62
FE60
0172
01A6
009C
025C
FE87
0264
FE4D
012B
0289
FC9C
FE06
FD2B
FE42
FFC5
FE21
0160
FF88
00A8
FDB0
0079
0244
FEF2
FF1F
FE32
00DA
FDA5
01F4
FF99
FEE3
FEA5
0123
01AF
FFCD
0144
005A
FFEE
FE8C
0080
0116
FF86
FFBE
0149
FFD8
FF4A
0245
FF58
FFEF
FF67
020C
FEB2
006E
0019
FFB3
FEE4
026D
01E7
00D2
00DF
FF42
FF21
FFAF
FD8E
FD64
FD9F
FE9E
FD24
FF32
FDEA
0185
01F2
FEF7
FF7F
FEDB
015C
FE2E
0022
FDD5
FE6C
008E
FF3D
FED3
FF38
0189
006D
01D5
FFC4
00DF
0082
FFC0
FF7F
009B
FD85
FE94
FDF7
FE6C
00C4
0081
0162
FDDD
006E
0148
00AE
01A4
0180
001F
01CB
009E
FFD1
FE25
FE6C
FF28
FF6E
FE64
011C
009F
0022
019B
FFEC
FEF6
FE75
FE8C
FFBA
0088
0213
003B
01A5
FF39
0032
017F
011D
006A
0109
FFB7
024A
FDAE
FF57
000F
0019
FDBC
FF17
FEEA
0264
FED9
FF3D
00B1
0092
FE92
0137
0262
003B
FE32
FE34
010D
FE80
0023
0089
FEB6
0119
0160
00DE
0030
0038
FF60
0218
0090
0159
FF5A
FF27
FFE2
FED2
0117
FEF6
00BF
000B
0114
0191
FFB5
FF1D
FE4E
FEA3
015F
0006
003A
00E9
FF36
FEE4
FFA4
FF69
FEF2
FEEE
00F7
FE46
FE62
0169
0115
FF60
0170
0045
FF1E
0109
FED8
00F5
FFAA
01EB
FEE3
0102
FF29
0005
0156
0039
015A
0190
FFE3
0043
FFF0
00AD
0019
012A
00D9
00A8
FE86
FF65
0118
01F3
0146
00C7
0093
01D9
0152
0179
01B1
FF61
01B7
00BF
FFF4
FEDB
003F
FF91
FF21
FF0C
FE7C
0006
0031
00E2
FEEB
01D2
FFE4
FF0E
007E
FEAF
FF3A
0008
0124
0136
FF86
0109
00E9
FF3C
0020
01BB
000F
FFA8
FEE3
000A
FFBC
FF16
FF00
017B
FC1C
013A
0014
FE8A
0272
FFD3
FF8C
FF41
FF35
FE99
00A0
FF29
01A9
FFD6
00A7
00E2
FFF0
FFE5
FF17
FEB1
FFCF
00B0
FF2E
00A1
00AF
FEB5
0071
FFA6
0182
0087
0202
FFD5
FE32
FFE2
0036
0151
FFFE
0225
008B
FEF2
014C
0076
FE79
FEC2
FF8F
00AC
020E
FFB8
FE36
0150
0092
00A3
01B5
017B
FEDC
009D
00A7
FF65
FEB4
FFAE
0193
FFAC
0078
0026
0225
01C8
FEAC
0208
0063
017E
FF74
FEEB
00A4
FEA4
FF1A
010A
FF48
FFF2
0145
FF95
00C9
FF7B
0078
0044
0241
0146
FFCE
0038
FFF3
FF10
0104
FFC5
0078
012C
000A
FF2A
FF39
00E4
01E2
FE9D
0100
FF80
0099
00D6
010B
003B
00C8
0047
01B3
FFB8
FEE2
FECA
01EC
0059
FF06
FEF6
002C
0040
FF79
FFC5
0043
014F
FF33
0022
FFBE
FEF0
0166
00A4
FFB3
008C
FF55
FF65
FED8
00C8
FF2A
0030
0042
FEDA
01DB
FFA8
FF1E
FFC2
0091
0119
FE2E
FFE0
0106
0038
00B1
FFF4
FF67
011F
FEC0
002D
0177
018A
01CB
FEC4
FE6D
00E0
FF78
FE55
0115
0118
FEE5
FE42
FFE8
009C
01A6
0119
01A0
01B9
00BC
FF70
FE4C
FFE0
00DE
FF1C
FEA9
FE9D
FF4C
0032
FFCA
FE66
0005
0068
FE1E
FF07
FFDA
00F5
FE99
FF38
FE84
00C1
014E
0064
FE65
0028
00FA
FF5C
FEE5
02E2
0192
0039
FF50
020A
00FE
FE39
0117
FF33
FEAB
01B1
010B
0214
FFF5
FEC1
0056
FECE
013A
FFA3
0043
FED4
00C0
01E1
0072
FECC
FF0E
01F5
FFB8
FECC
001E
0141
001F
0153
00E5
00FD
FE0A
FFDA
0123
FFAF
FF37
004C
FF86
FE42
FFF7
0134
0092
00EE
FF9D
0095
0003
FFE1
01CC
FF7A
0160
FEB0
00D0
0178
FE3C
FF93
0016
01AF
FF4D
FEF2
0165
FED5
0165
FEB5
FF02
0075
0078
00E2
FFAC
FE66
00EE
FFA8
FF9C
002F
0128
FE6E
0039
0040
0069
FFEC
005B
01E2
FFBC
0001
FEBC
FE65
FE68
0141
FEC9
FFA9
FF79
FED3
019B
0025
FE6F
0014
019C
00BA
00FF
00D7
FFC2
0181
FEEB
FEC3
FE7E
FE64
0173
015E
00D1
00FE
FFAE
FF2F
FEDE
00F0
FF74
0199
0026
FEA0
012B
012B
FECD
FFBE
FF81
FFF2
00A0
01E9
00F7
FEE2
00AA
013D
0025
FFCA
00B4
0156
FEED
010F
FFA7
FEC6
FF73
0074
FF1F
0033
01D2
011F
FFD2
0142
0112
FFBB
00A1
007B
FFD8
FEAA
0009
FEBB
FF20
015E
FF3F
FE84
FECA
0151
00E4
FE7C
00CF
FE9B
FF04
0178
FEF1
0169
00EA
00F2
017C
006A
0192
FEFE
0189
00BF
00F1
00C1
0077
00C3
0262
0152
FFFB
013B
0084
FF70
FF21
014A
FFD5
FFF6
0054
FF50
0156
0197
0101
FEFF
0097
FE9F
FF14
00C8
00E0
0198
0042
0158
0168
FFAE
0064
00C8
0100
0164
0075
00BA
FF92
FEBB
FF78
0117
0047
FEAC
01EA
0038
FF7D
FEC0
0031
FFE4
FE7B
FF2A
FF91
0022
FEA6
01C7
00F0
018E
0084
01B9
015B
FFD9
FF63
00A7
FFB2
FF46
011F
00D1
FF41
002A
FFC3
0124
0007
01BC
FEEF
FE5F
FE4C
00DB
0170
0175
FF5A
FE87
FF5C
FEA3
0052
FFAD
FFF1
FFEC
FE82
FFD3
01CB
FEC2
FFCE
013B
FF43
FF92
FF2C
FE82
0067
0045
012C
007D
00A9
FF32
FF67
016F
0023
FFFD
0187
00D7
FE85
003F
FF12
FE58
00C6
008E
00CB
00AA
0028
012A
FF06
0180
FFF3
FF02
FF53
005D
01E0
FFFC
FF0C
017E
FE80
FFF8
FF1B
003A
010D
FEB8
FF93
FF95
01CC
006C
FF09
FFAB
0134
FF90
00AC
FE84
FF52
01D0
FFA1
FF5D
012D
0074
0081
003D
01B3
0207
FF87
FFA6
FFA4
FF47
FFE6
FF1A
FF24
FF86
FEE1
FEE0
019F
005C
FF6E
01A8
FF37
00AC
00AA
00B1
FEE4
FEE0
01BA
FFCC
FF0F
01A1
FEC2
00EB
FE9C
016B
0088
FFD3
FEA3
0163
006E
0132
0174
FF79
00F4
FEA9
0134
0078
0080
FF5F
FF52
013F
0143
FF60
FFC4
016E
0026
0018
0065
FEF1
FF8E
FFAE
00F0
01C3
0190
FE84
0091
0030
00C5
016A
010E
FF1E
FF17
0152
0011
011D
FEA2
01B2
FFDA
FF13
007F
00E6
016A
FF7F
01B3
0065
0003
FF39
FF99
FEF8
0059
FF48
01D7
FF64
012E
00F1
0050
FFF4
01C1
0085
FF70
FFB8
01C0
0082
00D8
00AC
00B8
0156
FFB0
FFC3
FF7D
0006
0094
FFCF
0071
FEF7
005C
0021
0107
FED9
FF55
0167
004C
FF53
FFA1
01B9
00A3
FFBC
FEEE
00B3
00DE
0140
FFB6
FFC3
00C6
021E
0026
FE84
FEFE
01A6
FFBE
017A
FEB2
FEBE
00B3
01F8
FF9F
FFF0
015E
FFA1
00C4
01AA
00D8
FEF6
FF68
0096
FEE1
FF43
FF7F
FEF9
FF1B
01BB
00E7
0198
FFC3
01BE
0135
FF35
0003
0003
00D8
0162
01B4
FF8C
01E1
0018
FECF
0191
0017
FE98
FE7E
00AA
01E2
FE69
FF44
FED0
0159
FECA
007B
0166
0016
0052
FE99
00D7
FE14
01AC
FF2D
FFCC
01FB
0179
0038
0152
FF9B
0120
0151
FEF1
005A
FF2B
FF50
0097
FE63
FDC7
00B7
001F
0103
0042
FECF
0081
FF9E
FFED
FFDB
FFC0
FFA5
FFB6
0102
FEC1
FFCF
011A
0052
FFA7
FE9C
FEEF
FF82
FEF8
0102
FF5D
FFA8
0133
FF9C
01AB
FEE3
01CA
FDF1
0091
0110
0090
0048
005C
015E
0062
FEAD
FF64
FED1
0191
FEF9
0137
FF7D
FEF2
FEE9
000C
FEFE
00DA
016A
FF90
FFBE
016F
011D
00D5
FEE2
FF37
0147
01C5
0088
FFAE
FF71
00DB
FFC8
003C
00F4
015D
FF57
FF16
FF63
FFCA
FFF9
0057
00D9
0099
FECF
FF22
FEE6
00FF
003B
FF39
FF08
0111
0174
0149
0199
FE6D
010F
00E6
0084
FFA6
016E
0133
00B3
FF82
014C
FF15
FF39
FEBF
007F
FF01
000B
0075
009F
FF5C
FF63
01F4
01F9
00AB
0104
FFFE
002B
010B
01E1
00AF
00FC
017E
FF23
FFB8
FFB2
0024
FE67
015A
FE6B
0028
FFE1
0066
FE9A
00B6
0083
FE9A
003A
FF81
0057
00F1
0117
0186
0003
0070
007D
00E5
FECB
FF80
FED1
016E
FED5
00D4
0105
FF7D
0140
00A3
FF91
FF5D
FF66
0092
FFAE
0027
01DC
00CF
00C3
FFF3
0065
FEE8
00FF
0093
FF4A
00BD
FFB4
0146
0169
FEF1
004B
00B7
004B
FFB4
0186
01D6
01BB
FEC0
FE37
FF5A
FFE1
FF88
0066
00A3
FF63
00E5
FEE8
00EB
0144
0050
FF02
FF6C
FF83
00F0
FE81
FE7F
017A
00AB
FFA2
FFA3
0126
0104
FF2B
FF1C
FF7D
FFBF
00FF
FEE7
0156
FDD7
FDC3
FEDD
FF69
FF27
FED3
017C
FE66
0177
FFB3
0013
FF67
0062
0067
00E4
FF58
00C4
00DE
FF33
FF6E
FF1F
01BD
FE89
0266
00DF
0044
00B8
001E
00D2
008C
00DE
FF4D
01E2
001A
0111
0086
00E6
FF6F
FF57
FF79
FFFA
FE73
00FB
0043
00F8
FFF5
FF11
00B0
FEA7
01AB
FED4
FFFC
013F
FEBD
0124
FFC5
FECC
FFB9
FF2F
FE40
003A
0136
FEB4
FF2E
01D7
01B2
00C7
0022
0093
FFE6
0133
FFF0
0172
0016
00CF
00F4
0134
0003
FEE4
FF0A
FEC6
FF88
0119
0187
FE9D
FF46
FE59
FF2B
FEC4
FFBE
FF00
FEA6
0010
0094
01EB
01D1
FF44
FFB7
008D
FFE5
0100
0076
026F
FEDE
01A8
FF67
FDD6
0266
00A3
00DA
FFB8
00F8
006B
012D
FFF6
016F
FEF4
020D
00C8
0118
01DB
FE7F
FE68
00E8
FDD5
FF91
FFCD
009E
FEA7
FE07
FF3E
0208
FF00
FF52
0147
0012
0110
0075
FFA0
0031
FF89
01D1
FE0C
0063
FE7B
0205
001B
021E
FE7E
0257
0060
0212
0060
002C
FEFD
FFE2
0047
FFBF
01A4
FEEB
01E4
FDE9
014B
0089
0022
FFCD
00BC
0049
0130
00D7
0210
FE81
FFFC
FF92
FFEC
FD8F
00A1
01B4
0016
FF76
020A
FE84
FEA2
0024
FEAE
FECF
00DE
FFB7
006B
002C
FED3
FFC2
0095
020A
FF7D
FEBC
FFBD
006A
021C
001A
FF6D
FE2E
007F
0039
FF3F
FDEF
00BF
00D5
FF6F
FD8C
0211
00BE
FFC2
FF96
00CC
0112
0069
003A
FDBF
FD16
014A
0146
02F1
0111
FFD4
FF3D
0078
FE5B
0103
00E1
0142
014C
FF37
FF97
FF09
0016
FE92
0040
FFFB
02CA
FE6D
0107
0120
02EC
FE53
010C
01AA
009E
001E
FDDF
FF24
002E
FE34
FDEC
FFC5
FEEC
FF18
FDDA
FE4E
020D
0022
FE67
02AD
FEC7
0288
FDC1
0205
FF6D
FF55
0108
FE35
FDAD
FF6C
00BA
FD9E
00EA
013A
009B
FC65
0152
02C8
0082
FDA9
0011
FE1D
FE11
0238
016B
0263
FDFE
01CC
003E
FF73
01EE
02F1
015E
0132
0007
0108
FFE4
0028
FE96
0035
FE84
0380
02C0
FDF6
0019
00A7
FCB2
FE82
FCF5
FE05
FFC1
0085
FEEC
018B
FF7B
FF22
01C8
01DF
01DE
02B7
FDB0
031D
FFAA
01C5
FFFA
FD5C
FE8B
FD2E
0060
0266
FDEA
0077
0133
014E
FD6F
02D9
012B
FDC9
FD44
FDF7
015D
FD33
0341
010D
FEB6
FEB7
00C1
0071
FF83
FFD5
FEAC
0126
FF24
FFBF
FF44
FF1B
0001
01B7
FF13
0084
015A
FEF5
FEA3
0189
0114
FEE7
008D
00F3
0187
FFAF
01AD
0074
0113
FF3E
0099
FEEA
FF45
011D
FFFC
FF2C
008D
0015
FEDC
FFD9
016D
FFCE
0070
FF59
00D1
0138
FFF4
01FF
FE60
009D
FEB2
006B
FF16
00B2
FEDA
0018
FFF0
03EE
FF4E
FEA4
01B5
FF8B
007C
00B0
FFB1
FFC8
FFCA
FFEE
FFAE
01E1
FEB0
011A
FF02
FF9B
FF70
014A
003F
FED2
FF99
015A
FEF2
00A1
00C3
FF35
0064
0054
0195
00A9
FF4A
FF46
FEF7
FF00
FF30
00D1
0013
000F
00BF
001E
FF95
0069
0075
0200
01AC
0266
01AC
000E
0128
004C
000E
FFDC
0127
FE74
0340
0206
00E6
FF6F
0037
FEE4
00AE
FFE9
01C1
FE3A
00F0
FEA7
0112
FE9F
01D1
FDCC
FF3E
FE6C
01FF
00D7
0157
FF6C
FEBA
0271
0088
0004
FE53
0014
FFBD
FEF1
FD5C
FE6D
FFE1
FEA8
0071
000D
0016
FE06
FE3B
015A
010C
FF92
01DF
0207
0055
FFE8
FD95
FF6C
00E7
FE34
FDBD
0060
FF24
FE8E
FE2F
FEC0
00BE
008F
FEC1
004E
0046
0213
FEC8
0246
FD8A
FFCD
FF65
FD99
FDDC
00D0
0164
FEEA
00D2
FFD8
019A
FDD1
02BE
0228
014D
002A
0097
FDCD
FFD8
0222
0123
FFDC
FD46
0054
0006
FE13
0101
0224
003A
025C
FF91
FFD3
FE27
FEE0
FF3B
FF3F
FF23
FFCC
0013
FE6D
016E
022B
FF24
FFF3
FE70
FDA2
FD72
0146
FFF4
FF72
0006
FED2
01B9
0103
00C3
FF6A
0089
FFD3
FDAD
FFFA
0192
FE10
FE6C
0024
FEC5
0185
FF72
FE82
FFC5
00B3
FDEE
0181
00D6
FE4E
FEE8
FF67
01C2
FECE
0020
004B
0163
FFFB
FF06
0083
01A5
000B
FEC2
FF01
0131
FEF6
0062
00C3
009B
FEDE
00F3
FEC0
014B
FF3F
FF48
FEB4
00A2
FFF8
01BF
FFC6
0189
FFD6
00CC
0055
0186
FF0B
00EE
FF55
015F
FFFE
0175
00F2
00D8
0197
014F
00BD
FF7C
0018
FF9B
0205
00EA
0165
0043
010B
017D
0169
006D
FF4E
009F
FFB7
002E
FF67
01AC
0123
0196
FFE4
FF28
FF1E
00AE
FE7A
01A5
009B
00EC
FEFC
008C
FF59
00E1
014A
FE73
FF56
002C
FF23
FFFF
01A9
FEA0
FFE9
0126
01B7
0005
01F4
0126
0169
FF35
011C
0150
00D5
00C1
00F1
0006
0096
00C4
0197
FEE3
0143
006D
00FB
0097
FFBF
0172
FFD3
FFD5
FFCD
FEF7
FE7A
0055
FF36
FEA1
FE6F
021F
006B
FEB4
0143
FEB4
0173
003E
0062
FF14
001D
FF48
FE66
FEDB
0112
FF43
FED7
01D1
00C4
FE87
010D
0003
011B
00F2
FEF9
020C
005A
FF7C
00BA
FEBE
FE01
01C8
0182
0026
FF22
FFAD
015C
FF43
00CC
FF8C
FF8B
002B
0196
FEEF
FF3C
017D
FEA3
FFCA
010A
FE92
FFE9
012F
FF89
017B
008A
002C
014B
FFB5
FFA1
FFDB
FEA6
00AD
017B
FFE5
FEE3
FFB0
01A3
FEE9
FFEE
FED8
FE6D
FEFE
0113
004C
FEBC
00F7
021B
0085
FEE9
0010
FEC8
FF56
FF78
009D
FFDA
01D5
01A8
019A
014F
FECC
FF51
015E
0183
0070
FED5
0094
FFF0
01A7
FDFF
00E7
0093
00F8
FFC2
FE56
FFBA
0011
0073
FF79
016A
0138
FFC2
FFBF
007D
FFA8
FEFA
018D
0039
00C9
FFD1
0096
0192
FF58
0111
FF74
FE45
FFB8
0217
01C6
0026
FEDA
005A
0127
00B0
FE70
FF00
FFC6
00DA
0164
01F1
FF37
FFB0
0140
0078
013E
FEBC
00D7
FFBD
FF9C
00AB
FFD9
01C7
0100
0000
FF0A
FF0E
FEAA
FEA1
0073
013C
FF7E
0146
00AD
018B
FF16
002D
FE97
001C
0087
FED8
FEAB
00D0
FFB2
FF57
FE86
FFDB
005C
008E
0119
016F
001A
014F
FF46
0074
FF0F
FF45
01BE
FFCE
FE9F
01E3
0009
0053
00DF
0080
00EB
FEA1
0142
FEB2
0107
FF00
FEFD
FFD3
013F
01ED
FFEF
0040
0151
FF56
0244
FEE6
0062
FFC0
FEAD
0083
01C9
FF5B
FEF3
FFBC
FFE6
0135
016A
00D8
002B
0195
011C
01B7
FF8B
01B4
FF72
01E7
FF3A
FF5E
014B
0151
FFB3
00C6
000F
0020
FE93
0180
0076
00A1
FF6E
FF3C
FEAC
FF13
FFAE
0045
00DD
FF75
0119
0114
01A2
015E
013D
FEDD
013A
FF22
01FB
FF5F
00F0
FEC4
FECF
0010
FF24
FE4D
FF9C
FF6C
00D0
00BD
FFA5
00BE
FFA2
FFEA
FED5
FECF
FFA6
FECC
FF02
FF44
0011
FE81
0163
003C
FEE4
FED2
00DB
0027
FFC8
0087
FFE8
FFAB
017D
FFE5
FEB5
01C8
FFF5
FED2
005C
017E
003A
0078
FE7B
FEAD
000D
01A7
00E8
01B6
0097
00F0
FF7D
FFBE
00EA
002C
0176
0076
FF73
000D
0025
FF9C
FF77
FE89
015C
01BD
FE82
01AC
FFEB
0028
FF4D
008B
FFD7
FDCC
FEAA
0020
FFD5
FF24
0177
0017
FE9D
0001
FF97
FFBC
029B
FFD9
FF66
FE69
FEF5
01A5
FF79
FF1B
FFA4
0058
FF81
FFAE
0174
FE5B
001E
FFEC
007B
0144
018A
0219
0122
FFC5
00F6
FEF3
000C
0166
012B
FF0D
FF14
00D4
00C8
0005
FFD0
0120
FF88
005E
FF29
FED9
FEE9
0012
FF6D
00DF
012E
00D2
FE68
FF4D
00FE
00D9
00CC
0169
004F
00EC
004A
FFF8
01B2
0070
FFD0
0132
0140
01D1
FFF9
0133
00F6
FF8A
FDFC
00D4
01E9
0010
028D
FF22
0134
FF5B
00A9
FEBD
00A4
FF8B
FFC6
01D3
0060
FFAE
FF7E
00D3
0222
0161
FE24
FF95
FEF5
0106
0059
FFC6
023B
FFB3
FEE7
0247
FF1A
FF83
FF5A
023B
0097
0227
0001
FDF1
01AF
0052
0215
FEA1
0217
FF5B
FFFC
0208
FE82
FFDD
0154
011D
FDD4
01C3
FE3C
FD5B
FDA7
007D
FF80
0062
FEE3
0201
FF17
028E
FFE2
009B
02B3
FFFE
00F8
00CD
FDBC
004C
FED3
FE11
FE09
0007
021A
FE41
0224
FF5A
FFF9
0057
0212
FDE2
FE94
FF60
FFD1
FE0C
FFF0
FF30
00CF
FFAB
021D
FF6F
01E5
008A
01A7
010C
FE98
FF8A
FEED
FEA5
0283
004F
00C6
FDEB
FF1E
0115
FFAB
0091
FE81
FFA8
FF79
FFD9
FFAF
FFD1
009D
001B
FFFB
00E8
00FD
01C8
0113
026D
002D
FF71
FF81
FF63
0181
FFD0
017F
FFF7
0044
0017
0025
FFFA
0174
FED6
FEBC
0082
FFEA
0156
010D
FED3
FFB9
FFEB
0127
FEC1
FE59
FFB6
FF96
FF26
01BE
FEF6
FFAF
01A3
006A
FE6E
012E
014E
0064
009A
014D
0162
0043
0193
FF63
005B
FE3D
FF56
FF3A
0105
0197
008F
0029
0000
0195
014C
FEC3
FEF0
00F3
FF35
0136
FF79
000D
FE91
0164
018F
FFAF
00D6
0057
FEDE
014C
0199
FEEE
0095
0083
FF2C
FFD7
0140
FFCF
0201
0044
00AA
019A
009E
FEF5
0078
0020
00DB
FF2F
004F
0034
FEF7
014C
00F3
0133
FEE1
FF86
FF6A
FE8F
FF2B
00E3
FECB
0186
FFE1
FF30
01A0
FF98
00D3
FF10
01D7
FEB2
01C6
FFDD
FF53
0132
FF50
FCF1
FF0F
005E
00F7
FFA8
00D6
0077
016F
019C
012A
FF66
0006
FFE8
FEE1
0094
023B
0174
00DF
FE51
FFE5
FF14
0283
00BA
FF73
0091
FE09
FF5B
FE54
FF5A
FF22
FFFA
FF8C
FF96
000B
FFAE
FDB0
002A
0022
FF7E
0017
0066
015D
005F
FEC0
FDE6
FFAA
011A
01C8
FF90
011B
FFFC
FF5B
00A9
00E6
0130
029D
FEF2
FF1A
0289
FFB2
024A
FE9F
012A
FED6
00D5
01D6
FE0A
0283
FF84
0078
FE47
FFBD
FD5F
FED0
FDB4
00A4
FE14
FE06
00BD
01DB
FDB7
012F
FF5A
FE0C
00D0
FE57
FF73
FDCF
FED0
00A2
FE44
FDB3
FDD4
FEBF
00BA
FF1D
015E
FFEE
0235
FEEF
006C
FD3F
FF9D
0276
FF12
FE56
FFF0
FE9F
0031
005F
0005
FFC9
008C
FFF6
007F
010F
FE17
FE0E
FFDF
FF5A
FF9B
FE81
011F
FDC1
004A
FF6B
FFA0
02C2
FD45
0021
00DC
0002
FE4F
FE5D
00A2
0085
FED8
002D
010D
0241
0090
FFA5
FF75
012C
00ED
FE4A
FD61
FE7A
FDB9
FF84
002A
FE2D
0282
FE35
0124
FDC6
FFC6
008A
0022
00F2
FFCB
FF5A
008E
FE82
FF85
0147
01EB
FF70
FDA8
0132
FE47
002F
FE6E
FF63
006A
01D6
FEFA
FFE7
FFFB
01C7
0253
FF68
0180
FF91
FE44
FD4B
015E
FECD
0268
FF49
0218
0002
012C
0041
FE9B
00BC
029A
FEA3
FF9B
0213
FF3E
FF4B
FF01
FF3E
FDA8
FED2
009E
017D
004C
0120
FF5B
FE5F
018A
FDF2
FF1F
FD6E
FF68
FFCD
00CB
FD35
FF38
FFD1
FF3F
FE3F
025B
FED2
00FC
FDEA
FFC7
000A
FE34
01D4
003C
FDD3
FFE0
FEF6
0065
005C
FF70
0049
FF58
FD49
FFDE
0218
FF71
FFF0
FDB0
FD9A
0093
FFD0
00E3
FEFF
FF3C
FE7B
FFFB
01A8
0051
FEC6
FF9F
FF27
FD56
FECD
FF65
FDA5
FF4D
0056
024B
001C
00EF
0209
FFDD
00F9
FF7D
00E7
0101
FF35
01AF
0147
FFC7
00F2
FEBA
FF1A
018B
FED0
00A7
FF8F
00A8
0060
FECF
FE68
FF6F
01BB
001D
0048
01AF
015D
00BC
0080
FF59
0060
FF5C
FF28
002A
FEE5
FF70
FEEA
FF46
010B
00E7
FEAE
FF2F
003D
0135
0120
00BC
0092
FFCE
FEE2
00D9
013F
FE80
0149
0116
FEB9
FFDC
00B6
FFB8
FEEB
FF59
0127
FFFA
0125
0189
FF3A
0076
013B
FEC3
FF1C
FDFF
00BB
0016
FFEB
FE31
01A7
010C
FFB1
0098
FFB2
007C
FF7E
FE83
010E
FFB9
FF25
FE4C
FF82
FF04
014D
01BE
01C2
0150
01B0
FE43
00D1
FF8F
FE19
FEA9
01CB
FF46
FF69
FEFA
0121
FFB4
0012
0195
FF3B
FEE5
01F2
0053
FF0E
FF5C
0106
FF07
0146
00D9
00C2
FFA0
FEA1
005F
FF6C
0082
00E0
00EB
FE7A
FFF4
00BB
000B
00B9
013D
FFD7
FEC1
0112
FFC4
FFED
0095
009A
FF62
00A1
FE2D
FF71
FEAA
00F1
FF40
FF86
FFDB
0043
FFFA
FF0F
FFB7
FEC1
00A4
00C6
007D
FF79
FF2E
FE73
FFDA
FFFE
FFA8
FFE0
FF5B
FE99
0199
002C
FF71
FE83
FE94
FFE8
00C2
00E3
FF98
FEFF
0154
FFF1
016D
014D
FE77
0150
0072
0126
FF0D
0034
FEC8
FFDA
01B7
0101
FFDD
01A8
FFB6
00A0
013F
013B
01CD
00F9
013C
0135
013E
011D
00CD
01F2
FEB5
0199
012C
0190
FF8A
007E
FEF3
010E
007F
0174
0105
FF99
0174
FF0D
FE9E
0089
01D2
FFCB
009C
01C0
FE54
FEDF
00B2
FEA6
FF21
0151
013C
00FD
FE35
00DA
FFA1
FF08
0004
00DA
007B
FEAD
006B
00ED
014B
FF62
0111
FE24
02DC
0177
FFFF
FF02
015A
FEBE
FE5E
FFCF
0186
FEEF
FFC8
FF18
FECA
0114
FEE2
FFD5
FF16
0118
FF0D
0105
00D5
0001
00ED
FF73
FFDA
01D8
FF7C
FECA
FFBD
01D3
007F
FF22
FEAB
FF19
FED3
FF5E
015E
FFE9
001E
012E
0195
017B
0081
FE2E
0115
0024
009F
00AB
011D
0138
008C
FF2A
011D
FEB3
FF0D
FEA7
00CD
001B
FFBB
01AE
00C8
FF8C
FEA4
019D
008D
00EC
0199
0145
0085
FFB1
008F
00F4
FE5D
00D7
0116
FEDE
FF9D
FE61
0197
FFBB
FF1D
0120
FEEF
00A1
FFB3
00AD
FE8F
FFE9
FF38
FE77
017D
FF5F
0139
FFA3
0008
FFB2
FF45
FF01
FE8C
010D
FEDE
FEA7
00E5
0083
FF6A
FEB8
00B1
FFB5
0088
FE29
00A5
FFF3
00A4
FF69
FF32
013F
FF6A
0148
0117
FF73
01E7
FF94
FF52
0143
FF57
FE93
FFA4
FF81
00AA
0146
FF51
0070
0018
FEDE
FFD8
00B6
FEC1
FF20
00FC
00FF
FE7B
004B
FEF1
00B8
0012
FEF7
FE26
FFD8
FEA5
0245
01A7
0081
01D5
FED9
0083
0015
0043
FE8C
01E9
0264
FE51
017E
FEF3
0002
FF0D
01CE
0216
01AE
00AB
FFDE
FE3F
FE39
FEC9
00ED
0021
00AA
007F
023C
FFC1
0254
0149
014C
0136
FFEB
0095
FEFE
01B0
FEBE
0228
FED5
0051
FDE8
01B1
FF28
FF74
0158
0056
006A
FF42
FFAE
FD7C
FDC5
FE8D
0012
0091
FE42
FF8D
0087
008D
0075
FFC3
FFBD
014F
FFFA
FF4D
FDBA
007E
0252
FE97
008E
0052
FE73
0064
FF02
010E
FEA6
FF89
0062
015A
0095
006B
017B
0075
FF65
FF9E
00C4
0174
0130
01B2
FF09
0215
00A8
0131
016C
FFBE
FEAB
FDDB
0068
0163
FF53
01ED
FE83
FF86
0076
0225
004C
0117
003A
01F5
FF53
FFF9
FDAE
FFA7
FFD7
FE74
0076
01F9
01A3
FFFD
FFC5
FE2F
FED0
FFBC
FEB6
01B1
0034
001B
0025
0144
0046
010D
0006
001A
FFBF
0191
FFAB
FEFB
FE61
0117
FFB5
FF9C
0048
0076
006A
FF01
0091
01A6
00BF
0084
00D8
0112
01C0
0044
00AE
0080
00CC
00ED
FEEE
FE99
00F9
FF57
FF93
00C6
FF92
004A
01E8
FFD6
0172
017E
0040
FFFB
00CA
0079
FF2C
006D
FF83
0032
FF77
00B7
002C
FEED
0161
FF7A
008A
FFBD
FFBB
FF60
FF8D
0030
FEFC
00A7
FF0B
0148
0157
002C
FF5A
0217
0119
0036
01A4
FE60
00A2
FFBE
00A8
FF7B
0096
FFEA
002F
0032
0176
FFF7
FF61
FEFC
FFCC
002D
FE7E
FE7D
0156
FE93
0181
0022
FE15
FFC0
0005
FEA1
FEEE
0107
FF38
0024
001E
013E
FFDA
00F1
FFD2
0242
011C
FE79
FFA3
01D1
FE9D
0042
FEDE
00E6
0004
FF82
0050
007F
FF0D
FEA1
0065
FF99
FEBA
FF99
FF2A
0099
01B6
00FD
FEBA
FF3D
0046
0136
FFBC
002A
FEF6
FE30
00BD
FEAA
FF9B
00C0
0094
01D3
00F3
0177
FF58
FF16
0131
FF22
FF1E
00CB
FEDE
FF12
FE06
FFC5
FF7B
FFE8
FF20
014E
FF92
0114
00CE
FFD5
00A2
FE50
0133
FEEE
0154
00EE
FF99
FEB7
0012
FEF4
FE17
FE4D
0199
FEA3
FF99
01CA
02E3
00FA
FDF5
00D9
0140
0080
FE25
0023
FF1A
FE0C
017F
01DC
019F
FF79
0194
00FC
FEF2
0245
FF63
01F9
FF00
FEF2
00CF
FE2A
00F1
00C1
011C
FFE6
FF71
0124
01B2
FF75
0168
FF59
006F
FE3B
00C5
002D
00A2
00A6
FFC9
FDB6
00AD
FF38
FF55
00D1
007F
FFBF
0162
00C4
01EB
0001
0082
00C6
FED8
0005
002D
003D
FF98
01BA
0190
0125
FF38
00A2
001F
0074
FFF5
FEF4
0068
00CC
0210
01A5
00EB
FEEC
FFBE
FE42
00E1
FFCC
FE6C
0012
0008
FFEC
FDF1
FEDF
FFB5
0027
01AF
FF5A
0247
0181
FE2A
0097
0150
FFAD
004D
FF2D
0092
00BD
FFB4
FEE8
FEDD
017C
00B0
005F
0005
0058
00A0
FFB9
0273
013D
0244
FFA5
0049
0267
FE8A
014C
FE5C
01F0
FDA8
0237
0015
FF88
008B
0159
FFBA
00F0
0111
00AA
FF8C
FFAA
0011
FDC0
0106
FFF1
0154
FF3B
FFCB
FFDC
FF92
010E
00C2
00E9
FE11
FED7
FF42
FE5F
FF1B
FE3F
0071
0216
00C4
0252
0002
017F
FF58
021E
0027
FF06
024B
FEE7
FE6F
0048
014B
01FC
FFDC
005D
FE6D
01C5
FEC6
FF99
00B9
0069
FFB2
FFE5
00A7
01AD
FFB4
00EE
FF2B
001F
FFF3
0014
FF6F
FF60
0060
00ED
FDC0
0038
FDDD
00E8
FF03
00C5
00F3
01E6
FFEE
0102
010F
0048
FEB3
00CB
0123
00CC
FFAF
FEA6
0052
010B
01A3
011E
013B
00DD
FFEA
0170
FFEC
00DA
00F5
FFAA
0156
FF15
010F
0078
00B3
FF83
0050
011D
0182
01C2
01B0
FF84
01A3
FECF
FF76
009C
0052
FE4C
00CA
0104
00C1
FF82
00CF
00A8
009F
FF7B
FFF0
012C
016A
FE9D
FF7A
0146
0026
00F0
0001
0025
FEC1
005A
00AA
0134
00EF
004C
FE7A
FFC5
015F
FFAB
00A5
01CF
FFC0
FE9F
0017
FF65
01F8
004E
FF25
0134
FE9F
00EF
FF25
FF68
FF0C
FF07
01B4
017A
FF28
FE75
0045
00DC
0071
FFD5
FF13
FEA4
007E
0111
0112
FE29
0137
FEDF
003A
FF90
00E8
011D
0036
0164
00DF
0104
FF91
004E
0037
012D
003B
00AF
0010
0001
0096
01BD
FF85
FFEB
FE5F
00CE
0147
0006
0145
FECC
FE92
00A0
FF3A
FF64
0049
014C
0031
0144
FF6F
000E
FEF1
FE7A
01C4
FEFF
FFD0
0074
0091
FEED
012B
FF06
007F
007F
FF1D
FE9A
FF28
0137
FEA5
FF8C
FFDD
FFA2
FFEB
0075
FEEA
FEB2
FFDB
FF2B
000D
FF44
FFE6
FFC3
0052
00AB
FEF2
00AC
FF0B
FF2A
010D
0188
FF02
FF11
FFC5
FE9F
FE52
0166
012B
00C4
0023
FFC8
FFAC
FFD8
0028
FF79
015E
FF69
0219
FFBD
FEF1
00A3
00ED
0131
00F9
FEF6
0121
014F
FF3A
01EE
00B3
FE8F
0060
016D
0054
00B8
00A9
FF58
FF58
013F
0005
0189
0189
FEAD
FF95
0096
0096
010E
01D4
FF69
FFB3
0131
FE75
011F
FF7D
FF5B
FFD6
FEA9
00CA
00C3
0129
017E
01B4
0140
FF1E
00D3
0066
01B8
FEF6
FECD
FE5A
01A4
FFD4
FF7E
0184
FF1F
0118
FF67
00BF
00D5
0062
FE8D
FFC5
00E3
FEC1
FF5D
FF51
FF3D
0233
FF95
FF5D
FF84
FF15
FF83
0043
0156
FDE7
FFB8
FDA4
FEBE
FFF7
FEAE
00F3
0061
01BE
FE49
0095
0048
0078
FE59
02BE
FF45
FF2F
FE90
0067
FFE4
FEAA
FDAC
FF97
FF5D
0286
FFA7
0074
0075
0046
016A
00A0
00AF
FF3D
FDEF
FFD5
01E2
FD5D
0124
FFC6
FF91
FD93
0230
FF47
FFCB
011B
020B
0156
FF2E
FF92
FE24
0049
FED1
012F
FE15
FDDE
FF2C
0202
FE6E
028A
01A4
FF8E
00D1
FEBD
0154
004F
FE30
0235
FFBC
FE8E
FEFD
FF0F
0003
FEB2
0128
FFCE
0035
FE19
00F6
FF40
FF66
0159
FE32
0027
02A9
002C
0151
FFEE
01A6
FF06
FFB1
FF79
FF35
028E
FE1E
FF55
FDE2
0097
021D
FF31
01D0
FD75
FF93
0054
0222
0055
FF94
FF99
01D5
0086
FEAD
0037
015A
FF67
FEA1
01F7
FF37
01F9
FE31
0008
0023
FF4E
FD75
FF85
0233
00A7
02CB
FF37
FEB7
00C7
FF47
013E
FEA1
00D9
0181
0311
FDC4
FE65
00A8
FE5C
FEC8
009C
0046
FD70
FE73
00A2
01CA
001F
0300
00FD
0018
029F
FEDB
FDA9
0154
FD93
FC74
FF70
FDFC
FC76
FDA5
FFAD
FFF4
02AB
FF18
0159
001E
0109
FEB7
029C
FDDA
FE39
010C
FE18
FE51
FFD8
0108
FEA2
0302
017B
007C
FEE0
02E3
0112
002D
FCD7
00AA
FCCA
FE42
FFC9
FF05
02BE
FF34
0238
00D1
FE0C
0315
010E
0330
01CC
FEDB
003B
FD67
0040
FEDD
FFB8
FCE2
0053
01CE
FDDB
0043
01DC
FF56
FFB1
FD56
FD06
FD23
01A7
FE51
0108
FFA6
FF21
0094
0285
017B
00DC
FF82
01E7
FDAD
010C
FFF0
FF6B
FE80
0077
0085
000A
FDA7
00A1
FE86
0012
FD84
011B
000D
FEC3
FF89
FF82
02BB
FF77
0171
FFD0
FEB5
FF69
016F
00E6
FF98
0141
FFF0
0154
FE88
FF3E
FF1A
012B
004B
FF01
FEAA
FF64
FEB2
FEE0
FE6A
FF51
01A2
0161
0193
FF2F
FF25
0004
00D2
FFA5
FF7E
0034
0120
FFB2
FFA1
0165
FFCF
00A8
00BD
FE95
FFA4
0053
00B4
FFB8
0102
FF88
FE8A
0032
FF63
FF3A
FF6C
FE64
0084
FEA5
FE84
012D
FFB0
0160
0008
0231
00D4
FFC9
FF33
FF6D
018B
FF91
FFF9
0097
FF22
0051
FFA1
0091
0094
0104
0097
FFC9
FF79
0019
0068
0060
019B
FFAB
00AC
FF57
0155
01C9
FE07
FF1C
FFE0
0031
01CE
006B
00D8
FED3
FFB6
003C
001C
0006
00C4
00E8
0094
FE76
FEE2
0062
FF8A
FF27
00AD
0137
FF30
0026
006A
FE7C
FE92
0065
01EF
009A
FFF0
FECE
015B
FF66
0097
FFF8
01E2
FF5E
FE3A
0151
FFE3
0001
018D
004A
0079
0073
00FD
FEA5
0117
FFC4
FE4B
0147
002C
001F
FF8C
0162
FF47
00B4
FE05
0078
0138
00C5
FEA8
00E7
00D2
000A
003E
0063
010C
FF0B
00E6
FEF1
00F4
FF3A
FE86
FF9D
016E
0149
0063
FDC0
FFAD
005D
005D
FECC
00E2
004C
FF6D
FF5D
FF00
FFBE
00DB
00FD
00EC
FEA4
FFF1
00DB
FF74
0015
010E
FF4D
005B
0255
FF41
0083
004A
FFD9
0203
FF20
011F
0106
FFEC
0158
01CD
FF17
00C2
0061
FF87
00A7
FFED
007A
0118
00FC
0157
FF87
FEBF
00A5
00AD
0057
FE62
019E
FFB7
000D
FF29
FE97
0019
012D
FF0D
FE4D
00E3
0121
014A
FF31
FE79
FE8A
FF55
000A
01BA
FF89
013F
FF3F
FEAB
FF68
011C
FE27
FFAC
006F
01DD
0149
0087
FE8E
017F
FF3C
FEA8
FEED
FF4A
FEC4
FF18
00E8
FEA5
FF1B
FE65
FEF9
FD53
FFD9
FF6C
020E
00ED
0042
FDC9
0075
0040
02A1
0007
0233
01E3
0024
FF47
FEFE
00FC
FEB5
017B
FFB2
FF77
0010
FEA9
FE66
0083
FDAC
FFC5
FFFD
01C4
026E
FF64
005B
FFEF
000E
FE37
FE19
FED6
FE89
FFB9
0061
FFEF
FF3E
0042
FF70
FFC3
01BF
FED1
FFDA
FEE3
0084
0108
FFB4
FEAC
FF4A
FFFD
FE51
01D1
FEE3
002F
FED8
0242
02C7
FF74
FDD3
FF9D
FD95
FF1D
00C8
FF36
003F
FD4B
02A1
0109
0032
002D
0108
FF2E
0030
FDCC
01B0
FE0C
002D
005F
0009
FE33
020D
023D
FEDD
0216
00F1
FE2C
FFDD
FD48
FD49
FE37
00BE
FEA4
01F0
FEB8
FF36
00D6
023A
0138
01E0
FFD6
00C2
00B0
028A
0049
FFC7
FF91
FF27
00EA
FFF6
FFCB
005F
01C2
0054
FF6F
FFEB
0272
0001
0082
FD9B
020A
FE27
02A0
FE1E
FD14
012E
0122
0220
02CF
FFE8
FE6D
0183
FDA6
01C6
00DA
0083
00FF
0140
FFE0
FD7A
0076
FE8E
FE6D
0295
02C0
FEB5
FEFA
FEC9
02AF
FF22
010D
0106
FFCE
00BC
FD84
FEBE
0055
FD59
FDFB
FFBB
FFB2
FEE1
FD2B
FF97
FF9F
02A5
FCFC
02C8
FD09
01FD
FDCB
0129
FEBF
FF6B
0049
FC9E
FD63
00D6
01B9
FE7D
01CB
002D
FFC7
FD6E
020F
01F7
01FA
FCFC
FEC0
FF15
006C
01C5
0071
0144
FC84
0040
014E
FF5B
0222
003B
0260
0025
FDB1
FFBB
FC84
0105
FE02
02B9
FDFF
008E
003A
FFB7
00E0
015F
FF4F
FF27
FE20
FE19
FD77
029D
FF9F
02B7
FE40
FCDD
00B4
0021
0155
0179
FE2B
01C3
FD7E
0296
FFAC
FDC7
FF48
FDF0
02C5
FFC1
FDD5
FFCF
0035
02C7
FD12
027B
002B
FD3B
FE69
FF0B
031B
FF9B
0010
0194
FF30
FFBC
0064
FFEB
00A8
001E
0187
FEB7
FF70
FF38
0087
FE23
00CF
FDCB
0255
FF70
0074
01E6
FF7B
FE7B
002E
0032
FF60
007A
FEEF
0264
FE40
FE3E
FDE2
FEC0
00F0
FF9E
FDAD
0104
0109
FF9A
0213
019D
01EF
FFB8
FE2F
002D
014D
FF12
0202
FFD5
0146
FF1E
0248
0174
FF27
00C3
FFA5
00B4
FF68
FFC3
000E
FF8B
FF2F
FF36
FE68
FD95
FF3E
FFA7
FED6
00E1
001B
FE0A
003D
FE25
00D9
FDD7
FE05
00B2
FF62
FFCD
0037
FEB1
003F
FF7B
0171
0030
01BC
00AA
0000
FF59
FE69
01B6
FEDE
0072
0277
00CF
FED3
FF92
024D
FE6F
FFDC
FE09
FF3F
01EB
FD99
003D
FF9E
0047
0017
FE43
FFFB
FD2F
FF2B
00FC
01B6
0143
00A6
FDC4
01A9
00C3
FF68
0077
022E
FF74
0005
01BD
0186
FF3E
FEBE
005A
FDBD
000F
FF4A
001C
0030
020E
010A
FF34
FF22
0100
FE38
0047
FE7F
01AC
0150
0171
FF61
FEC1
0043
FFFD
00C0
0129
014B
FE23
FE88
FEB3
01B8
FEED
012E
0150
FFF0
0181
FF6E
FE4B
018D
FFDA
0003
FFF8
FE70
FCE6
FED0
FF52
01FF
FF96
FE71
FFFB
FEA2
0214
FF40
FF95
FDE7
FFBD
FF60
0031
FE83
00C3
0121
FE27
0083
0016
FF56
FD62
01FA
01E5
0023
FFAD
FEB0
FED3
002F
0030
FEEC
00CE
FD81
01F7
00A6
FE23
FF5B
026E
0189
01B5
FEB1
0139
FFC2
0011
FF72
0068
FDDC
00B8
0060
FF32
FFA9
014F
FE0F
FF58
FEC6
FE1F
FF15
00EE
FF2E
FFD1
FD3C
FDFA
FFCF
023D
017B
0002
FF86
0065
FDCA
019C
01AB
FEB5
FF03
001F
FEDA
0232
FD7B
002F
00AB
0221
FF4E
00D3
026E
FFA4
FF33
FEC6
017A
FF8F
0043
00A3
FEEC
FF75
FFA1
0128
016E
003B
FE94
FED7
FF65
0076
FE4D
0015
FFD4
0042
FE2A
FFBE
FF21
0047
0041
FF2F
0165
006C
FFF8
FECC
FF42
FE62
014C
002F
01A3
0182
FF0D
0117
000B
FF16
FE48
012E
FFDA
00CD
FE35
FF00
FF8C
0185
FF94
FF02
00E6
0081
FF50
0040
FF5B
FFE1
008E
FF82
00CB
0127
FF8B
FF2A
FF92
00D3
FF5A
00AE
FF9A
0095
0214
0087
0011
FEB9
FF0C
FF48
0090
FFA1
FF7D
0171
017E
005C
FFE6
01B5
FED8
FF48
014F
FFD8
FFF2
FF6C
0047
00E0
00B0
008A
00EE
0158
FF7D
FF0E
00EF
0105
FE94
0107
FE83
FF87
0027
FEF0
FF52
FE0E
01D0
0002
0085
0156
FF4B
00DC
FF39
FF07
FF44
0154
FEBA
008E
0093
FF8F
0043
FFB3
018F
00E6
FE94
0198
FF32
FE37
0016
FEE2
01FD
0024
FFD2
FF48
00CC
FED1
00B3
00D6
0149
FF7B
FEDA
0086
FE50
00CC
FECC
FFFB
0146
0114
FF17
FF64
01C9
FF5D
FEBC
01C9
0131
FEB2
FEB6
FF7E
FF0C
FECE
FF90
011F
01C9
0008
013B
FED5
FFBF
00D1
0089
FF7B
0041
FFB9
00D2
FFE3
0186
FFBB
FED1
010A
FF0F
002C
FEA3
0191
002B
00F2
0084
0008
FFF9
000B
0124
FEAB
01CF
030A
01D8
FF96
01F1
FFAC
01D7
FE7B
0033
FE92
FEE6
018F
FF39
009B
FF7D
0090
0155
FEA6
00B6
009A
FF2D
FF7B
FFC5
00D8
FE86
01A0
FF04
0079
0076
015E
01DA
0017
0102
0092
FE52
FEA7
FFED
0148
FFB5
0069
FEAB
0038
0029
FFBA
0018
FF1B
0048
01CF
FFCE
FFF4
0058
FFA8
FEB4
FF32
FED0
00CD
0270
0186
FE32
0100
FF2C
FEF3
FF02
01AC
0162
FFE3
0081
FF33
FF80
003A
01FA
00F7
01A6
0133
FF3F
FF04
00C8
FF90
FF45
FFE5
021F
00EF
0038
0113
0132
FE4B
00D5
00C5
00CE
FEF3
FF1F
FFA2
0006
FF17
001D
FEFD
FF5E
011F
005C
FF44
00BF
FF05
00B0
00B3
0112
FFEB
0166
01C5
00F2
0021
00EF
FFEB
FFEB
FECD
0052
0082
FF9E
0065
010D
00AB
011A
001A
FF42
00F2
00EA
FECB
FF23
FF79
FF38
FFA6
00DF
0054
FF56
FF4B
00F4
0027
FEEB
010D
FEF2
FFB8
003D
FFC7
00FE
FEA6
FE4E
01DF
FF2B
FFD4
FE18
FF4E
018B
FF91
FEAC
FEA4
FF5F
FF89
01CB
FF6C
FF0C
012A
0009
FEED
00F1
FEAA
00D1
006F
0049
0072
FEF3
004F
FF82
FF78
FE96
0025
FF31
00EF
011E
00CE
FFF0
00CC
00A2
010E
FF97
005B
FDA4
FE59
00F0
00E3
FEC2
FEC9
0184
FE89
016A
0202
0033
0178
000D
00FD
FF10
FFD2
FF10
FFC3
017F
0054
FFC7
0138
FF93
FEE6
0133
FF00
0015
0097
01C6
FEC8
019C
FED1
0133
FFAD
FE9E
014E
FF77
0100
006F
001C
FF0A
FEA5
009E
0129
FF8A
009C
FE9E
00AD
001D
01E6
FF77
FF8D
FFC2
0063
00AA
01A6
FEEE
0146
FE79
00BC
FED4
006B
FF92
0091
FF93
0110
0031
FECF
00E2
007B
0180
01A3
014E
01CC
FE5B
FF84
FF85
0137
FF96
0013
FFD5
0161
FF59
00AA
0037
00CD
0148
00DE
0098
FFB7
0134
0037
FFDC
FF65
0068
FF33
01CD
FF9B
0183
FFB8
0124
FEF5
0190
010B
FFD0
FEFF
0133
FFA0
FE8D
FE8A
00B2
00EC
0145
FEB9
00C1
01C0
0070
FF39
FF2E
FF4B
000C
009E
01B7
FE99
FECF
0138
0147
FFF8
0002
FF4F
0099
FE69
0129
013C
0055
0074
0091
00CC
FFE1
0122
FEB2
0147
0025
FEB0
FF58
004B
0156
FEA6
004E
01F2
FFDF
FF22
FF59
FE87
FEA5
FF85
01B2
003D
0020
00C5
006C
014D
00CD
FEBB
FF88
FF04
0258
FF32
0082
0057
FFF4
FF5A
00B4
00F6
FFBF
0161
0096
013E
00FC
01A7
FEE8
FF12
0069
01C9
FE5E
0026
00C5
0071
0098
FE74
00C9
FEE0
01A6
FFE2
0018
FEE0
FEC4
FF9C
FE8B
00B6
FE50
0018
0094
FF85
006F
FF5D
0164
011F
010C
0184
0095
FE48
0114
01B1
01A0
014D
FE59
0137
FFD1
00A5
FFD1
006A
004E
01ED
01B7
005F
FF02
FFBD
FF9B
FF63
00C6
0127
FF12
00B4
01E3
FFD6
FF35
003E
01D2
006B
006B
FEE4
00FB
FF4F
0123
0065
0044
00E3
0275
FF09
FFAA
012C
FFDD
0155
0039
FEF2
FE1E
00B1
FEB8
0049
FEDF
0068
FF56
FEC5
00D8
01E1
013A
FEDC
FEF0
0196
00F5
002D
0098
00BE
FF2B
FEAB
010E
FFC1
0123
0018
FE77
0009
00E5
FFA1
01E9
0048
FED2
FF78
FFE0
FF9F
0180
FEC5
009E
0038
FF4D
019E
0166
FF96
00D2
FF90
FE89
009E
FF32
00A6
0028
FF17
FF62
00E7
FFB7
FFDC
0151
FF18
010D
013B
0119
0152
FF8F
0146
0122
FE8F
015A
005F
0191
003A
015D
FEDB
010E
004E
FF2A
0279
FE60
008D
FF6D
FFED
0167
000D
FFF9
FF98
009D
FEA0
02DD
FF1A
FF4A
0141
FFDC
FEEF
FF27
00C8
0148
FFC3
0113
0092
019A
FF1B
FF1D
01FD
FEE0
FF57
00A2
00D2
FF90
00D1
FF73
00B3
FEAA
FE4B
01C7
FE88
FEBF
0040
013B
00B3
FF3A
FF18
FEDB
FEB2
FF81
FFA1
FF7C
0004
00F9
00D5
FEAE
00FC
02BF
01BC
FF88
FE93
FE8B
FF1B
0010
0127
FF91
0035
0175
FE6D
FE54
FE93
FFCA
FFA9
FE4D
FE98
FF38
003F
005F
0127
0067
0039
014B
FF79
FEAD
FEB4
008A
0123
FF73
0122
FF36
0152
0070
FF7F
013D
FF3C
0169
FEA5
FEE3
FF8F
0140
006C
0156
00F2
FE62
FF0B
0006
00EE
0008
0101
FFED
0077
00E1
009A
FF2E
015C
0092
001D
FFF9
FEB1
0016
FFF0
FF35
FFA3
0185
0119
FFF4
0006
0103
FFAD
0053
0162
0175
0014
FFC4
FFE0
004D
00A3
018C
FFBE
009A
00C4
0221
FFFA
008F
0165
00B0
0116
01E2
FFA8
FF23
00E6
FF7C
00C6
FEF4
0037
0138
FFFD
FF31
012D
0101
0171
FFE8
0184
00D0
FE95
FF0B
FFDC
000A
00FC
FE80
FF3D
FE46
FEA5
0082
015E
0021
008A
FF2D
FFA2
0105
014B
FFAE
0002
FF18
00A0
00BB
FF28
FEA5
FFCB
FEF4
FF17
015E
0154
FEDE
FF12
006A
0012
FF3B
FE9A
FE9A
FF49
FFAA
00CB
0167
0256
007C
FF4F
FFF7
0051
006C
014A
FF6E
00E0
01A3
00D7
FEFC
FFA8
002C
FFB3
0139
01FC
0217
FE8D
0017
00F8
FF4E
0093
FF5B
0119
0060
FFBF
FEB5
FE61
0058
FE7E
FE6F
00B1
009A
FDD0
FFC4
FE3F
FFB5
FFDA
FEB8
FF99
006E
0160
FDA6
0016
000B
007A
0182
FE7D
FE65
FEB9
FF77
FE0C
005E
0009
0033
00BA
028A
0233
0042
FE13
FF6A
FFDD
FF60
01A3
FECB
FFFE
FFC2
0294
0155
005A
00B7
023F
FFB3
00AE
FD71
01D2
FE08
FEE2
FE29
018F
FE74
FFEC
0101
FE04
01B7
01F9
FE31
FEF8
FD28
0038
007B
FFA9
FFDA
00F6
FEE3
FFC4
FF92
0150
00A9
01A4
FEE9
FFC0
FEE9
FF70
01B4
FEE4
FECF
FE36
FE93
FFFF
0007
FFED
0137
01E8
FDAE
0010
013F
FFDD
FF64
FEF6
0263
FD6A
01DD
008E
0140
FE54
FF12
FF71
0010
00E7
0222
FF4E
003F
0018
0134
FFD7
0081
FE6A
FF49
00EE
FF53
0138
FED8
FE8D
001F
FFB4
017C
FEB0
FED7
01D9
FEB7
FEE6
0096
FFD1
00F3
FFCD
FE67
FF5F
FF09
010D
FFDD
FF29
00C8
0009
FF26
FF7D
00A8
FE62
0064
FE69
0192
0167
0008
FF2A
FE46
0102
FF8B
FF0C
FF38
011F
FF48
FFCB
00ED
FF9B
FF19
FFC7
001C
00A0
FFE2
021B
01A8
013E
FF53
0181
0113
FEA0
008B
FF5B
0072
FFFB
FFC2
007F
01A8
FE33
0186
00B4
01EC
00D9
FF59
FDC9
FF21
015F
FE81
005A
01CE
FEDF
FF88
01BF
0144
FECA
012D
FED0
0116
0034
0020
FF2B
FEE1
0008
FEFF
FE9B
0127
FE7F
FE4E
0179
FF70
FF7B
0096
FE41
00CD
FEEA
FE28
FF5B
00F1
FF15
FE91
00AF
0124
FF38
FEDD
011F
0103
0150
0046
00D3
0010
FF32
FEB7
FFAC
00BD
FEE8
0173
FE78
FF34
017A
FFA2
FFB6
0084
00F1
0116
FED3
FE91
FF14
FEAF
0133
0146
0164
00CC
FFFB
FFE4
FE8E
FF0A
00E6
0072
FF0B
FFDD
016B
0077
FE1B
FF6D
01B8
003C
01AD
00BD
015F
FFB7
FEA5
FE95
000B
FFA2
0145
0088
FFE5
FE94
008D
00BF
FF78
006F
0051
FFE6
0367
FF47
0114
FF86
FFFB
0189
00FC
FE80
0088
00B9
FEF7
0213
0008
FF79
FE7E
0013
00C5
FFFF
00E2
FE88
00F4
00E4
FFC9
005B
000D
00B0
0026
008D
00DA
0002
0063
FF24
FECA
FFC4
FF8D
FECE
FFC9
007C
FFB4
00E7
FFEC
00D3
015B
FEC7
0148
FF79
FEAA
00A3
FF7B
0036
00E7
0133
FEE0
01DF
00F6
036E
000F
FFAC
FF4B
FEFE
FEE8
00A8
006B
0142
FFC4
FE7E
0199
003C
FEAD
FE4F
007A
FE14
0022
000B
001D
00CD
0169
FFA3
000E
FFC6
017F
0103
001D
006A
FFBB
FE01
FFC8
01FF
005D
FECE
0262
0145
0080
FFF3
0141
FF43
FF67
01C3
005B
00BD
009B
FEB7
FE06
01F6
FFF0
FDE4
FF2D
00EC
FE19
FE56
FE15
01D6
FF5F
FDCC
0231
FF97
00FC
FF79
008A
FF56
FF75
0140
FEEF
FEF6
FE66
FF38
0016
0017
FEE6
0227
009C
0132
0207
0059
FFC7
FF3B
FF84
FE9E
0248
0103
FFE1
00B9
00C9
002C
FEE8
01E3
FFB8
FF7E
FF53
FFB4
0041
FDEF
FFB4
FE80
00B2
FE62
FF8E
FF8D
0009
0049
00A6
FF22
FE65
FE5B
FF0A
FEE5
022A
FDD8
0160
FECF
FFEB
FF8A
018C
0176
FF85
00CA
01A0
008C
01EA
019D
FE97
FDE2
FEE6
FDC8
00AC
007A
00A4
FF69
0095
0044
010A
FF3F
FE15
FFA0
FE48
FFEC
FF0A
0238
FEAB
0025
FE66
FF3B
0250
0135
00DE
FF85
0070
FFD0
01C7
FF24
0077
00F1
0173
0050
FE33
FF21
FF8A
FF12
015B
0111
0139
001F
FE21
01BC
00BA
00E7
0010
0011
FF47
FF37
00AD
FFD9
FF81
FE74
FDFE
00C7
0060
FE55
0005
FF0B
FFD6
00BE
FFAA
FF05
FF3C
011E
FFF1
0002
FF27
FFBE
013E
0145
FEA9
0012
00C7
FF7B
0404
FF1F
0076
01F7
01E3
00AA
0006
FFE7
FEAF
FE53
FF3D
0058
002D
FF76
0110
002F
FE9C
FF58
0070
0046
0084
015A
0133
FEB8
018F
FF7D
00BD
FE47
015C
0174
00B8
FED7
0105
FE11
FFF7
00FC
00B5
FE50
FFE7
0055
001F
FFD0
FEF2
FF14
014C
0024
00FF
00E0
010D
0123
FFA0
003A
FEF2
0185
FF9A
01D3
013D
FFB5
009E
01E3
01F7
FF97
018B
FFA4
FE05
FF12
FF91
0219
0062
00B8
007B
00B6
0045
0022
0096
FEB4
0132
FE54
013C
0051
000B
0122
FF3F
FF2F
0190
FFCE
FFBE
FF02
FE72
006B
012C
0044
FE40
013E
FF7F
FECB
017D
0019
FFB0
00FE
004E
FE69
0120
01E8
005E
0052
FFEC
FFFE
FE19
FEF0
FF00
01D5
013C
013C
00F9
0097
0185
FED3
01BC
FE5A
FF95
017E
FF17
FF52
FFE2
FFD7
FEEA
FF5F
003D
001E
FF57
FFDD
0153
015C
FE6F
FF2E
FE8A
FE07
01D5
01FC
015E
00FE
001D
FFF6
FFF4
0056
0192
00B0
FF71
FE90
008B
FF52
FF41
FE74
00A8
FFF2
FF25
006B
018B
017C
0073
FFAF
FF15
FE6F
0122
00B8
0033
0013
01A0
0114
FEAD
FF08
0151
001F
FFD7
0175
01A3
0140
00F3
014D
0089
FF56
008F
01B4
FEF2
006E
FF3F
FFA6
FF70
FEB2
FF81
FFD9
00FD
FEF6
0142
0132
FEF7
FF6C
FEC5
FFA7
FEFC
0058
FF4C
FF0A
00FC
FF7F
003D
00B2
00D9
FFAB
FF89
006F
FFE3
FEB3
01A5
FFF0
FF64
FE80
007B
FDF1
019D
00B9
FF6B
FF1A
0140
FE79
FFB8
FE11
005D
FFCE
0144
0142
FF2F
FE6E
018F
FFC1
FF7E
FF28
0150
FEC2
00DC
0168
FFCB
0129
FEFA
00A3
0049
FF3A
0109
FECC
0083
FF44
0108
FE2A
FFC6
FE80
FF7A
FE3C
00C7
00FD
FF86
FEC8
FF96
FABE
016F
FF94
FED2
FEEF
FF01
0131
FE75
FEB2
FFB1
FE2D
00E2
00DE
0120
018D
FFAA
FEB2
FD79
00BB
FE69
00C9
FEC3
FDC6
0050
FEB8
009F
00CC
014F
FF0E
00EF
FEA7
FF4E
FEB6
FFA6
0121
FEFB
FED4
FF85
FF34
00DD
007D
FF20
FFB6
0007
0087
0037
FFF2
FE78
0144
0091
FFED
FF4C
FD1C
FECB
FF40
010F
FFE5
FFBF
00FE
00BC
FFE7
FE7C
00DE
000F
FFF4
FE8F
FE52
FD6A
FD63
025A
FF3E
FDB0
012B
FF2E
0173
FE2F
FF14
0093
00DE
01EE
FFA6
FF52
FF40
FDE2
FDB4
006C
002B
FFA1
FEAA
0047
FD10
FFDC
FF92
007D
00F7
01E4
FF18
018F
FF99
FED9
00B3
0075
00FD
0119
FF63
004C
FF6B
FE3A
01A3
FD9F
0257
FDC4
01E3
0167
FF6C
0103
FF7B
FECB
FEFD
017E
FE2C
00EF
FE07
015C
FE1C
FF56
FE45
00F1
FD77
FF89
0228
FE25
01FB
0027
01E0
FD76
FE98
01B1
FEEC
FDF0
0052
FDB8
0054
FEE2
FFC3
FF8C
007B
FF6F
FF68
FE86
FEBB
0041
FF2E
FD32
0038
FFE2
FFAE
FF88
0245
FF98
FF8A
0046
FF1D
0005
FE43
FFF1
FF0C
FE1D
01BD
FF9E
0217
FD48
FE1E
FE7D
00F4
FF66
01E6
FF58
0005
FEFE
FE53
FEC2
0039
FECF
FE20
009D
0152
01B6
005A
FFE3
FED5
0081
012D
FF66
FEC2
00EE
FF07
0269
00DC
FFE5
0025
0109
FE55
FF34
004C
FF27
019A
00C4
009B
003E
FFB2
FE26
FEEF
0119
022A
FFEA
FEBB
01D8
FE8A
FF68
FFD2
FDAB
008F
0144
FF06
FFF6
00DA
FF50
FFBB
00AA
01AC
01F3
FFC1
FEF3
FFF3
FF45
0139
FF50
01E2
FDDE
01C0
FF80
FD91
0014
0238
FE9C
FF87
0184
FDAA
FEA7
FFFB
FF72
FFD8
FFC6
0013
FF39
FE83
016A
0197
010B
02F4
0018
009F
FE1C
FDF0
01E5
FFEC
0091
FF9A
FF0A
0145
FFFB
016C
FE45
01D1
0051
0257
FFFD
FF65
01F5
FF5B
FEFE
0172
FFD2
015B
017C
00B4
FECB
0117
0076
00F6
000F
FEE7
FE95
FDC8
FFA5
02CD
FF0E
0273
FFF7
FF08
0046
013C
026E
FC44
FF65
0210
FFB2
FDDC
FD94
0129
FE91
FEF7
FFF3
0084
FF55
0025
0031
FF09
0163
FF5D
00C2
FF12
000B
FF9A
00C1
FFB4
FF7C
00B9
FDE5
0043
FF8F
FE25
006A
027B
0257
FDFA
01E8
009B
FF70
000F
02A6
0187
FF67
FF2C
008C
FF4E
FE8E
FE3C
0092
02AC
FFB9
0037
0051
003A
01AD
FF60
0280
01A2
0280
FE63
FEA6
012D
FDC7
023F
FE33
0121
0050
008D
011D
FEB9
0009
013F
FF3F
FED8
02BB
00CC
FE82
004E
0245
FD45
00B7
00AA
01E3
FDE5
02AD
01DD
FE3F
0113
FDE4
003D
FF6E
0099
FF8C
FFB4
FE27
FDAC
FEA6
0082
FFEA
0266
FE39
021E
FE8C
011E
0033
FE4F
0043
FEAC
FF39
01E1
FFB1
0225
0055
0211
FE23
00C4
00E5
FF56
0141
FE01
FE31
FF7C
003D
0017
FE4E
029C
FFA0
000E
0032
FFDF
01A4
FCF5
FE5C
01CC
FF50
002B
FECB
00E4
000F
FDEC
0019
0095
026B
008E
FFCE
001D
FFE7
FFDC
0086
00E7
0227
FF60
FECA
FF0D
00CE
FF70
FFC8
0042
0158
FFA1
FF91
FF5F
FF38
00EB
0047
FED7
FFC5
00CC
FF7B
FF2C
FED4
00AD
FF37
FFBE
0018
FF6C
FFC9
FFAA
013B
FF08
FE30
0015
0033
FE46
0056
FFD6
0146
00C5
0103
FE38
FEF2
FF81
01DE
00A5
0190
FE73
005A
FFB0
001A
003A
FF17
0109
FE98
FED9
FFEF
0040
FDC0
0175
FFDB
00FC
FEF9
FF72
FF9F
006D
013F
003F
003C
FDEA
0143
0202
0029
0215
0099
0147
FEF4
FF7D
0149
FF63
FE3C
FFFF
FFC7
FE9D
FF78
FF78
FE77
FF84
0052
0024
00C4
FE2B
0108
00AF
0046
FDBB
00C6
FF9B
FF65
01BC
00BD
01A9
01F6
FF70
0074
0156
0034
018C
00BC
FFDE
FDE7
FFC8
009F
FEFA
00E0
00BB
FF6C
FE66
FFBB
01E7
00E4
FE9A
FF58
01D4
002B
FF20
00A5
FF8B
FED8
FF6F
00EB
FFCA
FFDE
007E
FFAE
0067
0173
FECA
FF07
FF32
FE5E
FF30
FF38
00E5
0149
FFF1
0131
0015
01FD
01B8
FFE9
FF44
FFBC
FF34
FF1B
00B1
01DD
015A
012B
0088
00C0
FF74
FEA6
FFF4
FFE5
016F
0193
005A
FF90
0178
0090
0060
FEB8
004C
00E9
FF0E
004B
FFB2
0156
FF89
0023
0071
0066
FE8A
FD54
FF9A
0033
FEFB
0127
016B
00E9
FF7D
0203
FF4C
0113
FF7D
0114
00FE
FF1A
00AB
FF20
0122
005C
FE4E
FF9F
0074
FF3D
FE70
FE0E
00F6
FFBB
015C
00FF
00AC
FFF4
00D7
FFEC
FF7E
00C0
0038
01B7
016E
FF81
FF3E
00F0
011E
01C4
018B
FF51
0026
FFEB
FF10
FFCD
FF71
00E5
016D
FEC3
01B3
FFA1
004A
0153
017E
FE4F
FE85
00D2
012C
FEA3
006B
FF91
FEBA
FF88
00CD
006E
00AA
000B
FF65
FEAD
008C
FEA4
FE9B
0144
01F1
FF5D
0145
0192
FFB3
007C
FE8C
FE0A
0018
FF41
FF44
0098
FFEE
00A7
FF7F
FF9E
015E
FF63
00D7
00CF
0020
FFB3
FF43
FFAE
FF81
01C4
FF32
0028
FF6A
FEE2
017A
022C
00CB
00D7
FE70
00E2
0149
0007
017E
0082
023B
FEA1
023C
FE9A
00A1
0045
0191
00E4
FF08
01E5
FEA1
FCC5
00E9
01B8
011B
0128
00E3
01F6
FF77
0051
01DC
FEF1
0095
0007
FFEC
FE8C
FF88
FF98
0045
016B
00A3
005C
FFB5
FE5F
01CE
0172
0188
FFE4
01D7
FE53
0003
0048
00C4
FFCC
FF88
FFC8
FF03
0133
0242
FF9C
004C
FEB7
00E8
01A5
FE80
00A4
00FC
00AE
025F
00BA
FF51
FF93
FDF1
020B
FF46
FF56
FD43
0049
019C
FF61
0092
0094
0212
0072
FFED
FFC2
002A
01B0
0044
0252
FEA5
00E0
0082
FFFC
00D6
FF9A
00B3
FFE3
FF97
0108
00BD
FFEE
0181
0161
FE81
FF74
FF32
00AF
0179
FFB5
FED2
FFCB
00E6
FE79
0190
0101
FE70
FFF0
FE64
FF19
FECE
FF1D
FE70
0056
FEB5
00DC
0005
FF93
FECC
0032
00FF
008A
FFB7
FFB2
FFC2
0138
0159
FFA9
FEA1
FF23
FFC8
0096
FEF4
0093
FF6E
018D
0149
FECC
FE6C
0006
FFFC
0153
FEEC
0032
FEF4
013F
00C6
0057
006D
0132
FE68
011D
FFCF
012B
0125
0141
0060
FFCA
0066
007C
FFD1
0058
0063
FF90
00E1
FF42
010F
00FA
0129
00F6
FF8D
0034
FF44
FE88
FF5A
FEF7
FED8
010F
001A
0039
008C
FFB8
FFE7
017B
FE7C
0025
012D
FFD2
FFD2
00C6
FFDF
00C9
FEB6
FFA6
FE7D
FFD8
FE9A
FFCD
0110
00FE
00F2
FE67
001F
FF64
FECF
FFC1
FF44
003C
FFCE
FEF2
FE25
0148
0165
018C
FF31
024E
007A
01D0
FE8F
FFD7
0153
017C
005D
0125
FFE9
FE69
00EE
FEA7
0000
0093
FF9B
00CA
00A4
004C
0075
006B
FF63
002F
0143
FF17
FF85
FE76
014D
FE4E
FEFA
FF89
007C
FEDF
FE18
FF23
0074
0096
FF44
FF63
FE7F
004E
0019
FFA6
003B
008B
FEFB
FE9C
FE15
FF93
0045
FE2C
FF04
FEE8
001E
FD4F
0196
009D
0033
FE22
FF15
FF96
FF23
018B
0091
FECF
FE22
000D
FFC4
0000
0015
FEDF
FFCC
009D
FE89
011C
FF20
FFF2
FEB4
001A
009D
008F
FF6F
FFF3
008A
01A3
010A
FE76
FE95
FF4F
FFA8
0104
FF3E
FFA3
0069
FE83
FED2
00CF
0037
FF89
01FD
0182
FEFA
004B
01A8
FE70
0063
FFB4
FEA8
FF29
0062
0066
FFC1
FF76
FE81
00A7
00DC
FF4B
00AD
FF67
FFE1
FF5E
0027
FEEF
FE52
011A
00CA
0132
016D
0088
FED1
015F
FDD0
01BD
FE68
01C6
FF79
FF0F
FD0F
FF29
0104
FC82
0081
00EF
FFC8
FD6B
FE68
FED4
0039
FEED
020F
0116
01F2
0155
FD7C
FC44
00FC
FE10
FE7F
FE5F
FD0B
FC47
FE2B
FD0F
025C
00FA
FCBA
01CC
FBDF
0044
FD25
02A1
FD8D
FD47
0210
FEBE
FE16
010E
017E
FE20
00B6
0049
009B
FDE5
0088
017F
0160
FE8A
0387
FF43
FCA7
FFAC
0129
00FA
FC10
0180
00D1
FE5A
02D2
029F
FDCF
004B
FDC1
FFA5
FF24
0043
FCCC
024F
FC2C
02C6
FF83
FE3B
011F
0317
FF54
FFD8
FF4F
FD5C
FCF4
00FA
FD49
0285
FF11
FEB4
029B
01DE
0231
010C
002D
00BD
FDAD
01EE
002E
FF3B
FBCE
FEF4
FF24
020F
FEFD
FED3
020A
0181
FDC2
0174
00F9
FEA8
FD13
FE87
004A
FD1C
0297
0189
00AA
0152
FFEE
FE1D
0081
0245
00E9
FE32
01A3
0056
0003
FE98
FEB3
0053
FFAB
015C
FF1A
FFEE
0070
FF0C
FDCA
004C
FED6
007D
FF36
0135
FFE6
0037
FD7C
FF8D
0021
00A8
FE88
0072
0215
0030
0172
001E
0141
018E
FF32
FE3D
011B
FE3F
00B3
FFBD
003A
FE2B
0037
0200
FD57
01B4
009A
FEB5
FF83
02BB
FFC9
FD13
FF14
0129
FE1A
FEB4
FEF2
0224
FF84
00DC
00B6
0039
02BA
FF1A
00A8
002F
FFDE
0013
009B
0036
FFA5
005D
00CA
009C
01E1
FECA
0199
0041
FFCC
FDFB
FF71
019F
FDD4
FDDD
002C
FF17
00DC
02B8
FFB0
FD85
FFFB
0009
01DB
02A3
FF8B
0033
FFC2
FFED
FF70
FEA0
023F
FF03
FEF2
FF4D
FFBF
FF9D
FE95
FF92
01D0
FF80
FD14
FEF7
0162
000D
FEE9
021B
025E
0260
00AA
0012
FFA3
FE30
FBD6
015F
0167
0160
0161
0067
FCCD
00DF
FBE1
0127
FF5B
FF6A
0009
FE8C
FD16
FEFE
0183
FE60
013B
0231
01ED
FE94
FF39
FFFE
01FB
FDAB
023F
0217
01A3
02C5
FFBA
FE42
0165
FD09
FD2C
FCE6
FD88
FBA2
FF14
FDA1
0198
0292
FC4D
FF7F
FECD
FF40
FCE1
00FD
FD35
FE55
02A9
FDF5
FC74
00B0
01CC
FE99
0019
FF07
0088
FF98
0112
0039
FF5E
FC45
0336
FDE9
FF75
013C
010D
006D
FFBA
00D6
0029
FF45
FFC7
0170
FFF6
FFE3
FF2C
FFA1
FC25
015E
FDEF
020C
FC0F
0247
001D
FEDD
026D
01AA
FE20
0123
FD20
FDA5
FCF8
01B7
FE61
01E8
FF77
FCE4
0177
0198
009E
FFDC
FDCE
FFD1
FCC2
FFED
002C
FE7A
FCFE
FF03
0066
0253
FE02
FECA
018A
01F1
FE39
0296
0082
FC2F
FF36
FE16
00B4
FD85
01D7
FE79
FE96
FFD5
00CE
0223
01C0
00F7
FDF1
0113
FF09
011C
0061
FF85
01F1
FD89
FDF4
FEAE
00E4
001E
0137
023E
0218
FF0A
FE47
0105
018B
FFA8
000D
0101
001B
0231
0010
FE7C
0247
0065
FE43
FDE3
FEDF
FFBF
FEBF
FE98
01FB
FF5D
FE78
0143
FFF2
FFC1
FE01
0017
0087
FEBE
01CD
FE91
FE68
FF7E
0117
FFC1
0161
FE99
008F
FE54
FF72
0216
0185
FED8
01B5
FFDF
FD8C
01F6
0045
0084
FE1E
00BE
0209
FFBA
0190
FFDB
FF1F
FF56
FD8A
01FD
FEF8
FFA4
FE27
FF8F
FF96
FF5D
0212
FF94
0158
018F
FF44
002E
FDFF
0034
FEC6
00C4
FEAC
0024
FD50
FF28
013D
0103
0080
FFCE
FF11
FFC1
FFF4
0136
FFF7
FEDB
FD9C
FF3F
FF6F
0081
0066
FFA3
0101
002C
FF88
FFDB
0178
FFB5
FE25
FD5E
FFB6
FE2E
00C2
00A5
FF2F
FFB7
01B9
0064
01D1
0071
012A
0064
0009
00D4
FF7E
FFAC
0071
FD19
FE5F
0066
0062
FFDD
FF91
FF55
0174
FEF2
FF46
007F
0173
FEDC
FFAE
0214
00DD
0002
000C
FE51
FEDE
0096
0019
FF2C
FF1A
FDFA
0027
0005
00B5
FFD2
FF6A
FF36
FDED
0093
FECA
0020
FEF8
FE6A
FFCC
FE14
FE41
012F
FF4D
FE81
00E6
FCA7
FFC7
0063
0120
FFD5
FF31
FFDA
0036
FF09
00B7
FEBB
018D
00E2
0115
FF87
022D
FE8F
FEE8
0128
FE4F
01A5
FF80
0197
FD81
FE71
FEEB
FF6A
005A
023A
00BB
FE2E
0177
0074
00C9
013F
FE6B
FEE9
00DB
FF42
FF4A
015B
013C
FDD9
0026
00D6
FE90
016F
FF67
0207
003D
012C
0182
FE9C
FE63
FF75
FFE4
FF5D
FE07
FF36
FF22
FF90
0116
FFE6
FFD8
FEC6
000D
FF7F
0245
FF3E
0073
0150
00DA
00B2
0075
FFFD
009A
FF76
008C
FE42
001C
FEA4
FF59
0119
FF49
FDF4
00BD
017E
FE99
0118
000E
FF5F
FF13
FFDA
0099
FF9C
FEF3
FEEE
FFC4
0178
FEFF
000A
005B
0154
0156
0152
00FC
0140
0161
01DB
0012
FF64
FFEF
FE0F
0003
00B1
FF8A
FE5A
021C
FEB3
FF94
FF79
0134
FF14
001C
00D3
011B
010B
00FC
FE62
FEDA
000C
000C
015F
01A6
FFC7
FFB3
0127
018C
FFDE
0173
0124
00DB
00AC
0164
0199
FF89
FF83
004C
001A
008C
00F2
00FC
FF84
01FC
FE7E
0118
FECD
FE54
0113
FEF2
FFD7
0186
0056
00AC
FFB5
011E
FFF8
01DB
FE42
FF34
00C0
00C3
FFE5
FE30
FFA3
001F
00D8
FE9D
0065
FF16
01FC
0216
FF25
FD33
005B
FED9
005E
0022
0119
010F
018E
016C
00BA
01E3
FF53
00C3
FF5B
FECA
FE33
FE21
00C7
01C0
FFC2
00B2
0099
FF31
007F
FFB6
026B
FF57
01FD
000A
FEEB
FF0E
00F5
01F4
FF44
0010
01EB
0090
FEB4
01BF
FE21
007E
FFE9
0126
0206
FFD3
0151
0119
FEA1
FF0F
FE6A
FF46
FE16
00AE
00B5
FF44
FEB7
0190
FFD5
FE72
01ED
0096
FF2B
FEE5
FEFF
FE25
FEE7
01D3
00E7
FE7A
FF87
00AD
FE3B
01A8
FC56
0115
FF43
016B
00E2
FF3C
00CF
00D3
FED5
0043
FFA9
0199
0245
0054
FFC7
020A
FE26
FF99
01AB
FF0F
0243
FE43
00B7
00E8
012E
00A5
0100
007B
0110
0069
0056
0200
FF72
FE96
FF4A
FF23
FF53
FFFF
021B
FE16
0259
FF1F
003C
005D
01CA
FF9C
00BF
0012
FF31
FEE0
01A5
00F4
FF78
00A1
FF2C
FD60
FF39
009E
0177
FFC3
002D
FEA6
FF33
019E
0011
FEFB
0067
0165
0158
0103
FFC7
FF5A
0027
FE9B
0142
015D
00DE
0082
01B1
0140
FFB4
00FA
FF16
0135
0154
0151
00BF
FEBB
FEF2
0090
012B
0162
01C1
00B3
FEB9
00C8
0156
0014
0100
FF71
FE71
0104
FFC4
FF2A
017F
FEAB
FFEC
00C1
00CC
FE70
0010
0069
FF1C
FE8E
019C
FE94
FE97
FF21
FF64
FF7F
00BF
FFDE
FE5B
005A
FF25
FF73
FFCF
0198
FE97
FEE6
FFA7
FE73
0017
009B
0016
001F
00B5
014B
FF14
012A
FEFB
FF92
001C
FF2A
FFCF
FF46
FFB9
0152
0219
FFAA
0129
FE7A
0119
FF27
FF0A
FFF7
00A8
FF93
FF27
FF55
00C4
FF75
0047
019C
FF0C
FE43
FEF5
0116
01B2
FF0C
0167
FF06
00B5
00B6
FFAC
01C0
009F
00F6
0024
008A
FFF3
00FA
FE9A
FE2D
FF62
FFE4
0075
011C
FF60
00F2
0028
008B
FEC4
00A8
00C4
FF0E
FFC0
015C
0018
00C5
FE3D
FE83
0086
FF67
0270
0189
FFB9
0185
0116
FFB8
001D
FEC9
0032
00CD
FED1
FFBC
FEDA
0167
FE85
003D
FFA7
000D
FEB7
FED8
FEBC
FE7B
FEF8
FF1D
FF73
014F
FEF3
0017
FFFA
0037
00FD
FE89
FE9F
018E
0157
FFB2
FFFF
0011
01E0
FF85
FF7F
FF23
FFC2
0199
0043
006A
FF9B
011C
FE8D
00CC
017A
FF8C
FC23
FF8F
FECD
00D3
FFD7
01E5
0096
0064
00BA
FF47
FF54
0169
FED8
0089
00D8
00D4
0171
0034
0017
0138
01B1
FEEF
01BD
FECB
FEFA
FFA4
01A1
FEAA
FEF7
0150
00CA
FEB4
FF4F
01F1
FFE0
FFB6
01A4
FFDE
005B
01C3
FF76
00C9
006C
002E
FF0C
FFE1
FEAF
0192
FEAB
0009
FE9C
FFDC
FEC4
FFF4
FFB6
FCF5
0158
016B
FF89
FF33
00D0
00F9
006B
FF0C
FEAD
FF1C
012C
FEFB
0079
FFAC
FF58
00A0
FEFB
0045
FF82
016B
0106
0099
0003
00EE
FFE7
FE4F
FF5A
005F
FF00
0161
FFBA
FF35
FF9B
00F0
01C5
002F
FF42
0062
FFC6
00D0
005E
FFD6
FF49
0187
0059
00F2
FF5C
019E
0065
01D5
00AE
FE95
FFBD
0125
00CE
000D
FF92
011F
0136
FEA6
FEB9
FF0B
FF30
FF44
FF48
FFCA
FEF8
0009
00DD
0012
FF34
00C3
FF00
FEF6
FF17
00C8
0201
FF9D
0109
FEE8
0032
01C3
019C
0139
00A1
0000
003A
011D
FF16
00CB
FF7A
FEB1
00AB
FF2E
FF36
FFDD
FF18
FEDC
01A1
FF7B
010C
00F6
0000
01B3
FFC1
FFF6
008B
0185
FFF2
FEFF
01B2
0039
FF40
FF99
013E
FEF0
018C
0075
FFF8
FEF5
01CF
01A4
0168
FF52
0148
005D
FEC2
FD85
005D
0124
FF7D
FF33
0141
00E2
011B
FFAF
00FA
01A0
0128
FFDD
FFB2
01A2
FF8D
FE91
FFEF
00A7
01CE
0153
015C
0117
FF6D
FF92
FEF4
0100
FE72
00B9
FF1B
0196
FEE3
016C
017F
FEDB
013D
0132
FF39
0015
00FE
FED2
0033
00AB
01A0
FFF7
0128
FFF9
FFBC
FF9D
0171
0092
0069
00C3
013A
0193
FFF3
FFBF
005E
0074
017D
0084
00E5
01B8
01A5
FF18
0145
FFE3
00A2
FEF2
FFBB
FFC7
FF7F
017C
FD64
FF99
0036
00A0
01D1
01C8
FE9F
FF0A
0014
FEF2
003D
FEE0
0120
0012
FF4C
FFEA
FF5C
0098
0142
FD86
00BF
FF48
0056
FF96
FFA3
000B
FF9C
005B
01A5
0124
01AB
0055
0014
0096
FE7C
FF00
01DC
FF5C
FF80
005B
00F1
0001
FF46
FF1E
FEA5
00D4
00D5
FF98
FF5A
017E
FE63
0048
FFE1
FF24
FFD2
FFA7
FEFF
0000
00E0
0081
00D5
FF0F
017D
00C8
FFD8
014C
0089
0237
0182
004F
FE52
FECD
FE7A
0068
0138
008A
0067
005C
0021
009B
00C9
FFA2
00F3
FFDB
FEFA
FE5F
012D
0060
007C
FF32
0078
FED0
0146
00FD
FE6E
0025
FF97
00AF
FF68
FF34
00A5
012B
0071
00CE
FF71
0168
FFDC
FEE6
FE57
FE2B
0081
FF44
0065
012F
00A9
FF48
0077
FFE1
002E
FE78
FE94
0102
0095
013E
006B
01A4
FE89
FF84
FCE3
FED6
FEB9
FF8D
FFEB
023B
FEBB
FFEC
0017
FEA1
FFD2
FFD0
00B2
0134
00DC
FEA3
FF42
0088
FF02
FF04
01C1
0132
0040
FF05
FEF7
002B
FF0A
FE58
FFA0
FFFA
0157
FF01
002B
FECA
005E
FF4D
010F
011A
FE8F
004D
00B4
FEC8
FE2E
002E
0213
0084
013E
01EB
019F
00E6
00D4
00AA
FF55
017F
003F
FD30
FFED
FE47
009D
FEF3
0122
FEB0
00C9
01A5
0064
FE2A
0048
0023
FFB5
008A
FF74
001B
006E
00DF
0080
FEFA
FEE9
FDE8
FEE9
FEDF
0293
00AD
007D
FF49
00F9
009E
000C
FFAF
FE23
FEC6
0166
015B
FE58
017D
00DD
0067
00FC
FEFA
00B8
0062
00A1
FE15
FF83
FF25
013B
003F
FF14
FE58
00DB
0097
FF9F
0184
FFC4
FE0C
01D6
0031
FF8E
009E
FEE0
0120
FEA8
0199
0051
014E
FFFA
01C4
FE36
0061
FF8F
0013
FEAD
0205
016B
0135
008A
0011
FE40
0068
FFD4
FFDC
00E4
FE90
FF10
FFEB
FFC0
FF48
00E5
01D8
FF74
0021
0116
0097
FEE5
FED1
0115
FE64
00E5
006A
FEE2
FFB6
FF23
0087
FE8C
0057
0008
0189
015F
0064
FF81
FFCF
FEEF
01CB
014C
0052
FFBA
FFEB
01A0
FE99
FEF5
00C0
FF0A
FE55
FEA1
FFD9
01BC
FE1B
FF75
0086
0180
FED9
003B
000E
FE0B
FE27
002E
00F0
FF2F
0070
FFC3
FD7E
001B
01AA
004E
025E
FEC2
FF12
FFF3
FDA9
FFBF
FFA1
FF6B
0105
FD9D
FFBA
FF6C
FF35
00DC
FF16
FF98
0025
FF25
00F5
FE78
0185
00A9
00AB
0017
FF77
018A
FFC0
FFBB
0256
FDFD
FDEB
FDC2
FFC9
007F
FFA8
FFCC
015B
0123
FEAE
0187
FDD5
00E7
FE5C
0035
0037
FD30
01C7
00C3
FF86
003E
014B
FF6A
015D
FF34
FFC3
FEB2
016E
01DF
FFAB
FE79
008B
0010
FEBC
006C
FFCA
023E
FF62
00BE
0281
FF3E
00EB
0239
00FC
009B
FE27
0019
FFAB
0168
FDFC
0067
FDC0
00ED
01B6
0016
01E1
010B
0018
0125
FE8C
FDFB
FDB0
01CA
004C
0081
FECF
FEA1
010A
012D
FF3A
0220
FE14
FFF8
FF95
013D
FF9B
FEDA
000F
FFFB
FE77
00FB
FE92
0039
FFE9
00AC
003C
01B7
FF92
FE8B
FFC5
FE29
01EB
0094
025F
FCD0
FCD1
00EF
01DC
0092
0178
0158
FC6F
0118
FE02
004F
016D
0013
0086
FEBD
FF42
FCDB
02B6
FCED
0046
0242
0182
FE90
FF27
004C
0235
FCA0
00E3
01D4
027A
031F
FF86
FE6B
0069
FC37
FD25
FCDC
FCEA
FC9C
FC5D
FDDA
0110
0064
FDD2
0289
FDAA
00D9
FD56
01B0
FDF1
FCF5
01E6
FE4C
FD1D
FE60
01D6
FC92
0253
0078
0121
FD34
00A7
00E8
01BF
FDA8
01DE
FC91
FF79
0011
0178
0036
FE6D
00D5
032E
FDB1
00B4
00FE
0008
0285
FD53
01DD
FED5
FFE5
FE09
0062
FF21
016E
00B9
FEE2
01BD
002B
FD3C
00F3
FECE
FE57
FED6
0309
FDB4
02B3
FD16
FD97
0260
0119
01F7
02B6
FEDF
01A6
FE58
0198
01CF
FE91
FE69
FCD7
FF97
00F5
FDDE
FE51
00AE
01C0
FCA8
0262
02FF
FE5D
FD2D
FC3A
025F
FF39
00FF
FF6D
FEF8
FF1D
00CF
0027
014F
FFB9
FF05
0045
FE8D
018F
FE7B
0224
00A0
FF00
FE93
FF81
0105
FF70
0109
00B0
002D
FF6B
FFE8
FF12
01DE
FEB6
00BB
023E
FF10
FF17
FF31
FF8F
01E6
FDC1
FEEC
FE8E
FFEE
FFA6
FED3
FE4F
FF78
FFBA
FF2D
FF9D
0083
0153
FF7B
00C1
000D
FEC3
FEF1
FDFE
FF2B
017C
0238
000D
FF24
FE0D
020D
FD54
FF8E
FFB2
029C
FED4
00E0
00F3
FF9F
01FC
023C
00B9
FFA1
00ED
007E
FDCF
00DB
01C1
FFCC
01FA
0022
FFED
FF99
0169
FFB2
0003
FEB5
00FA
0013
FF10
008E
0168
FF16
FF8E
0074
FE7C
FE74
FEF5
0096
026E
FF4E
007E
01B1
01F3
00EA
01ED
0049
01D4
0104
01D6
0217
FFB4
FEDE
FD3F
FDB3
017E
FECB
FE94
022B
0161
FEB7
FF81
FF9C
FD84
FE66
FEFB
01FC
0048
000D
FD4D
FFCF
00F9
0007
0281
0060
014F
FFA4
024F
FF5C
0199
00C2
0058
0043
FEBF
FDA7
FE64
021E
FE30
FE63
00D4
FF98
0008
0095
FE6B
024C
FFAE
FF64
00A5
0072
0156
FD5C
FE36
0206
FEC8
FE2E
FF3E
FD3F
FF5B
FD6C
FE1F
FF4D
0117
FD5A
FFD4
FE7E
FF4A
FED0
0220
FD23
FD4F
022F
FEED
FEC3
FEFE
FF85
FE14
0230
FF8E
00E9
FD88
01EF
005B
00E1
FF9C
0106
FE33
FE9F
0035
FE4C
01BC
FEA1
0215
0210
FE13
023A
004B
FEB8
0179
FF29
0111
FD87
0198
0028
0053
FCEB
008D
0044
FF52
0252
021F
0042
0024
FD72
FE28
0079
00F8
FF47
0064
FECF
FFE8
017E
0013
FF7E
01DD
FDA3
0237
FD44
018D
FEFD
FEB3
FF01
FF7D
FF31
019E
FF86
0082
0244
01F4
FF79
0115
0210
0002
FD5E
FE43
013F
FF28
023D
017D
014E
0107
0138
FF28
008B
01C0
0109
00A5
FEFF
0005
0185
00A0
FEEA
00CA
0155
0141
FF1A
00CF
0016
FFE1
FFFC
FF89
01AB
FE84
FF25
0023
FFCD
FF89
012C
FF93
0022
FF94
0161
009C
FE9B
0094
FEE3
FEE5
FEB6
0066
0015
FF0B
0073
FFE8
003E
00A5
FE9B
01A3
FE8D
FFD8
FFA3
0163
FECB
FEF3
0153
005D
FFB4
FCC7
00EE
FE38
FF22
00F3
FF79
017C
0093
017B
FEBF
00ED
00C1
00B7
FE69
FEDD
FFE6
00DC
01AF
FED4
0012
FECF
0026
FF69
FF33
00E8
0160
01E7
002B
FFFD
00DF
0046
01AA
007E
001B
FF79
00D6
FEEC
0160
FFC6
00AC
FF40
0024
FF62
FEEA
0037
FFEE
FF32
00C8
FF3D
005C
FED7
FF6B
FFF5
004D
0030
FE2E
FF09
0149
FE51
FED1
008D
00FC
FF75
0108
0094
015A
0174
FFEC
FECD
0166
01BF
01CC
FEF0
FF16
FF2B
FE98
FF92
0165
00B8
0015
0035
FE5D
FFAE
0164
FE29
0153
FF04
FF7C
FFDF
FF16
FEA0
FE65
01F6
00DE
FFD2
0053
00E5
FE6C
FEC3
FED2
0125
0084
0101
FFD2
FECE
00BC
017E
01A3
002F
0167
0146
FFF5
FFF1
00BC
0092
0107
FFDA
00E0
0158
FFC9
0034
0103
00E9
01D3
0110
FFA2
FFB9
0131
FD79
016E
FFED
01C6
001F
FEC4
00C0
FE41
FF21
00F8
018D
FF25
FFD3
01D3
FF26
00FF
FFA7
007D
005D
00A2
FF3F
00FB
0129
0139
FE38
FF82
FF37
00FB
0089
0026
0077
0185
FF63
FF4E
FED7
FFB7
FFA5
01F2
FE88
FF76
00F3
01C7
FFB8
0021
00EF
0057
00D0
0183
019A
01BE
0085
0087
00D3
00BA
FF48
FEE1
00BA
00E3
0000
0044
FEE5
00B2
0000
FF8D
FEDC
011B
FF2D
0092
0123
0021
FEAB
FF42
011D
0130
FE9B
016A
0083
FE74
FEF5
001C
FFFE
0007
FFA6
FF08
013B
0045
0141
FF4C
0142
FF5E
FEE9
FEF0
00BC
01BF
0042
FFC5
FF34
007B
FFDE
000E
FDD0
009D
00DE
FF65
FF7C
FF98
00E6
0094
FF93
018E
FFB8
FF6D
0128
001F
00E5
0116
FFC7
01B2
001B
0106
FE9B
FF31
007F
01AE
001D
FFED
FEEF
01C8
FD71
FFF6
FF07
FE44
FEC0
00FA
FEC8
FFC0
FF2E
0148
FEC3
0123
FF03
FE3A
00F3
0186
0151
0183
FFBD
001E
005D
005F
0169
FFB7
00F8
FF88
00F7
FEAE
0017
01A7
FF87
0008
0010
0127
0067
001D
003B
00B0
0192
0163
FEBA
001D
FF5F
013D
004D
FF8B
FF5A
01D5
FFFF
FF06
FF2F
0097
FFEB
0009
FEBB
FC92
0019
FF35
006C
01F9
0150
00FE
FFFD
FF67
FF0E
FEBF
FF84
007F
0101
0194
FEDA
0175
0048
FF8B
FFA2
0044
FFCA
01AB
FFF4
015F
FF56
0104
FF34
FFFA
FE13
00D2
0001
FFA0
FEFB
018D
FF38
002E
FF7D
FF49
FF7C
FF19
0210
00C2
FFE7
00F1
01A8
013D
FEF5
0052
018F
00F1
014F
0058
0191
00A2
011A
FF7D
FE50
FFB3
0050
FFBA
00F2
012D
00AE
0097
FEED
FFDB
0107
0135
00DF
FF83
020B
FEAA
FC88
FFD8
00CD
FFC3
0166
FF3B
FF7B
FEC1
FFEB
01C3
FEB3
016E
00E0
FF1B
FFFD
0038
0136
FF98
FF9F
00F7
FE56
01F9
FF6D
01BD
FE0D
FF45
FF05
01C4
FEEC
FEAA
0138
0043
FF57
FF47
FEC2
FFCF
FECD
0138
FF5E
009C
FE99
FFC3
0196
FEB2
FF38
FFD1
0008
01B2
016A
FF95
0024
FE9A
018E
FF84
0047
FDAE
FF5E
FEF9
FF9B
004D
0118
013B
005D
FF86
016B
FF30
0185
017B
012D
FF3B
0102
01CB
FEF7
FDAD
FE33
008D
0109
001A
0020
0102
00C7
FFBB
FF60
FFFC
FEBB
00B7
014B
FDF4
003A
015D
003A
FF49
00C3
00FA
FFF8
FDA5
0119
FD82
FF29
FF9F
FE88
0260
0211
0054
0255
0176
FFF0
0012
01AC
028B
00B2
FDB0
005F
00E2
FDFC
FFCE
FEB8
FFD4
FEBA
001E
FFE4
FEEC
00B9
023D
FEF9
FDEE
0196
FE1D
FDA7
FE08
00EC
00A0
FFD7
FEC7
012F
FD7A
FFD1
FFF2
00FB
023F
FE53
0002
FECE
FFB3
0202
FDFB
FF7C
FDF5
FE4C
FFD7
FF82
FF51
FF4C
0206
FFB0
025E
FDCF
FDC6
0038
FDCC
004C
FF93
FF01
0044
0242
0112
FEEE
0036
FDBF
00EF
FFBB
FF37
001D
FF8D
FEA2
008F
FDB6
0244
FF51
FDD2
0057
026D
014A
FF12
003E
0143
FFC4
FECA
FEF4
0211
FF4C
FEC4
0076
019E
00AB
0004
0032
FEF6
FEC9
00F9
0096
FFEE
0182
00EA
FF85
00A3
0006
013F
012A
FECF
FF83
0183
FD91
FF40
FF71
FF0B
0160
014C
020D
FEE4
00E1
009A
FFD3
0194
FEB4
0201
018F
0161
FF32
FE8A
FFF1
FF64
FE40
FF87
FF76
0044
FFD8
0059
FECA
01A1
0153
FFBD
014A
0094
0074
00DA
FF9D
00AC
FEA6
0018
007D
00EE
FEB7
FFD0
00D9
FF7F
FFAC
01D5
FF7A
00A0
00CF
FFCB
FF1E
00F3
013A
0113
FF4B
0072
0071
006E
0161
019B
0051
FF44
FF94
FDE9
0110
FF52
0190
0045
FFD2
0077
005C
FE74
0165
00A1
FE8A
FEE4
009B
014C
FEB0
0107
FFB1
FEBE
0205
006C
FFAC
FF73
FE77
01BB
FEE0
0061
0150
0071
FFA2
004D
01B9
FF5C
FE17
FFF6
FFF8
FED1
FF32
FEBE
0062
FFAE
00B6
FF57
005A
0100
FEAF
FF75
011B
01CB
FF04
FF98
0057
0125
00D2
FE77
003C
FD35
FF97
00F4
FFEA
FFA5
0030
FE6C
FD62
FF75
FDDF
006C
003B
FF38
0133
FEF6
FDB4
FDED
012E
0036
FFF9
0023
0011
FF4C
FFB8
FFBD
FEB1
00E1
0272
FEDB
0176
FFDB
0014
FF8C
0158
FFE4
01DE
FD88
FF6E
01D0
FF6B
017D
FF2D
0024
0037
01CE
000D
FDB8
0007
0215
0126
FDFB
003B
FDB3
FF43
FF20
0192
FEB9
FE08
FF1F
00A8
FE6A
00C8
0193
FFF9
0058
FD60
FFFA
FE58
FD41
01C6
FF74
FD89
FEDE
FE54
014D
FEA0
009A
FCDE
0238
FE89
0063
FE5C
FE09
00C5
FF2C
FE4F
02BF
005B
FFA3
01B4
FFCE
FF08
FFF9
004E
FFB4
02A6
FDF4
FE59
FD5D
FE50
0295
FF72
01E2
FE98
FFDE
FF75
01C7
FF7E
FEE3
FE0D
0202
00BF
FEC7
FF22
012B
FDD9
FD5A
01B1
01D0
FF8B
FE63
027B
000B
FFDD
018F
0069
FF22
FF11
FEF3
FF9A
0130
FE4D
0278
FF62
0084
FE7E
FDF0
00B1
000E
0281
FE9E
01B7
FE6C
FE93
FFC6
0094
FF25
012C
FF81
0188
00B3
0016
FF5E
FEC9
0182
00F2
FEB2
018E
0165
FFE4
FF94
011C
0232
00B0
FE2E
00B9
0145
FE17
01B3
00C0
0094
FD99
014A
0036
FE45
01FF
00BF
FF4E
00DE
0088
FF37
FDD2
FFB1
0189
FFC8
FF6C
00E6
01DD
FEBB
025D
00D8
FF14
008D
FDC5
01CE
FF7D
0082
0279
003D
FE65
0035
006A
005D
0064
01C9
006A
FFC8
FDFC
0076
FF11
007D
01CA
FEA1
FF19
025A
00F1
FFC3
004A
FF26
FDB4
022E
001B
015B
FFDF
0087
011D
FFFB
0008
0025
FE39
FF41
001B
FE67
FF30
018C
0123
FD34
0010
0216
FE47
FE5A
FF44
0159
FE66
FE7E
0004
FFC8
0183
00B4
00D3
FFCA
FE74
FF51
FE5D
008B
FF60
00DD
0095
FEE5
01CC
FEB5
0146
00BE
01CD
014C
FF0E
00F4
0081
FFBF
FE00
005A
FF39
0161
FFA5
015C
FECA
00DC
004E
0129
0061
FED3
FFAC
FFFE
FE7B
0110
FF9E
00C3
FDE0
FDEF
007C
FFC6
0114
0025
00AC
000D
0188
001B
FE7E
FFA9
01F5
00E5
FE84
01C4
FE47
0077
FF39
FEE7
012A
00FB
FCC3
FF59
FFF9
0039
013F
0038
0031
018C
FECA
FEB3
FFDA
022A
01C5
FE24
0143
FFE3
FFFC
01A6
FEFF
0179
FFBA
FFA1
002B
FF15
00A4
00C6
001C
FDBD
FFD7
012F
FFC5
FF4A
00B2
005A
FFF4
00A4
004D
00D5
FFA3
016F
FFEB
FDFB
FF1A
012A
0117
00FF
01FC
0162
FFE1
FE8F
009C
0030
FDFB
00C5
FEE6
FDC2
FF27
0136
017E
011A
FF68
002A
0147
0093
FF14
FE4B
00A0
01AC
FE3E
00F4
00BE
FE38
FE81
FF2F
00B2
0159
00C6
0000
01D9
FF93
020D
FFFD
FF86
FFEC
FF81
FF7B
FF95
005E
FF16
FF20
01F5
0180
FFEA
FFE2
FE55
015A
FED1
0182
013A
01F3
01AC
0137
00E5
0158
FEB0
FF3E
FF36
FDDA
004B
FFEF
FF18
0097
0044
0079
0211
0042
0030
0082
001D
FF40
0113
01A8
FF09
FFF1
FE73
01AE
00F9
FEF4
FCB8
0042
FF5E
01A1
0042
0268
FE78
0066
0039
0113
0128
0165
FF5E
FE52
007A
01A1
0016
01A1
018C
FF5D
0136
009A
0128
FE92
00E0
FE20
FF6C
FE97
00C4
0176
0183
003E
FF8C
FFC8
FE67
0043
FFF1
FEF4
FFB6
FEA0
FF13
FF64
FEB4
0080
00D5
FF41
000F
0187
008C
FFFC
0061
FF30
0117
0110
FE1C
FD8F
00A3
FF08
FE96
0132
00A4
FF69
0079
FFB0
FFBA
0019
00B5
FF76
FEC1
FFD9
FEB7
FF16
FEAF
FEF6
0175
FFFA
00BF
FEBF
000F
0182
00C4
FF26
014B
001F
FF19
0131
FEF0
0088
009C
FF7D
0184
0098
FF57
012E
FEFC
0182
0005
001C
FF12
001F
FEB0
FFF4
0119
FED7
FF80
01A7
FDD4
FE52
0168
014D
FF14
0130
004B
FEF8
FFF1
FECB
00AF
FEB1
00EF
FE92
FF18
0037
015B
0002
FEDA
0163
FEAF
0109
FCA5
FF75
FDCE
FF64
0065
0271
0113
00B4
0077
01CC
0107
02E2
00AC
011A
FFD9
0187
FFCA
0000
FEE4
0115
FFD2
FF0D
FFF4
FEB7
0198
0070
0134
FE2C
FF10
006F
00FF
FF79
FEA5
FF5C
FF7B
006E
0134
FFDA
011C
FEDC
00AE
0070
014B
FFFF
01B7
000D
FF5C
FF82
FE75
01E1
FFA3
0128
FE8A
0144
FF85
FE32
FF6E
FE85
FEA8
0159
FF5F
0140
008A
FF0E
0095
FE57
00AE
0012
00E8
FE5B
FFE3
00A4
00EB
FF17
FFCE
FDF3
00EA
002D
FF20
01D1
FEB9
00D8
FFC0
FE0D
FE59
0231
FF87
009B
01E7
FFFA
FF6D
FF69
FFA7
FF44
FF6E
0070
FFF6
FFB6
0037
FDB2
0078
FF85
01D0
FE08
022D
000F
00AF
020D
023D
0292
FFC7
FE18
FFCC
018B
00E2
0077
FF3A
00FC
FE6F
0039
01FE
0041
FF96
0074
FFE5
FDF2
0190
FEA0
FE9E
FFE5
FF34
FDF2
FE01
FFB2
FFD8
FFEE
027B
01E7
FEA9
006C
FDE5
00F3
0019
FFF4
0054
0010
0069
FE16
FEE1
0011
FECD
0178
FFB4
004E
0021
FF01
FE0B
FF7A
010D
FDC7
FE5B
0218
FF9C
0101
01A8
FFCF
FE90
003B
FE14
FF3A
0214
FF07
016A
FFF1
007C
0287
FEFE
FFFA
FFB7
FFD4
0026
025C
022D
FD08
FF04
01B3
0017
FDA4
FF30
0119
FE95
FDE0
0165
0032
0251
FF81
01EF
FF0A
FF32
00D2
0075
005F
0079
FFC6
0228
008A
FF17
FE8D
01CB
010A
FEEA
0225
FFE1
FF6F
FF5A
00DE
FEE8
00BE
014F
0014
00F8
FF91
013A
007E
0153
FFE0
FFAA
015F
FED1
0048
009E
0119
FF71
FEC8
000F
0015
FE56
002C
FFE3
FF2A
01CA
0114
00A5
00B4
00C0
FFCC
005F
FF83
FFA1
00DC
FF0F
006B
FF86
FF20
0142
00C7
FDA3
FFC1
FE61
FF43
FFDE
FFB9
0024
00AE
FEEF
FFFC
01FB
01A6
003E
FF23
FFB3
FFAD
00F5
FF52
FF26
FFB8
FFA3
0167
01DE
FF43
0132
00F5
FF9D
FDC1
0155
019D
FEF4
0008
003F
008B
FF36
FEA2
001F
FE84
FFC6
00C1
0036
FEEE
FF4B
FF84
FF51
018F
FF63
FED8
FFE3
FF52
FFA1
FF32
FE2E
0078
FF34
FD1D
FEDC
000E
0041
FFB9
FED8
FF07
00DF
00C0
0013
FF11
00CA
FFED
FFC7
019B
006F
FF44
FE75
001C
013F
FEEA
02A5
00B8
0045
FE6D
FFF5
FF5B
FF34
0274
00D2
00B1
FE3A
01D3
FF71
0121
FF84
0139
0102
FF9F
0079
017C
FF7C
FEFE
0155
01A9
0087
FF81
0061
FFD4
FEC9
00DA
FDA6
FFE7
FF2A
0102
00D6
0049
00DF
00D7
00E2
FE7C
01C8
FFE1
00D6
00F8
FF8F
01E3
FE78
FFFD
FFFE
FEF4
FF80
FF62
FDC2
0106
FF6C
00A0
FEE9
0023
FED3
01AA
FE2A
0137
006A
0164
0109
0042
FF77
FFF1
00CF
001E
FF1B
FF8F
020E
FE92
023D
FF40
FFCC
FEB0
0140
FF7D
FF8F
FFA8
FF3E
0171
0142
00BF
FEF7
FE9F
FEFD
FE2C
0053
FE6F
FFD7
0044
FFC6
0018
01BA
FFC1
00C1
011E
01E4
0120
0172
0128
FE6A
FE66
FE39
FDF0
00DC
FE9D
001A
00EC
01E0
0072
0122
0057
FF58
00C8
FEDE
00DD
FE6C
01DD
0125
0026
0178
FDE2
FF0D
FEBC
00E6
011D
FEAA
00E2
FEB6
0079
FFAB
FEA9
FE12
018D
01D8
FF08
0113
0046
FEC1
FFD0
016D
0087
FFF2
FF0A
000E
FF11
FF32
FF8D
0070
FFAD
FF8C
FF43
00E7
0125
0124
0016
00A1
0003
FFCD
0029
FEFB
FFC5
003D
01EE
0011
0083
FF68
0198
01C6
00A1
004A
0046
FECD
FE66
FF67
0090
FD78
FFCB
023D
FFB3
FE30
0018
0062
FFE6
0170
0072
0150
00EA
FF55
0010
FE67
0065
FFA0
FEF6
FD6E
FEAB
FF85
003B
00DD
0128
FDCE
00C4
0074
00ED
FDBE
FFE0
FFA9
FE0F
FED1
00E9
0141
FF36
0253
0249
FD97
01A1
00F5
00EB
0016
FE8B
00FA
FF19
0036
00A8
FEBF
0038
FFAF
0014
FF65
0220
004A
FEBC
FE08
01B2
FF9B
FE61
0025
000C
0001
FEC3
FF19
01A5
0058
FF0E
01F9
0021
0018
FE9E
FF20
FF6F
002C
FEDF
015D
FF4A
FFF6
FF54
0007
FEC6
FEF9
00BA
FFC4
FFA9
0068
014A
FFD8
00B1
01E8
0204
FED7
0177
FF1B
FFEE
FFD4
0167
01CF
FF11
FEF9
FEC9
FE18
01C7
FFFA
FEC5
FECF
FFDB
003B
FECB
FE93
005A
00AD
00CA
00BD
FE2E
007E
FE73
FF52
003E
00B8
FF06
FF1D
FE45
FEF3
0185
0018
005F
FC4B
0121
FFD9
01B9
FF5A
FFF0
FE02
FEA5
FFFC
0079
0113
0253
01D7
FE60
01A9
0016
011D
FFE0
FF26
01D4
FFFD
FF1A
FF59
0137
0014
FE83
016F
FE9A
013A
0151
016C
FFC5
FF7A
FE65
0096
FF58
0071
FE46
0153
FFE9
0006
FE32
0096
009F
0086
0192
01DB
00B1
012B
FF23
01E0
0013
FF96
FF01
FE3A
FF31
FED2
00D3
FFF2
00D8
004B
FEB3
0002
007E
FE46
FEEB
FE67
FFFF
FFAE
0163
FFCB
FFF3
00F5
00D5
0096
00D1
0235
01C0
001A
00CE
FFA7
FFE7
FFB1
0002
00BA
FEE4
0111
010D
0175
0000
FF51
0172
FF83
FF84
00C6
FF81
0166
015F
FF98
FF52
0073
0023
0132
0150
00AB
FF0D
FFA7
FFD7
00DD
FFF4
011B
00C0
FF4E
FF19
00EE
0066
016C
FFBB
FF4C
00AD
FEF0
00AB
015A
015A
FE9A
FF64
00EF
00F6
FD86
0158
00D1
013F
FE95
FF78
010B
0180
0081
FF24
FFA4
0049
FE6C
0199
FE8E
FF1C
FF2B
FEE2
00C0
0081
FF11
0134
FF90
0109
00BE
0130
00F9
FF43
FEE8
005E
0030
01A2
00C2
01F5
0023
0004
0023
FF29
0191
015F
FFC0
0136
010F
0086
0232
FEF5
FE87
0079
00B2
FE87
016E
FFA9
00A7
000D
0051
FCE1
0059
01D3
0138
FF52
0134
FFB3
FE8F
016A
FE76
FEE8
0173
FEEE
00A6
017A
FFA9
0228
FED3
0017
FF4F
0051
0040
FFAD
FFFA
00A0
FE28
FE84
FE00
FD75
FF5B
016C
022C
FE41
01B1
FF01
FF9F
0024
0082
01C8
FEBE
007F
0157
001A
FE3B
006C
FEA3
01A7
FF81
FFE7
FF6D
FFB0
FFDC
0151
0090
0175
00DF
FDEE
FF30
0238
FF75
00CE
FEBA
FF75
0098
0065
0216
FEAB
00F8
0118
00E1
0047
00B9
FE0A
FF37
006C
00C2
FF22
FE33
005B
0018
FEB8
00B9
FF5A
FE00
0197
0070
026B
00BE
0033
0176
FF17
00BF
00C2
FEFD
0179
FD86
00A8
FE15
0299
FED8
0037
FEF1
FF81
FF79
FF0F
FEF0
0137
0001
FF4C
00A0
0143
00ED
FF95
FE8E
FFD4
01AD
FEC4
FFE9
FFF2
FE86
01E3
0078
00DF
FE9B
FE6D
0229
0216
FFA8
FEC0
FDE0
027A
00DC
FE1C
0017
00E4
0023
FE0C
0147
FF61
FF97
FE1D
00DB
FE5A
FFB6
FF1D
FF14
0116
005F
01A4
0110
FE9B
0047
0005
02AB
008A
02E8
009B
00F0
FFF7
FEE8
02B4
FDBF
FEED
0275
011B
FEDC
FECA
00CC
0246
FE16
0092
0169
01AB
02D7
FCE3
FEAC
009E
FFC1
FF93
FD8F
FDBD
FFC0
FCED
FFC2
0160
0107
FD5F
02E8
FF86
02C6
FE6F
006F
FD70
FE83
006B
FF56
FD26
FFEA
02C4
FE38
02AC
FF52
0235
FE06
0236
0072
0122
FD32
015B
FF94
FF6E
0210
FE5C
0098
FF38
02C7
0029
FDDC
FFD6
00AE
007A
008E
FF16
FFF0
FCDD
FEE0
FE5F
0145
FC84
00A4
00AF
FE37
02CD
007E
FD22
FED5
FF20
0001
FF93
01FF
FE56
0236
FD45
FEA5
01DC
00D7
00D6
0299
007A
0230
FF81
0093
0126
FCA5
FF7E
FD14
FE7F
02B7
FE21
FE96
00CF
030F
FDE1
0180
0258
FD7F
FE02
FEE5
002D
FD90
0011
0143
001B
00CE
01BC
0108
0126
0020
FF49
00C2
FE67
FFEE
00BD
0153
00EE
01E3
FF6E
FFE5
FEEE
00AB
001B
FEFD
005E
015E
0135
FF77
FF9D
FEF9
0029
FFBA
01BC
01AF
00DB
FFAE
013D
FFE4
FFA3
FF1F
FE8F
FFCA
000C
0009
FFA7
01F3
FFAE
017A
FE23
003A
FED4
FF0F
008A
0061
FF40
FEF4
FFB0
FEA2
FF92
003E
0175
FD60
FF62
FE17
FFE2
FFFF
FF3A
FE43
FF9C
FEA9
FFFB
FFB5
0116
FFD5
FF15
FF7D
0044
FF93
013A
FF12
FF3B
FF10
FE2D
0179
00A4
0009
00C3
002B
0015
01E7
018B
0050
0135
0007
FFA8
FFB0
FFAB
004A
FF79
018A
0032
FF1B
00BB
003D
0152
FFBB
FFB7
0017
00E8
FFE6
FEEE
00B4
017A
FE43
00F2
FF0E
FEE5
0142
FEED
FFF9
FFB7
011F
00B3
FFB0
FFFB
00FE
00C7
0037
FF8A
FFA4
00FC
0076
FF0B
00B5
FEA8
FED5
01C9
02AE
FE2B
FF30
0105
FF15
FFEB
FF10
0154
0182
FF75
FF17
FF63
FF1C
FFC6
000C
01FA
FFEA
018D
0033
FF8B
FF3B
0069
FEF5
005E
FEBF
0033
00CD
FEDA
003C
FF5D
FF1D
FD68
0070
FEB7
FFE2
014E
00D5
FEC1
0250
FE7D
FFCF
FFD2
FFFA
FECD
FE18
FEE2
FF75
00D6
FF52
003C
FFC0
0069
FF14
FF7E
FE18
00AB
0115
00FC
FF8E
0103
FE47
0104
FF82
024B
FF94
0053
FF8B
01E4
FF39
FFBF
017A
0130
FF14
FF5C
01CF
FFD2
0185
FE8E
FF80
FE1A
0138
0026
FFEA
0111
FEB8
FECB
FE7A
0088
0104
FEA2
0076
FF27
01F0
FF1F
FE0E
FFD1
0205
01F5
FFC8
0144
FEFB
FE8F
008C
01CF
FF36
FE82
FF4C
FD55
00D8
FECD
FEA3
FF30
FF72
00CD
018E
01AB
FF12
0081
FE7D
FE6A
00E2
FF28
FDD6
FF2F
FE8B
01CF
0279
0118
FFE7
FEF3
012E
FE32
FFDF
FEB2
0067
FF5F
0076
FD36
FF50
01F5
FEED
FF56
01A1
0220
FF9C
FEAF
FE63
01C2
FF25
01DE
0276
02A3
017C
FE56
FE39
008B
FD4C
FD38
FCD0
FDB2
FE05
FF3C
FC9F
025B
FF64
FFBE
024C
FED7
FFE0
FCC7
020C
FEA3
FD90
0019
FEF5
FDAE
FFC5
01EE
FC86
021C
FE94
01C9
FD08
0006
0216
00B4
FEC5
0256
FD65
FD9B
FFDB
FEF0
01D6
FE80
FFC8
0254
FE6B
018D
016A
FF30
01F1
FE75
0121
FD63
01CF
FE4D
FF6F
FEB8
00D5
00FC
FDB4
0038
0054
FF83
FF63
FFD9
FEC4
FD83
008D
FEDE
014E
FE73
FF34
00FE
00DC
0247
02C8
FF3B
0087
FD8C
FFA5
0042
FF1D
FC7C
FE3C
FF88
0131
FE99
FF10
00A4
01A2
FF14
0036
01A5
FD42
FD67
FC34
0230
FEAD
0194
FEBC
FEF7
0105
0123
01EF
FFD8
002F
0017
FFB1
FDA0
017C
0129
0263
0166
01DB
FE22
FF0C
0253
FE7C
FF6B
00D5
0146
FEC6
FF4F
00E9
016B
00F3
02D1
0160
01B0
01B6
FE86
0025
009B
005C
FF22
FD2D
0057
0006
FF7C
FF11
0216
0080
FE97
0266
FEAC
028B
FE62
00C3
FF28
FDAA
0045
FDF2
FDDC
00F6
00FE
FDA3
0147
FFA5
01CE
FDA0
02A8
FFE3
018B
FFE1
00AB
FF56
FFEB
FFDE
0165
00BA
FDBB
015C
008B
FF7D
015F
0268
00E1
02A1
FDD6
0297
FFC0
0156
FEE5
016A
FD47
FFF6
004F
FDE3
00F6
013B
FEE1
0019
FE0E
0005
FD5E
029A
FDBC
02EB
FE86
FE5F
FFBE
01C4
0071
FFE4
FD76
00FB
0033
FFCF
027F
FDEF
FEB6
FD5D
FF6F
0270
FF65
0011
FF48
0270
003A
019A
011B
FCD9
FD43
FDFD
000B
FFBF
01C3
FF76
01F6
FF90
FE09
FF84
FDD2
FF9F
FF75
FE35
FF71
FE65
FF5C
FF1B
FF9D
FEB9
007E
FF57
FE24
FFDE
003C
FFCC
FF64
0107
FF37
01B1
FF55
00F2
FE84
0021
FE67
FFAB
FF83
0119
FEB5
0140
0222
00A9
FFD8
0010
FF96
0046
FECD
FF09
022A
FDA7
FFEE
000A
0250
001C
0202
0106
FEB3
023E
FF4F
FEEB
0036
FF95
FE43
FE33
FE1C
005B
FFE5
FE16
FF02
0039
0088
0221
012A
0095
0161
FEAB
0102
00A2
FE7F
01A6
FE60
006B
009F
FEA4
0014
FE18
FF78
010B
005B
FE19
01DE
0074
FE85
0175
FE5A
FFFE
FFBA
0091
00F1
FF9D
FFE2
FFC9
0099
000D
0021
00C2
FDED
FE80
FEAE
FE10
0204
FF69
FFCF
006F
FD4D
01E3
0261
0075
FCDD
FFFE
0173
007E
0188
FFFC
00C5
FF46
FEE6
FF2A
003B
027D
0059
010E
FDB9
FF32
FF3E
00B6
0216
0174
FFF6
FFFB
FF19
0019
FD1A
019A
003D
00E0
0077
FEEB
FD8E
FE66
015C
FE46
FF14
0094
0125
FD65
005A
FFD0
0282
FF2F
00BA
0107
01C0
00C9
FEFE
FDB4
FF7D
FEC9
FD36
FD5A
FF59
FF85
FFB3
FE1B
01E1
FFA3
FD0C
008C
FDD4
0092
FD33
01D7
FFA9
000E
0091
FF80
FEDE
FE99
0192
FEFD
0155
0070
0030
FD19
009E
0269
FFFD
FF52
02B0
FE56
FE52
00ED
FF51
FF93
FFFA
00F6
00BE
FECB
FF69
024B
00D6
00DA
FFB0
FFE6
FFCC
019C
FF58
01B7
FE18
0179
FFCC
FE11
021D
01FF
FF11
FEA6
FE0A
FF61
FEF0
FF54
FE1D
0222
FEE1
FE42
0207
0111
0001
012D
FFF3
01D0
FE14
0025
01EB
0028
FD49
FEE6
005D
0219
FF62
0050
0026
0118
FE88
0201
00E3
FF16
FF80
FCBC
00BF
FE65
0062
FF9A
FDFD
FF75
017B
018A
FF06
012A
012D
0184
001F
0100
FFAE
0049
FEF8
00C1
FEE1
0066
FF10
FF89
0027
0133
FED7
0148
0040
FF91
FF36
00A3
FFAD
011A
00D7
FF75
FED0
002D
00C9
0017
003A
FF4E
FE78
FDD4
FEA5
FEFA
008A
FF70
009C
007C
006B
01E0
FFB5
FF64
00D2
FE7A
009C
FE3C
FE6A
0187
0105
FFC2
0187
FF07
01D6
0084
01BD
014F
0001
FFDD
FEFE
FFC2
00EF
0079
011D
0186
FF94
00D3
008F
FEF6
016C
0226
0171
FF72
FED0
0049
FF15
FF6D
FE9B
0164
0038
001B
012D
FF93
FFF2
012F
0000
004F
0106
FEEE
FFA4
020A
FE38
FF4C
FEC2
001C
00E7
00F9
0090
01F7
FEFA
0039
FF53
00AF
00A2
FEA7
FE67
0034
FCB3
0142
FF11
00FC
020D
0046
FEB4
0035
FFA8
FF67
00BC
FE4D
012D
FE61
FF3E
0042
FE47
FED1
FF11
00ED
00E3
FF3B
FED7
0172
FE13
009E
FFC2
FEEA
0171
FF87
00CD
FE91
0102
00FB
00E0
0000
01D0
FFD1
FF25
FF59
01E0
FF89
000A
0093
0110
00BA
0076
FF65
FFDC
001B
FF95
FF03
00DC
00D8
FEAF
0152
0134
0181
FFEF
0057
00AD
0084
FFB8
0041
FF33
FED7
0144
FF22
FE9E
FEB8
00AB
FF22
0120
FDC9
01BF
FFB3
006C
0110
008F
FED1
FFE1
FFFF
0127
FF1E
FF64
FFFC
FED5
019D
FFE8
00C5
00A1
0157
FE92
0080
010A
FF5A
00F8
FEB7
FF3E
00D4
FF5A
0116
FEDA
014F
020E
0008
FF06
013F
00C3
FFF4
FF51
FFE3
FE59
0031
FEE7
00D2
0096
0165
001F
0143
FEDB
0042
00CD
FF37
0147
FEDD
FF44
006C
FF40
01BD
FF36
FFAE
FFC0
01A9
FE36
0197
006F
FE89
FFBC
009F
FFE3
FF77
0164
0176
FF0B
005E
FECC
004B
FF81
0061
FF56
00F0
012B
0153
FF80
FE83
FFE9
FDEE
0114
010E
013F
01C2
FF77
0174
00C3
01FE
FEF1
FEAC
FE20
0127
010B
FE9F
004C
00CF
00A9
FF58
FEAF
01C1
0107
0126
019B
0059
013E
01FD
FFD2
FFF5
01B4
FFF1
009C
FF5D
FFFF
FFB6
018D
0132
FE4C
FF81
01EF
FE71
FE8D
0106
008E
FEB2
FFC5
0036
FEE4
00A9
01A6
00C6
FE31
FF7B
01CB
FF52
005A
003F
0079
011A
FEB2
021D
00B5
0068
004A
FE16
0185
FF00
01CD
FE30
0181
00AD
FF06
001D
FFF3
FF44
00CE
FE3D
FFD0
FF46
0085
0054
FF00
FF9C
0100
FEF4
011C
020F
FFC9
0007
FF0C
FF4F
FF11
004D
FF7A
00D2
FF4B
FFD5
01B1
0229
0011
FF26
018A
FE3B
FDBB
FF6F
0133
00CB
009A
0171
0089
0186
FFCC
0141
FFC2
0079
FE87
016C
0109
FF91
FEE4
02B8
0114
018A
FF46
FFF0
00DC
0143
005B
0106
009C
FEA9
0086
015C
FED6
00C1
0033
FFC5
00C4
009B
0013
FFDB
007E
FEA6
0119
FF22
008A
0082
FF6F
012E
010C
0092
FEAA
00FC
0187
00A2
FF79
011B
00F9
FFAE
FEB9
0014
0165
FFEA
FF71
0194
FF63
FFAA
00DE
0022
0072
0135
0110
FCEA
0136
0050
FFAE
017F
FF88
FE6A
013A
FFC1
0139
00CC
00CC
FFAB
00BA
FFEA
FE74
FECC
0095
00A5
005A
01A6
0079
FFD8
016B
0028
0045
FF61
005B
01E1
0027
0176
0029
FFE7
FF27
FED0
004C
0144
00B5
016B
0002
FEFA
FF1C
011C
009D
FFB5
FF89
003A
016E
0111
00CB
0010
018A
0176
0177
FF9F
FD57
0068
FF32
016F
FF85
002D
00A8
FFA3
0098
003A
016E
015F
FEB2
FFC0
FEC6
0038
0215
FE67
FEFE
FEC1
FF02
0274
01FE
012C
FF4D
FFE3
0046
0139
0005
FF59
01ED
0043
0164
0140
FEF9
FE5F
002E
01E2
0230
FF28
FEAD
FF55
0119
FF60
0139
FFE7
00CE
009A
0028
0115
000F
018A
0099
01FF
FF9E
0034
005A
00C3
FFF7
FFA3
0053
013E
00D4
FEE6
00EF
FEDA
FF03
FF1C
00E0
FED3
007F
0145
0048
FC53
00BE
0098
FF93
FFCE
0029
019D
FE71
0115
012D
FE95
0005
001F
0134
FF51
FF75
FFBA
FF08
FEC4
FFCE
FE2B
FF59
0206
FF47
00EB
FFA7
00D0
0032
FF11
FF91
0270
FE9A
006A
FEE5
FF5C
0116
009C
01C0
0128
005A
FE86
00AD
0116
FFCF
FFCA
0073
FEA8
FFDB
0161
01E7
FF2A
008A
0138
0004
FF23
FF9F
0148
0156
004F
0068
FFD4
FF2D
00D2
FFD3
00AF
FFE0
FF02
FEEE
FF53
FEF3
FFC6
FEE5
FED4
0071
FF75
0094
01EF
FF6E
00E4
0178
FFE2
FECD
01A0
01C6
005F
00FE
FEA6
0133
FE20
0189
FF6A
FED0
FF48
FF78
FF5F
FFF6
004E
FFAE
0140
013E
FF4A
FFF6
FFE3
FF6F
0073
00A4
FF95
FFE1
FFE2
FFC4
FFB2
016C
FEF3
FF4A
013C
0114
FE95
FFE6
FF5B
FE79
0135
00ED
FF33
FEA8
0028
FFE2
0166
0068
FF12
01CA
00D3
0054
0098
0170
FEA9
0111
FEE8
00EE
0110
0278
001B
00F7
FF96
FFBC
0048
FFFA
FFFA
FF7D
01C7
00FE
FFFA
FF95
FF93
FF15
0052
FF42
019D
00C0
01E1
00CF
00FD
00DC
FF74
FEBE
00B4
000A
FF41
0129
013A
00C9
FF0E
0203
FF9D
0148
00C5
FF73
0187
FF58
FF8C
FF2D
00A9
01A2
FE1F
FCCE
FF9F
FF30
0120
0028
002D
FFEC
00EB
FFFF
FD9F
0149
FFCA
FF8F
010A
00BF
FF9F
00E7
FED3
016A
007F
00E0
FFDB
00E0
017C
00A5
FFFD
012F
01F1
01EE
01AE
FF2E
FFC6
01E7
010B
FEFB
0186
001F
0144
006A
FF5A
FF0A
FEC3
FF83
FEF3
0072
0041
FF3B
0036
FFC3
FF7D
0056
FFB9
FE91
00A3
FE6F
FE5F
01C3
FECD
FE5A
01D0
009D
FFE9
0087
005A
00B8
FEA1
000A
0157
FF2D
FF07
001F
FE67
003C
FC5B
0071
002D
0072
FF3D
016E
0089
01AE
0014
0014
017C
02D2
FFF7
006D
0023
0033
FE51
003F
01B2
FF4C
FFFB
0126
0262
FE62
FFBE
005C
011A
FDD3
00D2
FEDF
FF52
0118
001C
FF4D
FE99
FF19
FEF8
00FF
0054
FFA5
002D
FF20
FF36
00E4
025F
FFA6
01CE
01C4
FF6D
FF3E
0015
01B7
FFDE
00F5
004F
FE4F
0007
009E
FF1A
016D
017C
FE6C
FFFD
01AC
FEA5
FE66
0106
00C3
FF43
FED9
FFE0
FF6F
FFF8
01FF
011E
009C
018F
FD4C
0203
FE18
FFED
FE9C
FF73
FF1F
FE53
FEDB
FEE4
01FC
FD63
0188
0052
0006
FF98
FEA9
FE56
0035
FD83
0199
FF7D
00F8
0200
FD1E
FE8D
FFE1
FEC3
0041
FCF2
FED8
FF1D
FD4D
FEEC
0027
021F
FD0C
00DA
FD0D
01DD
FE9A
FFEF
0046
FDF5
015B
FDE6
00A8
018C
0052
FE8E
FF4C
FF60
0195
FF42
0237
FFEA
01FE
FFB1
01BA
0028
FE52
000C
FF98
00D8
FDFB
01C7
023C
FFBE
FFBE
FFD3
0006
FF28
FD8A
018D
FEC4
011E
FDC9
FF66
FCF5
0216
01DA
FFE8
01DA
000D
FF4E
FF47
FFA5
0063
FD6F
0124
FD61
024F
FE5A
FF40
00E0
FFAB
021D
0130
FEA4
FF9E
FE13
FFD1
FF5E
FCDC
FE21
FF95
00AE
0255
FF36
0060
FF89
FFA0
FF31
003A
01C5
FE37
FFF4
FDE0
00E3
FEA3
FF78
FF6D
0138
0108
FF6E
FFFC
FFED
FFF9
005A
FF37
00D5
FF31
0003
FE79
FE8B
FFEF
01D0
0158
FFC7
FFC9
0138
FF28
00C4
0184
011C
0091
00D7
00A3
0103
0093
00AF
0044
FF38
00A6
0021
013F
0104
01F2
01EF
005E
FF31
0079
FEB0
FE79
FFED
FF3F
0090
0014
0244
0056
0227
0050
FEF4
0056
0201
FEBA
FFC1
019A
FFDE
FFF1
FE11
0087
0018
FFD6
0136
016D
FE11
01A5
0055
FFE0
0270
0186
FF74
FF4A
010A
0022
FE80
0157
FFE0
0062
FFE2
003B
0005
FD53
020D
FFB5
015F
FEC1
00CE
0072
FE1D
FF78
FFD8
0002
0209
01B5
020C
FEBF
0095
FE85
FF9C
00A5
FF19
FFC2
FF42
002C
00A2
0071
015C
FFE9
FF52
00EF
FF9B
0059
FE5B
FE29
0063
FE6C
FF6E
0093
0089
00DF
FE8E
FF2B
FF38
0199
00D8
0240
000E
FF1F
FECD
FEEA
FF72
0131
0090
0073
FFF1
FFE2
FF96
FFDB
FFBF
FFB3
0032
011D
014F
010E
0173
FF94
008F
0133
FFDC
000E
01CB
FF66
0201
FE63
FFF3
FF97
0114
FFB7
0026
FF9B
00C5
FEE9
0100
FEB3
FEAA
FFB9
005E
FFF8
FF97
00C9
FEDF
FFD7
005A
FFD2
FF56
011C
FFD7
FFAE
0073
0023
0137
0066
FEDD
01CE
00E9
FCE1
FFB0
FF7E
00FD
0000
00E5
FFFD
FFDA
0194
0172
0090
00E3
00B2
FFD6
01C3
010A
00A4
01A8
FF01
017E
FF5B
FF06
FF9E
01A9
007F
FEC7
0119
0074
FF68
00AE
0059
FFA9
019A
0193
FF52
FFCF
00BE
01C4
FF74
00FA
009D
005D
0145
FF88
0211
0123
001F
00ED
FFF6
FF48
FECB
0063
011A
01A1
FEDE
FC66
0102
0154
FEE2
01D6
FE5E
0177
0157
004F
FEFE
00B9
FEFC
0164
0181
002F
FF36
FFE0
00A1
010D
FF4D
FF55
013C
FE4F
FF24
FE57
01FB
013B
0101
010F
FE06
0025
FFBE
0063
FDC2
FE8B
FF78
0159
FF07
008C
FF93
00C5
FDEF
024B
01E2
0134
0200
FED9
FF32
FF2D
FD0A
FE34
FD7B
0047
FF0A
FDCD
005E
FF2E
004B
FD75
01CA
000B
FFAF
FF49
0023
FD99
003B
0130
FDFE
FEF7
FF02
0046
FF1D
0055
FFAA
0066
FF0A
0122
FFF9
0122
001D
0276
FEFD
FD69
0222
FF9A
0172
FE48
FF86
00D9
005C
0001
FF96
FF03
01D7
FCE0
FFCF
FE01
0090
000B
003F
0056
0166
01E9
0026
00F7
00C9
FDEC
FFBD
FE2F
FE55
FF92
00E0
FDB9
00BC
FDB6
0067
0086
FFC3
002D
0059
FEC4
0232
FD93
007D
FFAC
FE9B
FEC4
FE1E
FF06
000B
0031
00AA
0007
0086
00EF
0097
0117
FDF8
FED0
FDE4
021C
FE9C
FFAA
FF2D
003C
FF2D
00BD
0028
01C7
FFB7
FF6A
01B9
FF94
0059
0121
FFA9
0089
FECF
0098
FEFE
01C0
FEFB
FFD6
021B
FF27
FF7C
01B1
FFFC
FF3E
FFD3
0106
023F
00A4
FF77
FFAA
FF6C
0029
FE4C
FE10
FED7
004D
00D6
0043
FE3A
003A
017D
001B
0125
00F8
FFA5
FF4F
0176
FE30
0064
00F0
FF8C
FE6E
FEA1
FFD1
FE14
FFDF
FD77
FF86
FE92
FF75
020B
FFF8
00C1
017D
00E0
FE44
FF99
0199
00AF
FE14
018D
0017
FEB1
000F
0148
0004
FF7C
FE15
020B
FF30
0147
FEAD
0083
FF1C
0174
01A8
FF1C
01DC
0196
0056
00A5
FEF2
FFF8
FE41
01A9
0011
0090
FE1F
FF7A
0121
003A
008C
0076
FF56
011C
007A
016E
020B
FF93
FFDE
FD24
FD07
00D0
FF5E
0019
FFFC
0176
FF5C
FFD9
0106
FDB4
FF3A
FE8F
FFC8
006F
0151
009E
006E
FF7B
00F7
0045
0039
FF92
FEA5
FFE1
FED6
0253
010C
0077
01B9
0196
FF4F
FF16
FFF1
FE18
FE90
0004
00EB
0050
0124
013D
00AA
FF6F
FFDD
0173
00D6
000C
FE16
00E8
00F6
FF59
00CE
FE8B
FFAE
FFCF
FFE6
009C
FF6F
FEF9
FF16
FF52
FEDD
FE9E
FE2F
FFC5
00E8
FF13
0073
FFEF
FFB8
005D
FF1C
FE95
FFE8
FEBE
FF9C
0047
016D
022C
0078
00C6
00AF
0141
FEA2
00FE
01CB
012A
011D
00D6
009F
007F
0138
0192
0156
FF26
00CF
0253
FE5A
FFB0
FFCE
01D5
FEA4
FEE0
0156
0062
FFBF
0131
FE35
FEEB
001F
006B
00AD
00A8
FF3F
0131
FFB5
FF81
016F
004C
0016
007D
0065
015F
0017
01E1
0163
FF4E
0075
0006
FD37
0170
FFA9
FF9C
0166
FF93
0129
00FE
0131
FE76
FE5F
FF04
0073
FE9A
0210
FF6E
FE8E
FEEA
FF0D
FE26
FFA7
019D
0206
FFCE
01C7
0010
00B8
FFB5
FF62
009F
015A
FFFB
0041
011D
FEB4
002E
FE26
022D
0022
018F
0158
0174
FEEF
FFF6
FE1C
0157
0151
0005
FF98
0131
FF0E
FF9A
00DE
021A
FF1A
01F3
00EB
FEF1
FF74
FF7B
0056
FFDB
FF3F
FE8C
00F3
01AB
FEF3
009B
0164
FE64
FF98
0020
FE2A
FE84
FE75
FFBB
00B3
FE4B
FDD8
FF4F
FFD6
0122
01C1
FF26
00E6
FE79
FF7B
00EB
FFDE
FFF1
FF2C
00AC
FE45
FEC4
0064
FE7B
FF7F
FF4F
003F
00A0
0008
FFB1
010C
FF23
FF43
FF5D
FEE1
FEC0
006A
0163
FEC8
FE64
00B5
008F
003D
FF41
FFDA
FE37
FE46
FE3E
FFDC
000F
FFE6
FE43
FDD2
0192
0150
00B1
FE02
0044
006C
FE7A
FFAC
FFCF
00AE
FF3D
FEAE
00E6
01E9
FF4C
FF4F
01EF
0062
0048
FFC7
00D1
FFA3
FF40
FDD9
01C9
0052
FE28
026F
FEBD
FEF1
00B2
FE3E
FF6F
015B
0118
00F8
0267
FE81
FE5B
00C0
004C
01AA
FF72
0000
0006
FFDB
FFC0
FF96
FFD3
FF8F
0015
FE94
00BA
FF95
FFD8
FF28
011B
003B
0170
FEAA
FF9A
01E9
FDFE
0286
0128
01C2
FDCD
0049
FF8A
000C
0003
0084
008A
0015
001D
FEB1
FE37
0009
0032
0009
00F5
FFC2
0161
FDE3
0201
0201
0120
029A
0020
FFAC
0082
FE52
FF6E
FF25
FF85
0032
FE6F
0245
FD82
00DC
00B9
0166
002A
FF2A
FE54
FFDD
0049
FF30
FEE8
001F
0147
0064
01BC
007B
FDA6
FFBB
FFB0
0002
005D
FE5C
FEA4
FE98
FEA1
00B2
00F3
002C
FDA9
FFC8
0038
FFF7
FF1A
FE18
FDD8
0047
00B6
00A2
FE73
FF60
FE32
FF63
01AC
0044
0163
FF78
0124
FEE0
