000A
FFE9
0051
FFEC
FFCA
FF81
FFBC
FFA0
FF78
FF7D
002D
FFD8
0026
FFF2
FFDA
003F
003A
FFC5
FFE9
009B
FFBA
FF78
0042
FF83
FFC7
0070
FF98
0037
FF9F
FFD3
002C
001B
0034
005F
0072
0027
0087
FF5F
FFFB
0088
006E
FF88
001D
0070
FFEA
FFE5
FF81
FFDD
000F
FFDB
004D
FFAC
0017
FFBB
0068
FFF5
FF93
0009
003D
FFE2
0006
0012
0051
FFDE
FFC4
FFF6
FFEC
FFA2
FFF8
FFC7
004B
004E
FF97
FF78
FFB4
FF86
FFC9
FF94
FFF0
000F
0016
0000
007C
006E
FFB3
004C
005F
FFC5
0058
0053
FFDF
008D
006E
0085
006A
007F
0095
FF8A
FFAA
FFCB
FFF0
FF83
003F
FFC5
FF98
FF7C
0001
007F
0059
0028
0085
FFAB
FF99
FFD2
FF69
006A
0053
0075
FFD8
0058
0099
FF9D
006E
006E
FF9B
001A
0009
008C
FF4B
FF39
0091
FEDF
0114
00F6
015D
FF3C
FF08
0109
FF05
FEF1
0136
015C
004A
FF02
FEAB
006A
FF4E
0005
00D3
FEA0
0097
00FA
0004
FF9F
0142
FEAD
00FE
FECB
FF57
FF51
019A
016D
FED8
FF2D
FEAF
01A4
FF36
0169
FE7E
FF8E
0088
FF0D
FF51
FEBF
FF4C
FF82
0053
0123
018B
0138
00FF
FF6A
FE73
0113
00B1
0177
FF48
FE94
FF7D
00D7
018B
FF62
FE7E
FE98
FEC5
FEF5
FEC6
FEA0
FE3B
FE8D
FF3E
FF0B
014B
FE70
FE3C
FDFD
0191
0117
FE0D
00F3
00D5
01C4
0184
00F5
013E
FF00
01D5
00DC
FED7
FECB
01A7
FE25
00EB
FE3B
00BE
01D9
01CF
019D
01C1
00F3
FECC
FE09
00F6
0192
01DD
00D5
013E
00FA
FEFD
00CC
01C3
019D
01AB
FEB1
FEBD
0164
FE28
FEDB
FE9A
FEA4
0122
FEE1
FECA
0144
FE4E
0162
FF70
FF65
009A
0049
00C3
009D
000B
FF76
FF3D
0092
FF7F
FFBD
000F
009C
FFA7
FF96
FFE2
00C2
0045
0017
00C2
FFF6
FFAC
00E2
FFA9
003A
FFE2
FF80
0093
001C
FF8A
FFB2
003D
005D
0044
FF85
FFD3
00B9
0002
0008
FFAE
FFFC
FFCA
FF4B
0003
FF6F
FF69
FFCB
009D
000B
009B
000F
FFD2
0016
003F
FFEC
FFF0
00E4
FF25
FFF6
FFDD
001E
000A
FF64
FF74
FF64
FFA0
FF16
0030
0036
FF22
FFF3
FF80
FFF7
005B
FFF9
FF24
FFD2
FFCA
00DC
0005
00DF
00B1
00A6
0006
0094
FFED
FFB4
005D
0096
FF37
FF85
0050
FFB9
FFCC
FFCF
0021
FFE4
0053
FFD0
00AA
00D5
0010
FFED
0011
00D7
009B
00C6
FFDE
007D
FF1B
0017
006C
FFFB
0043
002F
FFFC
008A
FF5A
FF82
FFB4
FFA1
FFF8
002E
FF29
006F
FF49
00A9
FFB8
FE74
014C
FE9B
014B
009B
00A8
FED3
FE96
0151
FF4F
FEA9
016C
0158
FFEE
FEB4
FEC6
0048
FEFA
00E3
00BC
FEEF
0082
0075
0052
FF6F
0095
FF0B
00A5
FF3B
FEBA
FF66
008E
00AB
FE91
FF09
FE91
010D
FFC8
0161
FF0F
FF67
0086
FE8C
FF65
FF0B
FF03
FE93
00B6
015D
0155
0129
0101
FF28
FE80
0131
0081
0127
FEAB
FF15
FF41
00FB
009A
FE96
FE65
FED9
FF08
FE71
FF1F
FF3E
FE9D
FF2F
FEAE
FF47
012D
FE91
FEF4
FF29
00FE
0097
FF1C
0172
01B7
0090
00BC
01A6
016B
FE81
00E1
0068
FF2F
FF60
0140
FEEC
00C7
FE8C
0130
0150
0170
00A5
00A4
00EB
FF33
FF32
0133
015E
0190
019A
00F9
0132
FF17
010F
0074
011B
0178
FF8A
FE97
017D
FE84
FF54
FE72
FEC2
0116
FE88
FE96
0111
FE79
00DF
0018
FF84
002E
FF61
009D
0116
00A3
FF1A
FFA7
0066
FF2D
FFEE
004D
0072
FFF1
FFB4
FF51
0060
FF77
0024
0048
FF30
FFDA
0075
0056
FFFD
010F
FEE3
0065
FF1E
FF6B
FF9A
00C3
012D
FF95
FFCC
FFCC
00B5
FFAA
0051
FF48
FF61
006C
FF44
FF95
FF7E
FF61
FFCA
0103
00CD
0049
00AE
00A8
FF58
FF58
0012
010A
0119
FEBA
FF9A
FEF1
00C6
001B
FF59
FF91
FF04
FFD3
FF5A
FF78
FEFB
FF08
FEC1
FFF5
FF2D
00AC
FF37
FEAA
FF54
0078
00C7
FF1D
0102
00CC
00EC
0154
004A
00ED
FFDD
0054
00D1
FFD7
FFA1
00BE
FEE3
015F
FEFE
00EC
00F2
015A
005C
0035
0143
FEF1
FEE1
004E
00C0
013B
0078
0063
011F
FFA4
00AC
0081
0137
00A1
FF4C
FF1E
0042
FF2C
FECD
FEF9
FEEB
0156
FFB1
FF32
0146
FFCF
0152
FEC7
FEB3
01A9
FED7
01B3
00DF
010B
FF69
FEA0
01AE
FE4C
FF08
00BC
01AC
0069
FECF
FEB9
00D8
FE88
015F
0161
FF11
00EC
00E5
FFEB
FE68
0108
FF44
00B3
FE16
FF45
FE91
0120
017D
FF1F
FE3A
FEB6
0156
FE47
00D8
FE32
FEFB
0062
FE9E
FEE2
FE28
FF22
FEE9
00F0
0132
00AD
00A3
00EE
FF4A
FE9D
0110
0174
0101
FEF7
FE8A
FE8E
00A6
00DD
FEDA
FE9A
FE98
FF0D
FF91
FF4C
FEBF
FE6E
FF78
FED4
FE99
00D2
FE99
FE8B
FF54
00FA
00E2
FEB7
0140
0090
0079
00EF
0156
012E
FECF
0087
00E3
FF65
FEA1
01A1
FF80
012E
FEAB
00FE
00DA
00E4
0177
00E4
0095
FF72
FF89
00EC
0156
00AB
010F
0093
00DA
FF7A
00DC
00F0
0199
0165
FEC1
FEB1
00C0
FF6A
FED2
FF43
FF73
017B
FF2C
FF54
0109
FF55
0098
FF51
FEBA
013C
FE73
0142
00F6
00DF
FF18
FE33
018C
FF14
FEF0
01F4
0146
011E
FE06
FE5F
017D
FEE5
008F
0113
FF0F
0136
00E6
FF5F
FF45
01B5
FE17
01AF
FE61
FEFE
FEF6
0151
01E6
FEFD
FED7
FE5E
01C1
FF39
01AB
FE2F
FE9C
00A7
FE0F
FF0B
FEC6
FF0B
FE24
00C3
0124
01D6
017D
017E
FEB3
FE6A
01DB
0178
01DD
FEF1
FE91
FF46
00F0
0152
FE4E
FEBD
FF03
FE22
FDFB
FE05
FDED
FDF4
FE84
FE5B
FE91
0162
FEE2
FEB7
FEE0
00F3
019A
FE94
0220
0221
011E
0167
0195
01A5
FEF7
015C
01B2
FE65
FE9F
010D
FED5
019D
FEF8
00CE
0108
020A
014D
0207
00FF
FDF3
FDEB
0163
00FB
0128
011B
00FF
0176
FEE2
0166
00F3
014D
0140
FDED
FE4C
01E3
FEE2
FEEF
FE8C
FEE6
018D
FE38
FE6F
0104
FDF2
00F3
FDAC
FDF1
0269
FDA0
0208
01F2
01BE
FDDE
FE34
01EB
FDA5
FDAD
02C5
02E9
005C
FD4C
FDFF
027B
FE51
0203
02A4
FDEC
029E
0202
FF19
FD66
025D
FDDD
0266
FDB7
FE01
FD4C
0278
01D1
FDF4
FD39
FE1B
0281
FDE6
021B
FDCC
FDAF
0193
FD82
FE23
FD65
FDE9
FDB0
01FF
024B
01F7
01D4
01C0
FDB5
FDB6
0262
0270
01FF
FE37
FD48
FDB0
02B8
02DE
FD8E
FDB8
FD87
FCC1
FD50
FDE0
FDAD
FCDA
FCB0
FD93
FD16
0327
FCE7
FCAF
FDCA
023A
0338
FD3C
024E
021F
0297
0263
0314
0332
FCBB
0315
02F7
FD6D
FD49
02DA
FCDD
0329
FD86
0245
02C6
02B3
0232
0236
028F
FDD3
FD4E
0290
02BB
029D
034E
0252
0234
FDBA
021E
02B8
0246
0289
FD89
FD18
02B1
FD30
FD64
FD7E
FD96
0210
FCF6
FD47
02DD
FDC6
0264
FE44
FD8E
0150
FDB8
01AE
0225
01C2
FDDF
FDEC
01E6
FE89
FDD7
01F3
0199
0050
FDBB
FE74
0193
FDE7
012A
01AC
FD73
012F
015B
FF89
FEC8
01B8
FE95
01F4
FE6E
FEBB
FE85
025D
021B
FE49
FDA3
FE0A
01B2
FE21
01E8
FE72
FE74
01AC
FD91
FE08
FE09
FE30
FD9D
0124
01FC
0193
020F
025D
FE37
FD9E
025B
0225
0182
FDD3
FDB6
FE52
01B9
0228
FDC7
FD14
FD1A
FDDA
FD32
FD19
FD7A
FDBA
FD9B
FE1A
FD2D
0248
FDA8
FDA1
FCFE
02B3
023B
FCF1
02DD
029E
0237
027C
02B1
028D
FD84
0263
02F8
FE09
FDB7
025A
FD70
01F4
FDC9
0218
020D
0214
01CA
01C9
0311
FE4A
FE01
0228
01F8
0267
027F
02F4
0292
FD8D
0251
01EA
02F0
0209
FD7B
FD18
028A
FE14
FDBA
FCDA
FD7D
0236
FDAD
FD80
025B
FE2C
02DF
FDD3
FDCE
027B
FDA3
0296
02A5
0222
FE1D
FCF1
0204
FE04
FD24
0322
02FD
012F
FCE1
FE38
0223
FD77
0224
02CB
FD49
01C5
0267
FEF8
FDE0
0300
FE1E
02C4
FDC3
FE43
FD64
025B
0213
FD50
FD1D
FDD4
027D
FE3C
02E7
FD2C
FD2A
0240
FD40
FE1D
FDBB
FE25
FD0C
0212
02BD
0215
0202
0261
FE2A
FD51
01EB
0236
01EA
FD27
FD7E
FDA1
01F7
0227
FDBA
FC9B
FC90
FC9F
FCDC
FC8D
FD74
FC6A
FD46
FCFC
FD88
037D
FC9A
FCC9
FD7E
028A
032D
FCB0
02F2
034A
0374
038F
0358
0273
FCD8
029E
0359
FD6F
FC96
031B
FD4C
0351
FD3A
027F
0287
0318
0306
0377
0328
FCB7
FD66
032E
032A
0324
0324
02D0
0279
FD6F
0328
02B2
0361
0359
FCC2
FCF4
0314
FD25
FCCB
FD2C
FD00
0334
FD86
FC54
0380
FD0D
02BE
FED4
FDEC
011D
FE20
011E
011B
01A8
FE81
FEBA
01D4
FDF5
FE31
0178
01FE
009D
FE12
FE7A
0168
FDF5
01C9
0123
FE0F
01AE
019F
FE9C
FDB9
017F
FEDC
01C2
FDBA
FECA
FE97
00FA
0108
FE13
FEA7
FE13
01D2
FE95
010F
FE4C
FEF9
011C
FDDE
FE39
FEE1
FEDC
FED2
01A9
0218
0212
022A
00F8
FE03
FEBE
0159
0118
01A0
FDDA
FEEC
FE54
01C5
01DE
FE3E
FEB5
FEF7
FE63
FE42
FEBA
FE8D
FEC7
FE2A
FEB7
FEBD
01D8
FE97
FECD
FE9E
012E
0118
FE4A
01AE
0152
0196
01C0
00FB
01BD
FF23
017F
0204
FEA8
FF0B
0171
FEFA
013E
FF0F
0111
01B7
0129
017C
00E7
019F
FF1A
FE5B
016A
00CC
018B
0104
01D9
00EA
FF04
0178
015B
0181
01A2
FEFC
FDF7
0173
FE96
FECC
FEA5
FF3D
0106
FF0D
FE49
0199
FF03
00EE
FD40
FE59
01DC
FD8D
020C
0277
01F1
FE1C
FDE1
0251
FD5B
FE4B
01B5
027E
00E1
FE46
FDA5
028F
FDD0
01BC
02CD
FE63
0293
01F1
FF02
FD50
0228
FE45
01EF
FDCE
FE1B
FD68
01D7
01C8
FD4E
FDAA
FDE6
0203
FE00
0285
FDD8
FD9B
022E
FDCD
FD43
FDF8
FDB8
FE38
029A
026E
01FD
01D6
0280
FDEE
FD54
023A
02A2
0269
FDE6
FD7C
FE16
021B
01D4
FD8E
FCF6
FD35
FD76
FDEA
FD5E
FE2D
FDCF
FD53
FD41
FD5B
020D
FDB5
FE09
FD65
02BB
025F
FD03
0236
01C6
02DA
0248
01F9
0289
FDC9
0289
02F6
FDAC
FD70
01E4
FE1C
02DB
FE26
02DE
01E0
025E
0275
01D6
02F2
FDE0
FE29
0275
0208
0253
02A5
02B9
026F
FDCC
0297
0262
02B3
0249
FE20
FD49
0249
FD82
FDC8
FDAA
FDD5
0212
FDF7
FD96
0233
FD13
02A0
FE91
FE5B
0114
FDFB
01CC
015B
00C2
FF35
FED1
0132
FF03
FEEF
012A
00C1
007D
FEFD
FE3F
0176
FECC
0108
00D1
FE77
0131
0131
FF65
FE83
01B4
FEA2
013B
FE34
FE9A
FEFD
01D1
00E2
FE2D
FEE6
FE55
0108
FEB1
018B
FF0E
FE69
00A5
FE83
FF2C
FEA8
FEB8
FF00
0111
00D2
0198
012F
0140
FE81
FE64
00ED
0105
00F2
FE94
FF17
FE89
00DE
0141
FEE2
FE93
FE83
FE78
FF2A
FF44
FF23
FF33
FF1E
FF05
FE7B
014E
FEE8
FF92
FEB6
01A3
017E
FECC
018F
0194
008A
0155
00C4
0114
FF3A
0155
018F
FEE7
FF39
0170
FF43
016F
FEF3
015E
00BD
011D
00D7
0129
00A2
FF08
FEE6
014D
00FA
0165
00A6
0114
0161
FF29
00D2
00A3
0083
0094
FF80
FED9
00D0
FF34
FF27
FE65
FF8A
009C
FE8A
FEA6
0141
FF35
013A
FD8F
FDCF
0179
FD9E
01F5
0272
01DE
FE4C
FDB9
0254
FDAA
FD60
0198
028D
0103
FE39
FE3A
020D
FE23
0260
023D
FD5B
0224
024C
FEA0
FDC0
01B6
FDBE
01DE
FE30
FDB8
FDEB
018F
0179
FE5A
FE6F
FD76
023F
FDF5
01F2
FD8E
FD7E
0244
FD96
FDA8
FE4F
FE0E
FE82
0242
0238
0284
01EF
0222
FDEE
FDBA
0290
0225
01C4
FD84
FDDF
FD6D
025F
01F4
FE29
FE05
FE79
FD7A
FE69
FDE7
FE09
FD73
FD47
FDA7
FE70
01AA
FD89
FE35
FE79
021F
0296
FE78
01D8
0179
01A6
02A2
0188
0177
FE27
01B0
0268
FE27
FE70
019B
FE6F
020D
FDD3
01E8
01A1
0187
01A8
016F
0280
FD8B
FE4A
01C6
01F0
01A5
0199
01F5
0289
FDE4
01F7
023A
0225
01AA
FDEE
FD36
0240
FE4D
FDF0
FE1B
FDD1
0180
FDF5
FDA3
0245
FD7F
0189
0024
006B
FFE6
0009
FFAE
0081
FF63
003F
0047
FFA0
FFDC
0043
0077
0017
FF91
FF5F
FF63
FFA0
0004
FFB2
FF97
0098
FFD9
FFFE
FF86
007D
FF94
FF74
FFC9
0083
FFFB
FFEC
003D
007A
003C
004D
0019
009F
FFC1
FF9D
004F
001C
FFCC
0083
FFB3
0045
0012
FF8D
002E
FFC5
FFB3
FF83
0015
005B
FF97
FFF9
FF87
00B2
0080
FF75
0019
000C
005F
FFAD
FFAA
FFB5
00B6
0070
0046
0093
0068
FFD8
003D
000D
FF7B
0097
00B5
FFCD
FFAC
003D
0058
0035
FFAA
0049
004D
FF6F
FFFF
FFA2
0042
FF6C
FFE8
0061
FFB6
004C
FFAB
001B
FF46
005D
FFCF
FFAD
FFFD
FFB3
FFB6
0065
0040
0078
0034
001E
FFC3
FFD7
0054
FFCA
0033
002B
FFE3
FFE2
FFDB
0034
FFF1
FFA4
0021
000C
0021
0007
0084
0001
0021
FFFB
FD97
FD04
02B9
FD7C
0318
027F
02B1
FD20
FDC2
0211
FD5B
FD72
02C8
031C
00E1
FDE5
FD9A
0203
FDD5
01E1
02AC
FD38
023B
032C
FEFE
FE29
030C
FD99
0275
FDEF
FD65
FDE6
02A4
028B
FD3A
FD46
FD85
0223
FDF8
01F9
FCEF
FD66
01DE
FD66
FDE5
FCF9
FD59
FD15
0212
0225
02E1
0250
02BF
FD3F
FCFA
0300
0281
02FD
FD54
FDD3
FDBA
02F1
0262
FD66
FD74
FC98
FCE5
FD60
FCF6
FD1A
FCD1
FD54
FCC1
FD67
03B2
FCCB
FD62
FD26
02D2
02B8
FD16
036B
039F
026C
03B2
0289
0310
FC7F
037F
02DB
FD63
FCB9
02D7
FD0C
02D0
FCA8
02C3
031A
035C
028A
030A
036F
FCBC
FC88
03AE
02F6
0345
033E
030E
0330
FC64
02F6
03B4
03B1
02AF
FD57
FD26
0375
FCF4
FD7F
FD33
FD52
0345
FC91
FC72
02F5
FCFE
0314
FE90
FDC3
0145
FE63
027D
01AA
0223
FE0E
FDC1
022C
FDCA
FE36
01E9
023A
0195
FD8A
FE18
020C
FDC2
0134
0263
FD97
01FD
0227
FF7F
FEC5
01B4
FDFD
023D
FE1E
FE51
FDAA
01C3
018A
FDE0
FDB7
FE76
016F
FE48
016F
FEAB
FE9A
01FE
FDFE
FD9D
FE9A
FE02
FE54
020C
0209
021A
0226
020E
FE97
FEB0
018C
01E7
01AF
FD8E
FDB7
FE92
0167
0193
FE4F
FDDF
FEAE
FEDF
FE6D
FE02
FE5B
FDB5
FDB7
FEF3
FEC6
0230
FDEC
FEC5
FED7
01C0
0128
FE61
01AB
01F2
01DA
0152
01FA
0182
FE93
0201
0259
FE67
FE86
021D
FDFC
0181
FE25
0143
0234
0142
0151
01B9
0220
FE7D
FED3
01FE
021C
015C
0233
0125
01BC
FE04
0217
01FB
01A3
01AA
FEC7
FE09
016C
FE0E
FE41
FDEC
FE1B
01D4
FE89
FE0F
020D
FE1F
017F
FE35
FEE3
015D
FEB7
01A2
00DA
00E1
FE30
FEF9
00ED
FE42
FF27
0117
0123
006F
FEAB
FE34
00C7
FEDB
007E
016B
FF30
00D1
00E6
FF00
FF47
0160
FE99
016D
FEF3
FF18
FE2E
01E4
01DF
FE7E
FEA0
FEA0
0159
FE9B
0115
FF25
FE84
0131
FE94
FE93
FEE2
FEDE
FE53
00CC
016D
0112
0113
0107
FE83
FE2A
0198
0111
01D4
FEFE
FEC5
FE2F
00C8
018C
FED2
FEA8
FF22
FE0A
FEDF
FE49
FE0D
FE05
FEC3
FF08
FE8B
00F6
FEB5
FE32
FF09
0190
0148
FF03
01F9
00F8
020A
01F9
00E4
0137
FE3D
01AA
0161
FED5
FE40
0184
FE31
0112
FEDF
00BE
0208
018C
0128
010D
01FA
FE27
FE43
013A
00F1
00EA
01EB
0113
00CE
FE4E
0113
00F3
013A
01A3
FE55
FE26
0133
FE90
FE6B
FEB6
FEC8
01ED
FE40
FEEC
0105
FE3A
01FF
003B
FF72
003C
FF52
002D
FFE9
FF75
FFDF
FF86
FFDC
004B
0018
00A4
0027
0089
FFD2
FFE3
FFE3
FF57
0009
FFB9
FF63
002A
005F
0080
008B
FFBA
FFB9
003A
FFC8
FFE9
0076
001C
0075
FFAB
FFAB
FF7C
FFB4
008E
FFD2
FFD1
FFFF
0003
FFF4
0078
004A
0058
0059
FF74
009D
002B
0049
FFD0
FF74
0027
FFD7
0021
FFB1
FFFE
FF96
FF97
FF8D
FFF0
FFE4
FF7A
FFAD
FF6E
0062
0081
008D
FF91
FFDE
006C
FF59
FF82
006A
002A
006D
FFB9
FF91
0057
0031
0065
FFFC
0011
FFE0
FF85
002D
003E
FFDE
FF68
FF8F
FF9C
FFE8
FF99
FF6A
0013
FFC0
0016
FFB9
FFDC
001C
FF76
0061
FF8E
FF96
006E
FF98
008F
0064
0000
0053
FFFC
FF71
FF92
FFF5
001E
007B
FFB6
0006
FF73
FF63
0066
FF8B
007E
FFF3
FFD9
0027
FCF4
FCE9
0261
FD16
030C
033C
0283
FD30
FD5C
0254
FCEC
FD63
020F
022C
008B
FDE1
FD65
0268
FDFD
01CB
0328
FD79
01C9
023D
FF5C
FD83
028F
FD00
026C
FD15
FD26
FD42
02D0
02ED
FE12
FD62
FD37
02F3
FD3C
02A0
FDA3
FDF5
013E
FCD8
FD3D
FDC1
FCD5
FD6D
01CD
029D
02B4
033F
0200
FD42
FD2C
024A
02AA
02F2
FDBF
FDBC
FD93
02D0
02A9
FD56
FCB4
FC73
FC74
FCA4
FD57
FCD0
FC43
FC38
FD9D
FCE2
034A
FCC0
FCF5
FD40
0311
0307
FD2B
0326
02A3
02F9
0299
02B8
0390
FC56
02CC
032C
FCB7
FC5F
038C
FCAB
02CA
FCE5
026E
02F9
02E9
0393
02B7
032C
FD48
FCB8
0362
0292
030B
03B0
0357
02F7
FC8D
0312
030B
0286
0391
FC5B
FCD4
0378
FD6B
FCC9
FD05
FCDB
037F
FC4F
FCB3
03B5
FC52
02AE
FDA7
FE2E
01D2
FDB2
01DB
0249
0264
FDE7
FE2A
0239
FD3A
FE3C
02D2
0218
0243
FD04
FE02
022E
FDD4
01B1
022F
FD90
0221
0203
FDB3
FE0C
02AB
FD5D
024D
FD90
FDA9
FD63
01AB
02E4
FDB4
FDBE
FD88
026D
FDDC
02A2
FD88
FDC4
02A1
FD4D
FE42
FD13
FD37
FD8F
0296
0262
02EF
0211
01E5
FE27
FD50
023D
025C
02D0
FDB5
FD84
FDD8
0242
01B4
FD5F
FDE1
FDD9
FDCA
FD46
FDD9
FE26
FE10
FD2B
FD9B
FE07
01F3
FDEE
FDC1
FD5B
021E
02F8
FDC3
01F7
01F4
01E5
02F0
020C
02A8
FCE7
020E
02D8
FD20
FE0F
02BF
FD6F
01EF
FD5F
02F8
0225
0247
02F6
0291
0240
FE26
FD9A
01F0
0248
01EB
021A
020D
0277
FD88
01FE
0208
01F1
0264
FD06
FCAB
026D
FDD1
FDE0
FCDD
FD16
02BB
FD01
FD4C
024F
FD44
02E1
0011
FFBE
FF9E
008F
001C
006A
FFE6
0097
0092
FFBF
FFE8
000C
0063
003E
0031
FFFA
0093
FFA7
00A8
004C
003D
FFF3
006C
FFD6
005C
002D
FFF2
0054
FF55
FFBE
0072
0039
FF88
FF60
00A5
00AA
0045
FFF6
0023
0072
FFF4
007B
0013
FFF5
003C
FF9E
009C
0086
FF8B
0077
FFBB
FFF9
FFFF
0046
0095
FF44
FFDE
FFA4
00A2
FFF7
009A
0009
FFCA
0098
001D
006A
007F
FFF8
0011
FFDF
0006
0034
FFB6
FFBF
0048
001E
FF9C
006B
FFB0
FFAE
001E
FF78
FF78
000A
0061
002E
FF6D
0042
FFCA
FFAD
FF8C
0067
FFAB
FFB7
0039
FFD7
0042
FFC1
FFE4
FF7F
FFAA
FF57
0082
0083
0073
FF73
FF7C
FF5F
FF72
0066
0046
0098
0071
FFA9
FFCC
000D
0017
0061
FF7F
0040
FFD4
FFF4
FFBC
0094
FFCD
005F
FF9D
007E
FDE0
FE8D
017C
FDF3
0200
028A
01AA
FE6A
FDBD
01BC
FE98
FDC5
0218
017C
00B8
FD68
FE45
0169
FEA1
01EC
0292
FDC3
01FA
020A
FFAC
FE13
01C5
FE99
0145
FDC5
FDC2
FE6C
01A8
01CD
FE86
FDAE
FDCD
018E
FE3C
0195
FE11
FDCC
01C5
FDCA
FDB5
FE2C
FD99
FE7D
0179
014F
0242
026E
0185
FEA1
FDFE
01E7
0172
017F
FE4E
FE58
FDD3
0153
01F3
FEAB
FD87
FD44
FD58
FDAB
FDB5
FE16
FE01
FD9B
FDF5
FDC4
024E
FDBE
FE2A
FE1E
02CD
01F9
FE09
0221
019D
02A4
028D
01A1
0200
FDA3
02C4
0240
FD7C
FDB2
029F
FD86
01FF
FE32
01D6
026D
02C0
0275
020D
02E9
FDC1
FD56
01EF
018C
0279
01C3
029F
01E4
FD28
01DB
02A9
01AF
0253
FDBE
FDB0
0248
FD88
FD6D
FDC2
FD78
0210
FE09
FE47
024F
FDE3
0270
FE7E
FDF0
02A1
FDD6
0270
0298
024E
FDD3
FDEC
0262
FDB0
FE35
01BE
0271
0168
FD6F
FD7B
01A5
FD88
026C
01FE
FE52
01C0
0196
FEED
FE25
027F
FE40
01D6
FDFF
FE81
FE17
0203
0180
FDC2
FDD4
FE0F
01E1
FDFA
0249
FDD6
FDD8
019F
FD67
FDB5
FD57
FDDC
FE80
0237
0286
0232
01F0
020F
FE49
FE08
01AA
01A1
028A
FE3A
FD7C
FE76
0271
0219
FE3B
FDEE
FE59
FE8C
FDF7
FE0B
FE5E
FDC3
FE7B
FE41
FD91
01D0
FE34
FE7D
FE51
0229
016B
FDD4
0273
01D8
01B9
0267
022F
01AD
FDF2
0252
0271
FE75
FE45
01BF
FE71
01D6
FE2D
0230
01B7
01E3
01B4
0271
017E
FE60
FE08
01BC
0175
025B
01E6
01D3
0208
FE79
0147
0210
022C
01F8
FDAC
FE81
023F
FDF3
FDA6
FE50
FD93
01E6
FE4A
FE67
0167
FD73
015F
FD0A
FCF3
028C
FD91
0225
026E
01EA
FD78
FCF3
02DA
FCE8
FD12
02A4
023C
01F7
FD3C
FDCE
02A3
FD38
027B
030C
FD0A
01F2
0289
FDB7
FE0A
0289
FCFA
0260
FCD3
FDD3
FDC6
01DF
0242
FD06
FDDF
FD61
0207
FDF8
02D2
FD71
FCDB
020A
FDD0
FE1D
FCC3
FD8C
FD6C
02C7
01FE
0264
0243
023D
FE1F
FDEE
02E0
02FA
0244
FDAC
FD63
FDA6
02F5
0281
FDA1
FCB1
FDAA
FCDF
FD73
FD12
FDC7
FCF5
FD83
FD40
FD14
02BB
FD28
FD94
FD7D
027E
02FC
FD2B
0325
02EF
0237
02C2
0235
022C
FD5D
028E
0314
FDA8
FDC1
0334
FD30
0209
FD07
02F7
02A1
032B
026C
0248
0294
FDB1
FDDD
02CF
0251
0288
028C
02A2
023C
FD82
0316
0296
02A5
024B
FCF0
FD63
020B
FDB9
FDD4
FD27
FDCA
02C3
FDEC
FD94
02E4
FDC4
02CF
FDFF
FE6F
0201
FD88
01A0
016C
0224
FDA4
FE95
01D7
FDF5
FE92
0161
018F
00B9
FDA7
FEAD
0161
FDCC
013B
01AD
FE70
01FC
0210
FF2A
FEA3
015E
FE29
0278
FE19
FE3C
FDED
017C
022B
FECC
FE85
FEA7
0182
FEAA
01B0
FE64
FDA3
0174
FDDA
FE14
FDC1
FEA8
FDE7
0177
027A
025F
0284
015A
FDC3
FE2B
025B
01B3
0252
FDF4
FD98
FE9A
027B
01E1
FE74
FEA9
FE36
FEEE
FDEC
FE51
FE07
FE8F
FE4E
FE95
FE74
0117
FEDC
FE94
FEC5
01BE
0158
FDF9
018D
01C7
01CA
012B
0212
01D1
FEB7
023D
01DE
FE18
FE9E
016C
FE56
015C
FDD6
01CB
019D
0159
0137
01E4
01D2
FE63
FEC9
0135
012A
0206
01B4
0157
01F3
FE1D
01D1
01B0
0175
01CD
FEA4
FE24
018A
FDF5
FE5B
FE8E
FDBC
0128
FEB9
FE23
0141
FE63
014E
FD9F
FDD6
0152
FDC1
01BD
0193
018A
FDBE
FDA1
01CF
FE89
FE00
01AC
0217
01CC
FE20
FE60
021F
FD7D
022B
026F
FD7F
0221
0170
FE9D
FE08
0257
FDFC
0255
FE77
FDC4
FEAC
01F0
026C
FE96
FDDC
FE0E
0194
FDE5
0256
FE14
FDB4
027D
FE67
FDF5
FE35
FDBE
FE48
023C
0185
0201
0209
023D
FD9B
FDC2
0234
01D7
0205
FDAC
FD9C
FDDB
025A
01C5
FE93
FDDC
FE10
FDD5
FE37
FDD1
FE18
FE58
FE15
FE22
FEB7
019B
FDCD
FE95
FDBF
0215
018F
FE1C
0271
0129
0123
019F
0214
0182
FE6F
025B
0280
FE24
FE7F
0215
FE57
0181
FDF1
022D
01BD
0160
01B7
018B
023E
FE7B
FE0F
0216
01A1
0145
0136
0152
0217
FE6E
020F
01C6
018E
0137
FE51
FE64
0131
FE04
FE24
FE53
FD8F
0196
FE53
FE26
01EF
FDE7
0221
003F
001F
FFD1
FFE3
0085
0058
002A
FFDD
002E
000A
FF7D
FFD9
0070
00E3
FF94
FF8E
FF3E
0002
003E
FFDD
FFCC
FFA8
00D2
0053
0040
FF77
0097
FFB4
001C
FF72
FF33
FF64
001B
0073
0030
FF9E
FF93
FFD6
000A
FFBD
FF34
FF66
FFA1
FF37
FF6D
FF4A
FF8E
FF03
000F
002B
0002
0086
00F3
FFD0
FFD9
00BD
FFD5
0029
FF0E
FFF9
FF91
0018
0085
FF90
FF32
FFED
002E
0001
FFD6
FF3F
002C
FF53
FFEC
FFF8
00F8
003C
FF96
FF53
000B
00BC
FF4F
FFF1
00DF
007F
0031
006D
FFD7
FF12
FFE3
0029
FF14
FFBD
005A
FF58
00BE
FF46
0056
00FA
00C6
0018
0020
003A
000E
FF42
00BA
00E9
FFCB
0034
00F3
0016
FF65
0094
0009
0073
FFCE
FF81
0003
0077
FF5F
FFB5
FFF2
FFC9
00B9
FFAB
000A
00AB
FF67
008B
FE51
FDBC
0183
FD33
021F
0278
025E
FDB3
FE44
0237
FE40
FE39
01EE
01DA
00EF
FD77
FE6B
0277
FD60
016A
027A
FE00
026A
0286
FFA6
FE02
0217
FD6A
019B
FDB2
FD7B
FE79
0297
022D
FDD9
FDAC
FE0E
01AA
FD97
023B
FE02
FD8A
01E5
FE2A
FE4A
FD84
FE3C
FE95
0244
018C
0238
026D
0162
FE52
FD9A
0188
022D
0241
FE17
FDA8
FD8A
0260
017B
FE3C
FD07
FD0F
FDFD
FDAD
FCE4
FE12
FDA3
FCE6
FD7A
FCDE
031D
FD43
FDDA
FD2C
030D
0248
FD4D
026F
01E0
025F
0209
02FA
02FA
FD1B
02BE
0227
FD42
FDC9
0334
FD7F
0211
FD72
0288
0325
0237
024C
0256
02D5
FCFC
FE03
0313
01EB
02E8
030F
02B1
02EA
FD1C
024F
0282
0290
0214
FD75
FD3C
0233
FCEE
FD69
FDD0
FDCA
02B8
FDD1
FCBB
02B7
FD75
026F
FE9E
FE17
01AF
FE90
0264
017B
0235
FE83
FE5E
0202
FE3F
FED0
0219
01F1
014A
FDC5
FEA4
016F
FDE5
0141
024F
FE72
01AF
025D
FF12
FEAD
01BF
FDBD
01EB
FDCE
FDEA
FE5A
0199
0230
FDA9
FDDE
FE0E
024A
FEBE
01CE
FEA0
FDCC
0181
FE99
FE76
FDF0
FE61
FE0B
0267
01D4
0266
0275
0252
FE0E
FE3E
015B
01A3
0173
FDA0
FE6D
FDFE
0243
01DA
FDC2
FE17
FDBB
FE17
FE20
FE63
FDC0
FDFA
FDEA
FEC9
FE08
01D2
FE6F
FE8F
FDB0
0129
0240
FD88
01F3
01D0
0148
013B
01CB
013F
FDBD
0198
0170
FDFF
FDF6
0184
FEA5
0225
FDF7
01F7
0274
0181
01B2
0169
0219
FE28
FE52
01C5
013A
01BA
0223
0182
0242
FDD4
01D6
01BB
014E
021E
FE8F
FE5A
0137
FE7B
FDA7
FE19
FE95
012A
FE94
FEB1
013B
FE19
0246
FDAD
FD21
0290
FDB7
02E2
024A
02A2
FD03
FE14
02C3
FD5B
FD4C
021B
01E2
0211
FD8B
FD53
01F3
FD26
01E2
0242
FE26
025B
01EA
FE4F
FE08
0218
FD69
02D9
FE10
FDD0
FD6B
0214
0264
FDF0
FDBD
FD1F
02CE
FDE3
0288
FDDD
FD16
0234
FD27
FD1B
FDBC
FD98
FDE0
0205
0265
029C
026C
01ED
FDE0
FDAE
024C
02BF
01D7
FD5E
FD6E
FCFD
0280
0271
FDCF
FD1A
FDD9
FDA9
FDF1
FD7F
FD52
FDE8
FD49
FD2F
FD0E
02E9
FE01
FD44
FCFD
0297
02CA
FDC7
025A
0233
01FF
025A
01D3
01DF
FD73
0201
02B7
FCF3
FE0D
021F
FE16
01EA
FD57
01E5
02AA
02B2
02A3
0201
024C
FD9D
FE0E
01FA
029A
024A
0301
02E3
026B
FD76
01C7
020C
02F9
0226
FD0F
FD00
02C8
FDD2
FD5D
FDD4
FD28
02A1
FD07
FD0A
0247
FD5F
0241
FDC1
FD18
02B0
FD9E
025F
0294
026B
FCF1
FCE6
02CF
FCB5
FDA7
0301
0300
01B6
FC7D
FD05
0339
FCE5
02AE
02B4
FCCE
02BB
02F7
FE9D
FD86
02E5
FD9F
0328
FD1B
FCEE
FDC5
032F
0333
FD7B
FD2F
FD10
029A
FCBB
0300
FCC6
FCA7
01E3
FD7D
FDC8
FD28
FCA2
FD12
0358
0335
0301
0265
02FC
FD5A
FCE2
02B7
033A
02A7
FCDA
FD02
FD33
025F
030D
FD77
FD1A
FCC3
FD1A
FDD4
FCE2
FDC2
FCED
FD48
FCD0
FD05
02F3
FDBC
FD2B
FD18
025C
033C
FCFD
0340
0280
0297
02CF
02E0
025D
FD73
02F5
0312
FCD2
FCDE
02A6
FDDA
0303
FD07
0308
027A
0254
02AD
02EA
0371
FCBA
FDBE
031B
0274
031B
02F8
0282
029B
FD6D
0254
0339
02BD
0233
FD5F
FD70
0292
FD8F
FD7A
FD22
FD8F
028D
FDC2
FCF0
023A
FCBF
034B
FD8B
FD2C
027D
FCD6
0245
02EB
0273
FCEA
FDF8
02D1
FD2C
FDCB
02B6
0325
0216
FCF2
FD74
0265
FCFA
02A4
023F
FD75
01DB
02E6
FDCA
FD0E
027F
FDE3
02CE
FDC2
FE2E
FE11
0292
0298
FDA0
FD18
FDC2
02CB
FD4A
02D4
FDD3
FD87
0298
FD70
FD16
FDB0
FD20
FD43
0256
0306
02FE
0283
01EB
FDAB
FD1D
02BC
027A
0275
FDEE
FD75
FDD0
02DE
02AB
FD2F
FD6D
FD65
FDF4
FCF1
FD0A
FD86
FDBC
FCD8
FD76
FD6A
032B
FCF2
FD9B
FDB4
0209
0318
FDA4
02A9
01E6
01E8
0236
0234
032D
FCED
02E1
02D5
FD66
FD6F
02D8
FCE0
02CC
FE1C
029B
021F
026D
0213
02D9
0298
FD2F
FDD8
02AC
0216
0285
0221
02EC
0275
FCDB
02B7
0233
0222
021F
FD01
FD24
0318
FCE4
FCF6
FD57
FD50
02EA
FD3D
FCEE
030C
FD30
0240
FE15
FE61
0235
FE6E
0281
01A6
0175
FD81
FE02
0271
FE23
FDA9
0208
0247
0184
FE74
FE75
01FA
FE6D
015B
0188
FE4E
01BD
01CE
FF0D
FE85
028D
FE0B
016A
FDF6
FDF6
FDFB
021C
01F2
FE07
FE92
FE47
015B
FE9C
0156
FD8E
FE15
01FB
FE4A
FE3E
FD61
FD97
FE6C
017F
0207
01C8
018D
0195
FD9F
FDA6
0183
0185
0211
FD8E
FDF7
FE58
022A
0210
FDC0
FE29
FE2A
FD6A
FE07
FE2D
FD87
FD70
FE4B
FDA1
FE10
01FE
FD9F
FE0A
FE77
0278
01F7
FDD7
0191
0198
01E5
01AD
021D
0297
FE5D
01D6
01C8
FDDC
FDD7
02A6
FE0C
01C2
FD9B
0273
0233
0234
025E
0236
021C
FE1F
FDAF
0237
01A5
0263
0259
0295
01E3
FDF4
0176
01E6
0262
028D
FD73
FD5A
0282
FD89
FDE3
FDE9
FD4F
01A0
FE30
FD46
0201
FD48
020A
FE69
FE05
01E7
FD64
02A7
01CF
01D7
FD5F
FDBE
02A6
FE2B
FD51
01AB
01CC
0193
FE2D
FD76
0222
FDB0
0239
01DB
FD4E
01B6
01A1
FEED
FDBD
01DC
FDAD
0272
FDDF
FE7D
FE73
01BF
01EC
FDCB
FDBD
FDBD
0235
FDA9
019D
FD7C
FD84
026B
FD84
FE65
FDEC
FD81
FE2A
021B
0195
022A
0229
01D6
FE52
FE5B
0216
01DC
01CC
FDA4
FDBC
FDCE
021D
01D9
FDA3
FDF2
FE3A
FE5B
FE56
FE2A
FE83
FDF7
FE40
FDC6
FE58
0234
FE2B
FE0A
FD8A
0262
0205
FE6D
0189
01E7
0166
01BF
01A8
0271
FE59
01EC
02AC
FE14
FD98
01B6
FE4F
0213
FE36
0255
01A7
01B1
01A6
0163
02BF
FDD6
FD5A
0198
01E7
021F
0248
018C
0226
FE16
0286
018A
01A9
0254
FE2F
FD36
01D6
FDF5
FE44
FE3B
FE1A
0269
FD5F
FDBD
028E
FE46
0228
FFCE
FEFC
0085
FFCC
0111
00B5
005E
FF4C
FEE1
00DA
FFAD
FF27
0041
0035
004F
FEDA
FF2F
0064
FFCC
0062
0100
FF39
001D
00AC
FF6E
FFEE
0067
FEF0
012C
FF7E
FF96
FEC2
0084
00E1
FFD8
FF58
FFF3
011D
FFBF
FFF8
FFDB
FFE1
FFAE
FF96
FEDB
FF8E
FF50
FF6E
00AA
010F
00E9
001D
0122
FFB4
FFBC
0134
012C
00D1
FF9F
FF08
FFDB
0089
00BD
FFE6
FEDA
FF58
FEE7
FF75
FF62
FF15
FEFA
FFB3
FF79
FF22
00BB
FF12
FED1
FE9E
012F
00AA
FF5A
0098
00F1
00B2
013D
00BF
0156
FF4F
0166
00D0
FF0B
FF6E
0092
FE9B
00D3
FEB3
0040
0101
0174
0131
0183
0084
FF2D
FEDE
00D5
0171
00CB
0155
00ED
0147
FEF5
00D0
0087
012F
00E7
FF81
FFBA
006E
FF7C
FEF3
FF6B
FEBB
0068
FF37
FE96
00B8
FF1D
0079
FFDC
FF6B
FFB5
0090
FF96
FFDD
0010
FF8C
0014
0029
008F
FFDC
0027
002D
FF47
0033
003C
003E
0094
FF73
006D
00A4
FF34
001C
00A7
00AD
0076
FFB7
FFA5
00B8
FFEB
0019
FF6D
FFE1
006F
FFC7
001A
FF7D
002F
0059
0097
009A
0027
FFAF
000C
0084
FFE5
0060
FFF4
FFA4
0011
0030
0032
009D
FF9E
FF44
FFF9
FFEB
007E
0081
000F
FFD5
FFB5
FFC5
0019
003E
0048
FFC1
005A
FFE4
FFD7
FFE3
001F
0096
FF88
0067
FF90
FFF7
001A
FFD6
008D
FFC4
FF56
FFA8
FFC0
FF95
0010
0033
FFBC
FF92
001F
0048
006D
000D
FF87
FFB9
FFAC
0004
FF81
0022
FF75
FF5E
FF82
FFD0
FFFA
0019
FF94
FF8B
FF95
FF9A
0004
FF4F
0018
004C
FF49
FFF7
FFE9
001B
0098
FFBA
0054
FF97
FFB7
0098
00A1
0028
0089
FF97
FF1F
FF82
FFC7
FFD2
006A
FFD0
FFC8
FF41
FFD9
004F
FFA5
FF57
00C0
00A8
0069
FF5B
FF4A
004E
0004
0018
0035
FFB7
00DD
0012
FF9A
FF80
FFED
FFD9
FFCA
FF2A
000D
FF82
00F9
00D4
FFDA
FF9F
FFD6
0077
FF71
00A4
FF65
FFD8
003A
FF95
FF7F
FFE6
FFD2
FFBF
00F7
FFF3
FFEA
00F6
007D
0000
FF77
0003
FFFF
00CC
FF12
001B
FF9E
00CF
00E6
FFAC
009E
0020
002A
005B
0062
006E
005F
0065
0003
FFC0
0008
0030
006E
FF7B
FF95
008E
FFCE
0079
005F
003A
0005
FF85
007D
FF7E
0061
FFCA
FFF8
0074
002C
FF7E
0091
0071
FF7A
FF66
FF81
FFE4
0014
FF65
FFD2
004F
006A
0080
FFBD
FFD9
008B
FFA8
0049
FF95
0081
FFD9
FF7D
0032
007E
FFC2
004D
0072
FF8F
003B
FFB1
008D
FFDB
003F
002B
FF66
FD17
FDA2
0211
FCD5
0211
027A
0293
FDD4
FDEC
02C9
FDBA
FD13
0218
02F6
019E
FDD3
FD88
01D8
FD51
019F
0262
FDFC
0244
026A
FE0E
FE09
029D
FE11
026E
FD09
FD1B
FE3C
02AE
0263
FD4A
FE20
FD2C
027C
FD6A
0226
FD09
FD02
01B2
FE2C
FDC1
FDC8
FD81
FDE4
029B
01D3
020F
01D7
0271
FE0E
FD59
0268
021D
027D
FD25
FE02
FD0E
02F0
01ED
FD6C
FDCA
FDE9
FD8E
FD7E
FE1B
FE1D
FDEA
FCDB
FDBA
FE16
02A5
FD43
FDFA
FCF9
02D2
02F3
FDF5
02CF
01CA
02F6
0238
02F3
029B
FD03
0303
02EF
FCED
FDBD
02E0
FD40
0210
FDE8
02AF
02D3
02DF
02E8
02BC
0257
FDEF
FDE7
01E6
0240
02D5
023B
02D9
0268
FCFF
0233
0259
029D
0301
FD9E
FD4C
01F2
FDCA
FD49
FCEA
FD14
02E0
FD63
FCEA
0246
FDBA
0217
FF51
FFE2
0044
FFD4
FFDE
0014
008C
0061
000C
0014
002E
FF6F
0054
00B8
0063
FFE9
FFF1
0064
0063
FFC3
FFD2
FF5D
003D
0044
002B
FFFB
0025
FFE7
00A0
FFE0
0014
0068
000E
0071
FFD2
0067
FF9D
FFB3
FFDA
FF94
FF83
FFFF
FF89
FF83
FF70
FFDA
FF93
FFF2
006D
0007
FF93
009E
FF98
FF7F
FF86
002E
FF8D
0044
0012
FFA0
FF70
FFB6
FFA8
002F
FF81
0085
008A
007F
0078
FFA8
0095
0006
0080
0051
FFBF
FF60
0043
0057
00A3
005F
0008
FF82
0039
FFEB
0072
007D
005F
0067
0026
0034
0053
FF84
0085
FFED
FFA8
006C
0076
0070
FF86
008B
0061
00A0
007A
008C
FFBC
FF81
FF9C
0022
0072
FFF5
0089
FF82
002D
FFB9
0022
FFD4
FFE3
0064
FFE2
FFEF
FF95
FF72
0047
FFAF
002C
0066
002F
FFBC
FE15
FE1A
0289
FDC9
020B
0296
0265
FD5E
FD3F
01C6
FD85
FD63
01C0
02AF
0107
FE34
FDDB
0231
FE46
025A
02AF
FE4B
01D3
023A
FE9B
FDAF
0264
FDAA
0209
FDAF
FDE0
FE1E
0226
0273
FDCB
FDF7
FE52
01C3
FD66
02AC
FD66
FDE0
016D
FDE9
FDA6
FE4F
FD97
FD5E
022C
01CA
01B5
0228
018B
FE10
FD5B
0282
0265
01ED
FDFE
FD82
FE47
0218
0182
FDD3
FDF1
FDC8
FDAF
FE2E
FE5A
FD94
FD84
FE00
FD50
FE38
01D1
FE1C
FDD8
FDD1
01CA
0268
FDE9
025B
02B0
028F
021B
0266
0269
FD3E
01DC
02AC
FDF0
FD2E
0252
FE08
0262
FD55
01FF
020D
023E
01CE
02AD
0297
FD9B
FD96
0296
023B
01D9
01C9
022A
022A
FD0C
01C5
0218
029D
019A
FDA4
FD75
01D7
FE20
FE04
FE14
FDD0
0297
FD57
FDA7
027A
FDBD
01B9
000E
FF9D
FF95
FFFA
008D
FFB0
FFB7
0050
0023
FF71
FF95
007D
FF86
FFAA
008B
FFE1
FFA6
0089
FF75
00A2
0019
0041
0006
FFF8
0046
005A
FFC8
FFBC
008B
FFD4
0063
008C
008E
FFF8
0049
FFB6
0089
0073
0095
FF6A
0011
FFD5
0070
0049
FF69
0053
FF5A
FFB2
000F
FFDE
FFB1
FFFC
00A0
FF93
FFBC
006F
007E
00A6
FF96
0013
FFF2
003A
FF72
FFD8
FF93
0089
FF7A
005E
FFC3
FFEA
FF8E
0020
0075
007D
001B
FF76
0048
003F
004A
004B
FF6C
FFA2
FFD7
FF9B
0070
000B
0094
0035
FF75
FFC3
FF83
FFC9
FFE4
003B
0003
0029
008A
0050
FFF1
FF9D
0011
FFEB
FFC3
0040
FFC0
FFB8
0081
007E
002A
0073
FFE7
FFC4
FF96
FF75
0097
008F
FFAF
FFE7
0016
006E
0043
FF9C
0086
FF99
FFE3
0093
FF62
FF92
FCD7
FDA3
02AC
FDC2
028E
0265
01F0
FDDF
FD11
0318
FCC5
FD19
02D4
030D
0140
FCFB
FDDC
025C
FDB5
02E7
033C
FD4C
021B
02FA
FEC9
FDE8
02E2
FCDA
025A
FCFB
FD67
FCD1
02AF
0306
FD74
FDD9
FCE7
0259
FD95
022F
FDA4
FD06
01DE
FD9B
FDE5
FCB7
FD43
FD4C
025C
02E5
02D5
02DC
02D2
FCF9
FD4D
029C
0309
0235
FD8F
FD37
FD2B
0257
029F
FD7C
FD9B
FD3B
FD22
FD58
FDA5
FCD7
FCEE
FDC3
FD2C
FD93
024B
FD37
FDBE
FDDF
02DD
021D
FD47
030D
029A
0314
030F
02D3
0296
FDDD
0256
0243
FDBF
FCDE
031F
FD4A
0276
FDDC
0235
0363
025B
0297
0295
02F8
FD54
FCB7
0260
0319
031C
0306
02E0
026C
FDA1
02BC
024F
0335
030B
FD36
FD1D
023D
FD14
FD30
FC99
FCF9
0310
FD26
FDDF
0274
FDCF
02BD
FFC9
0024
FF67
FF92
0001
0021
FFD9
FF74
FFCD
FF9D
FFC3
0071
0084
0034
0066
0052
0083
001D
006D
FFF8
FFD5
0077
000D
001D
0061
FFAB
FF82
FFA8
006F
FFA2
FFDA
0065
FF94
FFFE
0087
0035
FFE2
FFBB
FFA3
FF83
FFD6
002C
FF86
0083
009E
FFE1
0059
0011
0089
008F
FFC1
FF7E
0054
FF98
000D
FFFF
FF8A
0081
002F
FFB3
009D
FF6F
FFA5
FF7A
003B
FF72
FFCC
0085
FF72
FFBA
FFDB
FFA4
000F
FF8D
FFE0
FFE9
FF86
0060
008F
0063
008D
FFE8
003D
0007
FF91
000F
FFE4
0006
001A
FFA9
004F
FFCF
0042
FF95
FFFC
0088
0044
0063
FFD0
0046
0080
FFD8
FFB2
0055
0049
FFD2
0008
002D
0097
001D
FF81
FFD2
000A
0006
FFF8
FF84
FF89
006D
006B
0075
0070
007D
FFBF
004B
0032
FFF6
FF98
008C
FFA7
0021
FF93
FF86
0074
00A0
001C
FFA9
0088
001A
FFE0
FF8E
0004
FFCD
FF85
FFC9
FFD5
FFB7
005A
FF95
FFB9
003D
006D
FFD2
0068
0062
001D
FF8D
004B
FF96
FFC3
0010
0041
0081
005D
FF78
FFCE
001B
0051
006E
FF5E
FFE9
FFA3
0046
0031
FF72
001D
005F
0052
002F
001A
0097
FFEB
0011
FFA4
0000
FFB1
00A9
0007
0029
0029
001E
FFB6
0032
FFDE
0042
000A
006D
FFD0
FF62
FF77
FF6F
FF96
FF98
FF7F
004E
0084
0075
0010
FFB8
FFAA
FFF6
00A3
FFE1
0000
002B
FF73
006E
FFFD
008E
0089
FF8F
004A
FF88
0067
008D
0024
0083
FFCA
0007
009A
007E
FFC1
FFD0
005D
FF89
FF9D
008F
FFA6
0017
FFFD
FFC4
FFE0
007B
FFC0
FFB5
0019
FFAC
FFBC
FFCD
001B
006F
FF9E
0008
FFD3
0012
0079
FF97
FF59
FFAF
FFE7
0033
00CF
FFF7
00B1
FF4E
FFE3
0056
FFCC
FF83
0053
00C5
0013
FF6F
000C
004C
FFAB
FFD2
00BB
FF57
0011
00DE
FFA6
FF3E
002A
000C
FFF1
0040
0036
FF6D
FFC7
FFF0
FFD7
FFF7
002B
FFD7
FFC8
002A
002E
0042
FF88
FFE5
0022
0027
FF6A
000A
FFD0
001C
0086
00D1
FFFE
FFB7
003C
FFFA
00AF
0016
FF26
FFA7
0048
FFF6
006E
FF83
FF4B
002D
FFF2
FFF5
004E
FF8F
FF69
0018
000D
FF6F
0091
FF88
0015
004C
FFB7
00B2
FFB7
009E
FFFD
0099
FFE0
FFED
FFF4
FF58
0033
0087
0020
FFC7
FFAB
FFDE
FFD7
003B
00C3
006D
00C6
00B2
0068
0023
FF24
FF69
FFD3
FFDA
00E4
FFFC
FFC4
00BF
FF64
00DE
00D0
0094
00C8
FFBC
001E
FFCE
0052
FFFF
FFBE
FF22
00B8
FFC3
FF64
FFED
FF81
0056
FEAE
FE44
0236
FDB4
01FB
01E0
015F
FE64
FE6D
016B
FDF5
FE6B
017D
01ED
015A
FE76
FED0
020F
FEBA
0128
01C2
FE2B
014C
01FD
FF47
FE9E
0197
FE29
0135
FE19
FE54
FE1E
01C6
017F
FEAD
FE5C
FE73
020D
FE38
024A
FE65
FE5D
01BB
FE36
FE36
FE39
FDB7
FDC8
016D
018A
0144
0163
01C2
FE54
FE69
015C
0124
022F
FE3E
FE0F
FE5A
01A7
017F
FE72
FDC6
FDA5
FE6C
FE20
FDD4
FE7D
FDE8
FD76
FE15
FDEA
023F
FDD0
FDA4
FE55
0239
017E
FE5B
0192
0196
016A
026E
018F
0222
FD9E
021B
01BF
FE58
FE3C
0228
FDD2
01FE
FDC7
018B
0167
0186
0265
0238
01A4
FE5E
FE9A
0207
0210
01F8
01CE
01A3
01D0
FE37
01A2
0208
018A
0150
FD69
FDAA
01C7
FDAA
FDB0
FDD9
FE83
0167
FE00
FE11
01AC
FE78
01F1
FF19
FF33
005B
FF5F
0048
00C4
009C
FFF5
FFC2
0085
0005
FF7B
00D7
002D
FF25
FFD3
FF8B
00DD
FFB4
FFD5
011F
FF1D
FFF1
000E
FFDB
0017
0058
FF6E
0028
FFF9
0046
FFB4
011D
0123
0008
FF26
FF1F
00AE
FF35
00A7
FF4E
FF75
FF98
FEFD
FF5A
FF61
FF6F
FF12
0092
0086
00F8
007E
00B3
FF52
000C
00C2
008B
0055
FFFC
FF45
FF97
00F9
007C
FFE8
FF6D
FFC6
FF40
FFBE
FFD5
FEDE
FEF8
FF8B
FEE7
FF1F
0058
FF63
FEFD
FFAE
00DE
00C7
FF3D
0036
00C0
0090
011C
00AA
00E2
FF8B
00F2
0018
FF74
FF64
00D5
FED2
0081
FF28
008A
0082
00A1
0034
006F
00B0
FF84
FFB2
0069
00DE
00F0
008D
0037
0124
FEF3
00D5
0037
0057
0142
FF1B
FF2D
0046
FFB9
FED6
FEDC
FFD6
0040
FF5C
FEFB
0125
FEBD
0068
FDB6
FE5D
0184
FDB1
0165
0178
01E2
FE6F
FE94
0253
FEA5
FE6F
01AF
020D
007C
FDBD
FE1E
0266
FE6D
020F
013F
FEC0
01B2
0135
FF06
FEA1
0215
FDAA
024B
FE8E
FE3C
FE8E
0163
01DD
FE9F
FE79
FE4B
014B
FE7A
022F
FE08
FDD7
019F
FE5A
FEC3
FE1D
FEA8
FE88
0201
0140
018A
01AB
01E2
FDC8
FE1E
01BC
0176
01C4
FED1
FE27
FDB2
0248
01FC
FE6C
FE49
FDDB
FE46
FE64
FE19
FE3C
FDC4
FDA6
FEA6
FE74
0273
FD9D
FDD9
FE59
014B
0183
FDC8
0265
019D
01A7
0181
01FF
0234
FDA9
01CE
0253
FDE6
FD86
0166
FDD8
020A
FE7B
0147
0181
0145
01A8
01A8
0188
FE18
FDB2
01EC
01BE
0255
015B
01FD
0162
FE7F
0231
01EB
0218
0190
FE82
FDB9
0199
FE45
FDA2
FDB7
FE08
0229
FE90
FDF5
0174
FE61
01DE
FEA5
FE01
01E7
FDFF
0170
01D9
0110
FE2A
FDFE
0160
FE15
FEF9
015F
0227
00F9
FE2E
FE3E
0172
FE50
0167
0237
FDCB
018A
0183
FF5D
FE6E
0182
FED7
0127
FE2A
FE70
FE8E
0190
0224
FE2F
FE15
FEBC
01C5
FECF
01EC
FE22
FE0D
00C6
FE6A
FED6
FE9D
FEE4
FE35
0126
0194
0213
0128
01CD
FEDF
FEA4
0127
01A0
0126
FE67
FEE7
FE5D
0205
0194
FE70
FE04
FDF8
FEA0
FDAC
FE3C
FDA7
FE31
FDF4
FDA8
FDE8
017B
FD95
FDDD
FE12
0236
0265
FDD5
016C
01C8
0170
022F
01EF
0206
FE1A
014C
0166
FE15
FE6A
01C9
FE7F
01FD
FDBD
0228
0262
0181
0250
0245
019B
FE13
FD8D
017A
014A
0269
0168
025D
017B
FE43
01E2
0173
0271
0241
FDBD
FD98
026C
FE76
FE87
FDDF
FDFB
01FD
FDD3
FE7A
020C
FD8E
01BB
FD6C
FE25
0214
FD9E
0201
02C1
0247
FDD9
FD4C
02B2
FD35
FDCA
02D8
02AB
0242
FE12
FDA8
0223
FE12
01FF
027A
FDE4
02E6
0266
FE4E
FD0B
02DE
FDF8
02D6
FE01
FD48
FD49
01A9
0264
FDF8
FDB3
FDA8
0204
FDBF
0244
FD15
FD66
0185
FDE4
FE3A
FDF0
FD2F
FDFE
026D
01A3
02A9
0258
01B9
FD31
FDD3
01E9
0271
0215
FD89
FDEF
FDD4
0294
01B8
FDE4
FDED
FD14
FD2D
FD65
FDC4
FDD1
FDEC
FDFD
FD52
FDA7
0276
FDE1
FE22
FDAD
01B2
02A4
FDC3
0252
01CF
01EC
0233
0201
01D4
FDC1
0252
029E
FDF4
FDEF
024A
FDE3
025C
FDD3
0268
02B7
01AF
0259
0215
01F3
FE5A
FDC1
01F2
01C3
0288
028F
026E
02D3
FDF0
019B
0281
01F4
01D7
FD55
FD3E
028C
FDEC
FDC4
FD80
FE0F
01CA
FDC0
FD13
022B
FDF8
02B5
FE5F
FE4C
01B3
FE4D
0139
014E
012A
FED8
FDD8
01BC
FE2B
FDD1
0137
0211
00C9
FE62
FEDB
0119
FEAE
01F9
014F
FE17
020A
01CD
FE6B
FE35
01DB
FE96
012D
FE90
FEEB
FDCF
01CC
0245
FE65
FDA2
FE2F
0236
FE8E
0206
FDB4
FDC7
01AE
FE31
FE8C
FEC1
FDB8
FE5D
015D
0255
01A0
01D8
0189
FE1F
FE76
01EA
0154
01C4
FE6A
FE5E
FDD2
020C
01A4
FE90
FD9E
FD9C
FDB9
FE40
FDC1
FDD5
FE9B
FD69
FDB1
FE0B
026E
FDF8
FD9C
FE90
019A
0164
FE45
01A7
0213
01BA
0234
01E2
0258
FE71
01C3
01B8
FD80
FDFD
01E8
FE35
01AF
FE5C
0140
01CF
020E
023F
01DC
023F
FDAE
FEAA
0162
01AB
015E
0234
0188
01BC
FE94
01FF
022D
024E
0149
FE5A
FE01
01C4
FE3E
FE4B
FE1C
FE0A
0191
FDE5
FDE1
01E0
FE09
0177
FDDF
FE0E
0208
FD63
0287
022C
01A0
FDD6
FDB8
0291
FE12
FDA1
01F9
01ED
01A2
FD6B
FE43
020F
FE0B
01C1
01F1
FD95
017B
01ED
FE8E
FE3C
01DD
FD8F
0236
FE55
FD73
FDA1
025C
028E
FD72
FD88
FE5E
01F9
FDE1
0245
FDFB
FD9A
0212
FE8D
FE17
FE29
FDF9
FE6B
026D
016B
0291
027B
01F6
FE45
FE0A
0256
0186
01D4
FE0A
FDF4
FDDA
0197
0283
FE04
FDCF
FE00
FE2D
FE66
FD95
FE8E
FE76
FE95
FE41
FE76
019D
FE9A
FE67
FE54
01D4
0276
FE1F
01DF
0159
0220
01FF
01D2
01F2
FDFD
021B
025D
FE4A
FE6C
01B3
FEA1
0264
FE1E
01FD
01BC
0265
0260
01A2
0186
FE35
FE31
01A8
017D
017D
01B4
019E
0187
FD6A
01F7
01FA
0241
0217
FDC8
FE03
0288
FE98
FE70
FE4F
FE7E
024A
FE8B
FD89
0240
FDCA
019F
FDFF
FE3D
010A
FDD2
01EB
01BE
01F1
FE4B
FE9D
01A8
FDE5
FDE4
01BC
0195
00D6
FE1A
FEB2
0128
FE99
00B3
0194
FDEF
01B7
0234
FEF1
FEA5
0236
FED8
01BB
FE1F
FE1D
FE8B
0122
0146
FEA5
FE1C
FDCE
0179
FE53
01C9
FDCD
FEF7
009D
FED3
FE9C
FE37
FE90
FE31
00E9
017C
0195
014C
0151
FE9D
FE01
01C7
020E
013D
FEBB
FDE4
FF02
0141
0188
FE48
FE62
FE93
FE30
FEDD
FE1A
FED2
FE53
FE1D
FE36
FECD
017A
FED6
FE5E
FEBF
016C
0123
FE91
01E1
0138
0171
016D
020A
01EB
FEC1
01DC
00FE
FF10
FE59
0195
FE2C
0126
FE72
01B6
011B
0183
020F
01C2
0133
FE16
FE01
010A
01D2
01EE
0111
0128
01D2
FE10
01A5
0225
0184
01C8
FDE4
FE91
01F7
FEC4
FF0A
FEBC
FE68
01E6
FE94
FE02
01A7
FDE1
01CE
FE77
FF08
0125
FE81
0138
0206
0197
FE24
FE8E
018C
FEC6
FF39
01DF
01AF
0110
FEF1
FED6
017C
FEEF
019C
0147
FE14
01AA
019F
FEE2
FF38
01E3
FE2D
01CC
FF2B
FEE4
FF05
013F
00CB
FEA9
FE3A
FEA9
00EC
FE48
012C
FE74
FEF0
00AF
FE01
FF21
FE4F
FE99
FEDD
019B
014C
016E
0164
01CC
FF47
FED5
00D9
01CB
01C1
FEB9
FE9B
FF37
00D0
01DD
FEDF
FF71
FF61
FF95
FEFB
FF1C
FF62
FEFE
FF2C
FEA4
FF03
00D9
FEDB
FE7E
FE88
017E
0166
FF04
00FD
0080
0121
00C2
00F6
0196
FE94
0148
012B
FF19
FEED
019B
FE99
014E
FF5E
0074
0072
0172
006B
0075
0121
FE8F
FE80
009D
0191
00D2
0090
0120
00E7
FF85
0197
00E1
0078
017F
FF24
FE72
008B
FE92
FEA5
FF1E
FF3E
0133
FF35
FEE5
0143
FF54
016F
001E
0068
FF3F
FFEE
0004
FFE0
0029
0066
00A9
FFAA
0041
FFE4
002B
0041
FF99
0000
00A1
001B
FFAA
FFA4
FF98
00B6
FFCF
004C
FFC0
FF8F
FFB5
009C
005C
FFA9
0003
000A
0000
FF7A
FF94
00C6
FFF8
FF8A
0015
FF71
0040
FFE5
0005
00AD
FFFC
00A6
FFFF
0039
FF61
000E
FFF8
FFDB
FFFB
0063
006B
0059
FF65
FFA4
002F
FFBE
FFF8
FF43
0043
0092
0010
FFAE
FFF8
FFF9
00BA
003F
0036
00B3
00B3
FFAE
FF68
FFEB
00C3
00BA
0001
FF70
FFE0
000B
FFC2
FF41
FF90
FF5C
FF5E
002B
FFD4
FF5E
FFF8
000C
FFE1
FFC7
FFB1
FFBA
FF87
006F
0058
FF4F
FFEC
FFE0
FFFB
FFC3
FFA3
FFCC
FF59
FFEF
FFB1
0022
FFFE
0021
0010
FF47
FFDB
FF98
0012
004F
FFFD
0080
0065
FFB4
FFAA
FFA2
003C
FF61
FFE6
FFE7
FD60
FD92
0216
FD57
02B6
02E9
01DC
FD6E
FD9D
0208
FDC8
FD53
01FA
01D2
0235
FE17
FE53
02D1
FD91
01B0
02C5
FD63
0294
01BA
FDD1
FD40
027E
FE19
01F4
FDA1
FD5C
FD65
0217
01BF
FE42
FE15
FDB4
0237
FE10
02BE
FD88
FDF0
01B1
FD7D
FDE2
FD63
FD46
FD82
02C5
01C0
02D6
0250
02A2
FD77
FDDE
0243
024B
01D5
FD79
FDEC
FD42
01EB
01DE
FDAF
FDDC
FD7E
FE0F
FD6D
FD75
FD6C
FD9B
FD2E
FDA3
FD55
0287
FD63
FE53
FE06
0226
0231
FE51
01E3
01A4
0219
02AA
021F
02C9
FD66
01E2
02BA
FDB3
FE42
02D9
FD3D
01D4
FE33
0287
01F6
01EA
02AD
01EE
01B2
FDA4
FD9B
02B2
01D3
01ED
02A6
022F
01AC
FDE9
0266
0287
01F5
01C9
FE1D
FDE3
01BF
FD38
FD62
FD14
FD75
021A
FE16
FDA6
0200
FD4E
0231
FD2E
FE09
0265
FD1B
032E
0276
02B8
FD94
FD52
0326
FCEC
FD00
0322
0233
00C9
FDF3
FD1B
021D
FDCD
017F
025F
FDB7
01C4
02DB
FEE9
FDDD
022F
FE02
024D
FD4A
FDB4
FDAC
0239
0280
FE23
FDF6
FD8F
021F
FDC1
01DF
FD05
FD22
0237
FCF1
FE01
FDC5
FD4D
FD63
0232
0319
0254
02A7
0323
FDB1
FD7B
0315
0238
023A
FDE5
FD4B
FD48
02EB
027D
FD6D
FD77
FD2A
FDBF
FD93
FD20
FDC8
FD48
FCF9
FE0A
FD03
02A9
FD47
FD66
FCC8
0224
02D9
FD3E
029A
02EB
0237
02A0
0255
02F8
FCFB
026C
0256
FDD3
FDA2
0310
FD1B
02AA
FD64
026E
02EC
032F
0320
0343
0354
FDA2
FDAF
02C6
022D
028B
02CC
02AB
02EF
FD23
0220
023A
023C
0346
FD24
FD8E
02E6
FD9B
FDE2
FD1A
FD03
031E
FDC0
FCE6
0337
FCE1
0299
0074
FF79
FF89
0044
FF6A
006D
FFEC
FF9D
003D
FFEA
FFDE
006F
FF8B
FFC1
005A
0063
0040
0097
0007
FFE7
FFD8
006B
0062
0077
004D
0046
0071
005D
0089
002F
FFCF
008B
FF83
FF69
FFC3
FFD6
FF8A
005A
FF88
0035
FFCE
FFCA
0009
005B
FFEE
0054
0068
FFC8
0015
0083
FFED
0040
007B
FFD3
FF6E
FFFD
0049
0010
001B
FF75
FFBC
FFAA
FF95
FF9C
FF6A
008F
FFFC
0030
FF7E
006D
0007
0006
FFF9
005F
FF8E
FFF6
005D
0006
003C
0016
0027
FF96
007F
FF9F
FFC3
FF96
FF76
0097
0044
0023
FFBB
FFCD
FFA7
FFD5
000C
FF7C
0006
0066
FF83
0021
0038
FF9B
006C
FFC3
FFD6
FFF4
FFF0
FF87
0058
FFC9
006D
FF66
002E
0014
0062
006B
FFC8
0053
001F
0054
000F
FFE8
0025
003C
FF71
005B
0095
0075
FD66
FE5B
01AC
FE4B
01C9
02E3
016F
FE33
FDAF
0222
FE1C
FDF2
02CE
025D
00FA
FD9A
FDC9
0288
FDA4
012E
0224
FD47
01E4
0295
FF25
FDF9
020E
FDFA
02AF
FE05
FE58
FDD6
027B
02A4
FE6D
FDE4
FD73
0278
FE5B
0208
FE04
FE31
00EC
FD83
FE1A
FE4D
FD47
FE5E
026A
0250
019F
0281
02B4
FD7D
FD5A
0189
023C
0289
FE22
FDA9
FE42
0239
01A5
FD9F
FCC2
FD13
FD8B
FCDB
FD49
FD5A
FDA3
FCC1
FD22
FCC1
0283
FD66
FDB3
FCBF
0332
030B
FD1B
02CA
0295
025E
0333
02FD
02B8
FD94
0279
02AB
FCCA
FD76
02BA
FD1F
02FC
FD43
020E
0330
023B
0239
02D3
0228
FE00
FD5A
033A
02AB
0283
027A
0342
0258
FD47
0265
031A
026D
029B
FCD5
FDA7
02DD
FDA5
FDF8
FD6B
FDE7
02B0
FDB3
FCEB
0292
FD21
0328
FE82
FE8B
0235
FE27
01ED
01B7
01D3
FE29
FE66
019C
FE76
FE55
012C
01FD
012D
FE42
FEA1
0200
FEC7
0193
020A
FDD9
01D0
0237
FE99
FE21
023B
FDFA
0230
FE66
FF01
FE87
0218
0188
FE13
FEC1
FDB6
017E
FE60
01AE
FEC2
FED9
00DF
FE13
FEDE
FDB8
FE21
FEB0
01E6
0227
01FF
0139
01F9
FED1
FE2E
01F6
0224
022F
FEE3
FE7A
FDF3
0190
012B
FE2F
FE2B
FDEE
FE33
FEDF
FEEF
FE65
FE57
FE40
FF21
FE2D
019D
FDFC
FE5E
FE60
017F
016C
FDEC
0183
00FB
01CC
0156
0208
0218
FE89
01A8
00F0
FEB4
FE8D
020B
FE51
01CC
FDFA
0160
0125
00F8
0214
01E1
0175
FDE4
FE16
01C2
0168
021D
01E3
01BF
01E9
FEB3
01B2
012A
01E1
0174
FE65
FE79
0162
FEB2
FE70
FEDB
FE63
018F
FDFE
FDEB
0142
FE6C
019C
FD52
FDB3
024F
FD26
021D
02DD
0223
FD79
FCDC
02A6
FDBF
FDD8
028B
0305
00FD
FD68
FE1E
01D8
FD30
0243
02E3
FD17
01DA
01E8
FF18
FD39
02D3
FCFF
02A0
FD80
FE1D
FDE0
02B0
0223
FDFE
FD7A
FD3E
02A8
FE2E
02EF
FD88
FDFD
0272
FD71
FDEC
FD70
FD25
FD07
01D2
0226
02C9
021B
0237
FD97
FDB9
02B4
02D0
0269
FCEE
FDBA
FDDC
02AB
02E1
FDE0
FD0C
FD7B
FD9E
FD51
FC9F
FCDB
FDB6
FCA1
FD44
FDAA
032D
FDB5
FCD0
FD67
0322
0334
FD23
02C8
029D
034A
02FC
0293
036C
FD4D
035C
02E0
FDC9
FD1F
027D
FCA9
0274
FDDD
0254
02EA
02E9
030D
032C
029C
FCB0
FCDC
0331
0213
024D
0286
0353
0265
FCEE
024D
0340
02C9
02A6
FD18
FCD6
024B
FD0F
FCEB
FD24
FCA4
0272
FCB6
FD29
02A2
FCA6
02D8
FEF6
FE4D
0192
FDE2
01FB
0208
0110
FE67
FE63
021B
FE46
FEF4
0239
022C
013D
FDAD
FE5B
011B
FDFB
0194
0253
FE46
0189
017E
FF2F
FDF8
01F7
FE0C
0219
FE62
FE61
FEC8
01EA
01D4
FEF6
FEC9
FDD3
01E9
FDF0
015A
FE6C
FE65
012A
FEE1
FE45
FE0E
FE08
FDE2
0185
01B5
01D0
0160
016F
FE78
FE9B
0214
0133
0212
FE55
FDF0
FED9
016C
011E
FDBB
FE8E
FDF7
FDB9
FE42
FE22
FDCB
FDF1
FE7F
FE0C
FE31
0236
FE7E
FE1A
FE3A
022E
01FA
FE78
0269
023B
0220
0155
01EE
0268
FE80
0193
0191
FDA0
FD85
023C
FEB0
0222
FEAD
014E
01A0
0131
0208
0149
0187
FE66
FE08
013F
0186
01BB
0239
0216
024D
FD99
0143
026D
0241
022E
FE8B
FE99
0168
FE2C
FE57
FDF6
FEC5
01CA
FE0E
FE05
0148
FECC
01B9
FE0C
FDBB
01CC
FDEF
0283
01A3
023B
FE1C
FE3E
01C7
FE00
FDF5
01B3
01A3
00DA
FE07
FDAD
0252
FE11
010C
01FF
FEA4
01CB
023E
FF8E
FEC1
017D
FDB1
0152
FE05
FE14
FE7F
0178
025B
FEBE
FEAC
FE94
0188
FE6F
0253
FDA7
FE50
0094
FEAF
FDFA
FDB0
FD90
FE71
0172
019D
01AD
0233
0220
FE2A
FDFF
0216
022E
01BD
FDD9
FDA9
FE65
01F0
019A
FE81
FD33
FD6C
FE33
FDC3
FD0C
FDEA
FD69
FDE6
FD5D
FDFA
0224
FD38
FE23
FD4A
02DA
027E
FDB6
028F
026E
0274
0296
0244
0200
FE09
0213
025E
FD11
FE21
02B4
FD8B
0298
FDCB
028F
0202
023E
0202
028C
01EE
FDB7
FDA4
024D
0264
0251
022E
02D5
01D2
FD22
029A
0218
025D
0212
FD9E
FD77
020A
FE24
FDF0
FD15
FD71
020A
FD79
FD83
024C
FDC3
0225
FCC5
FCD6
0341
FC68
0353
0378
032F
FCAB
FCA9
036E
FC9F
FCA3
0361
0370
0252
FCA7
FCD8
0345
FCAC
02F7
0385
FCA4
0338
0315
FDB2
FCBF
033D
FCAC
0346
FC98
FCC9
FCDC
0329
033A
FCC5
FCAA
FC95
0319
FCB1
033F
FC9C
FC98
02BA
FCD3
FCE3
FC8F
FCA2
FCE3
0339
0328
0363
0345
0323
FCCA
FC98
0356
032C
0311
FCC3
FCC9
FC98
033D
032C
FCD4
FC0B
FC2B
FC46
FC4B
FC4F
FC69
FC3A
FC03
FC3E
FC4D
03C1
FC63
FC56
FC23
03C9
03CC
FC27
03C7
0379
038F
03D8
03A1
03C9
FC16
03F1
03F4
FC12
FC17
03E4
FC37
03AC
FC62
03A7
03E2
039E
03CF
0393
03F9
FC68
FC47
03B1
0367
03C5
03BC
03AB
03DE
FBFC
0395
03E7
03D3
03B8
FC11
FC03
03A3
FC3B
FC70
FBFB
FC34
03A5
FC45
FC04
03D2
FC2D
03E0
FF61
FF05
FFFB
0022
00C4
0028
0053
FF7C
FFC6
00FC
FFAD
FF42
00DC
006A
00C9
FFD7
FF24
0026
FF12
000E
005F
FF4E
0066
0019
FF82
000F
003D
FFAB
00B6
FF4F
FFB0
FFA0
00B7
FFD6
FFEB
FF81
FF1A
0008
FFA6
003E
0018
FF64
005D
FFCF
0015
FF35
FFD4
FF2E
0084
00F7
00E2
0048
0032
002B
FF03
0052
FFDF
00EA
0004
FF4E
FFD3
00B4
00CB
FF4E
FFDD
FF9D
002B
0030
003D
FF38
0037
FFD0
FF5F
0028
00E3
FF7E
FF62
0004
FFDD
0050
FF68
00BE
007A
0020
008A
0075
005B
FF92
00B3
007C
FF8B
FF52
007B
FF4A
0020
FFE9
00BB
FFE2
004F
00BB
008D
0096
FF98
FF91
0051
FFE1
006C
0057
00BF
0058
FF04
00EA
00AF
FFDA
00E2
FFC2
001F
00C3
FF7B
FFD5
FFC1
FF0D
FFD9
FF2A
FF36
00DC
0002
007F
FEE8
FF1C
0036
FECE
0156
00E8
01BE
FF6B
FE94
00BB
FF2C
FF7E
00CA
0147
0120
FF41
FFC6
014D
FE96
014A
0070
FF06
01D8
00AE
FE40
FE0A
00F4
FE83
0082
FE59
FED5
FEC3
0027
0189
FF57
FF7C
FE9A
002E
FE6A
015D
FF9E
FE4A
01F4
FEDA
FED8
FF14
FFA1
FFDA
01F6
0122
00B5
00B6
00CA
FF58
FEA9
00BA
0167
0117
FF12
FEFD
FF35
013E
009E
FF13
FFE6
FF96
FFB8
FF80
0023
0035
FF54
FF7B
FFE3
FFEC
00A9
0015
FF71
FFB0
0036
00F4
FFB9
0085
FFB1
003F
0091
0023
00C7
0003
0006
0077
FF84
FFD0
FFE6
FF84
0057
FFF5
01AB
00E6
0067
FFFE
00F0
00B9
002D
FF84
FFED
FFBF
00A9
00D2
000F
003D
FED4
FFB8
0063
FFE1
FFDE
FEF4
FEAB
0019
0012
FF43
FF6E
FF8B
0027
FF2D
FF54
0092
FF53
FFF5
0064
FFFF
FFE3
00D9
FF7B
FF63
FFA9
00E2
0078
FF44
00C5
FFDE
FFFF
FF61
00D0
0005
0061
FFB1
00F5
FF7E
0001
FFEC
FF86
000A
FFE1
0018
FFD2
00AC
FEEC
002D
001D
007B
FF42
FF8E
00D1
0099
0064
FEFD
00DB
FF91
0053
00EC
FFEA
00D4
FFEB
002D
00F3
007D
FFAB
FFB7
FF6E
FFAC
FFF1
00FF
00A7
FF59
FF50
FF56
009E
003B
FFF1
FF9C
FF03
003F
00E9
0121
009A
00C8
0056
00B9
0075
00A7
00F6
00F0
FF52
FFF6
0085
0049
FEEB
FF70
0035
FFCD
FF3F
FF0D
FFE5
FF89
FF18
0068
FFCF
FF6F
00B7
004B
FF7B
0070
FF70
00B5
FF8B
FF03
FFF1
FED7
FFF3
FF7A
00D2
0079
FF81
FEDA
FF97
FF93
FFC2
FFDF
0053
FF14
FEE1
FEF2
FFB6
009A
0128
FEE5
0070
005F
0148
00EC
FF28
0062
006B
FF34
000A
FF6A
FEFD
FE54
015C
FE3C
01D7
0192
00B3
FDF8
FE42
017C
FEC7
FF03
0154
010C
005C
FEE6
FECC
00F8
FE91
0199
01BB
FE29
0105
01FD
FF4B
FE52
0137
FE5B
0100
FF22
FF2B
FE80
0184
01C7
FF0F
FE4D
FF02
0162
FED3
01DD
FF06
FEAC
00E9
FE6B
FEE8
FE0C
FE78
FF08
00CD
0206
018E
01DE
0190
FE3F
FE33
015A
013C
0158
FDF3
FE51
FE3C
01CC
01E8
FEA5
FF93
FF27
FFB6
FEAB
FEBA
FF64
FF57
FFAD
FFB1
FFA3
00D0
FF7A
FE97
FEC3
00F7
004A
FF6D
0151
011E
00FC
00AA
0153
0138
FEA2
00D2
011B
FF07
FF6C
014F
FF24
00FD
FF8A
00A3
0151
010E
00A2
0084
0109
FF88
FF5A
005D
0151
00CC
00ED
00CD
00F9
FF73
016B
0020
00AD
011E
FF23
FF7A
005B
FF0A
FEB4
FED4
FECF
0165
FECB
FE85
00CF
FF2E
0039
FFBB
FFC7
00E9
FEFE
00B4
00C8
0140
FF3D
FEAF
0083
FEFE
FFB9
00A9
008D
00CB
FFA4
FFF9
0030
FF99
0099
00D9
FF8B
005B
003A
FF18
FF7C
012D
FF19
0064
FFB7
FFA2
FFC7
006C
00FB
FF03
FEC0
FF73
00BB
FF8D
00C7
FFB0
FEB4
0043
FF4A
FEE0
FFBD
FFC4
FFEC
00DF
0014
00F3
0075
0000
FFBA
FEEA
0090
0048
012A
FF71
FF72
FEF4
00A1
0041
FF7E
FF77
FF1A
FF6F
FF80
FF73
FF3B
FFB6
FF6E
FEDF
FF78
0081
FF33
FF46
FFAD
005B
00DE
FF66
00FD
00F2
FFF3
00A2
00C7
0058
FEED
0016
0084
FF60
FF2E
00E9
FFE4
00EB
FFFA
0073
00B5
003B
0087
0109
011D
FFF2
FF6A
011D
003C
00F4
004B
00F3
001D
FFBC
00B6
008E
003C
0121
FF47
FF97
0101
FF53
FF60
FF59
FF85
00D8
FEEF
FF09
0022
FFE4
00BE
0231
024B
FD5F
025A
FE3C
FD79
FDAF
01FD
0292
FD3B
01D0
0213
FDB8
FD9E
FECD
01B3
01D0
FD5C
02B0
FE9E
FD3E
01EF
FE3E
FE2C
0174
01AA
FD5A
01CF
FE37
029B
01FF
01D1
FE1F
FE55
01EE
02A4
01E3
FD4C
027A
FDE2
029D
0289
FE6D
019A
01E6
01C1
01B9
020D
FD9C
FD97
FDE9
FE35
FD9C
0232
022C
FD6A
FDB0
FDE1
0196
029C
02A6
FD8E
FDF5
0288
02AA
02CB
01B6
0277
01EC
0281
025F
0261
0203
0264
FDF9
026F
01F7
0216
FD7D
FDF0
02C1
FD31
FDE3
FE2D
FDC1
FE24
FDF1
01DD
FD53
FDC1
024E
02EA
FDC7
02BE
FD28
01DE
FDAC
FD3D
FE40
FDE7
FD2D
FD8B
01CF
028D
FD3C
FD48
FD5A
FDAA
FD70
FDED
025B
FE38
FCDD
FE25
FD82
02D1
02D4
FDC2
02BC
0223
027F
022F
FDB0
01A9
027C
FD60
01FB
FD6E
FED0
FE5B
0155
FEA2
0126
017B
0173
FE4E
FE29
0212
FDFD
FDD3
01BE
018A
01D1
FE57
FE06
014A
FEAE
01FE
016E
FDAA
01A4
01FF
FECB
FE72
018B
FDF8
01FE
FEB9
FDD6
FEB4
012E
022D
FE82
FDF3
FEAA
01FB
FE55
01DF
FDB3
FE5B
0174
FDF5
FEC9
FE18
FE7E
FEAB
0216
01CB
022E
018C
021F
FEC5
FE56
0203
01CD
0138
FDCE
FE63
FE53
0165
0179
FE8C
FEA6
FE2A
FEB1
FF37
FE99
FEC6
FEAA
FE7D
FF1C
FF13
0141
FEF0
FEC4
FEC2
01AE
0186
FF28
01F1
0180
0102
01AD
00F4
00E2
FE47
01FE
0155
FE98
FF1A
01B9
FE1E
01AA
FE01
019A
01D9
0103
00F9
011A
012B
FEF7
FE8C
01D9
00C6
00C6
013D
01C8
0110
FEB4
017B
00F3
01AE
00C2
FE61
FEA1
00EF
FE31
FEC0
FEFB
FE7E
01FE
FEFC
FE15
01AD
FE54
010C
FDD7
FDD9
0193
FE3D
0216
016C
0115
FE49
FDBD
0161
FE87
FE74
0195
016A
003C
FDEE
FE41
011F
FED8
01A3
0127
FEC1
017A
0202
FFC6
FEB4
01F4
FEC7
01D0
FE66
FDE5
FED7
0235
0117
FEA5
FE4D
FE4F
01EB
FE85
017F
FE8F
FE2A
01A8
FECB
FEE1
FE3A
FE03
FDBB
01B6
0222
01F5
0206
0246
FDCA
FDD4
0161
01FA
0198
FE36
FE8A
FDF5
01AA
01AF
FEC2
FD5D
FDE6
FE62
FDF8
FE1C
FD6C
FE48
FD85
FDA5
FE30
0296
FE3B
FE16
FE5D
0254
01DA
FDCD
0296
0203
0202
01CA
025F
0272
FE26
023C
01E6
FE81
FE38
02B1
FE4F
0226
FE03
01FA
02B2
02A5
0218
023D
0223
FDEE
FE04
0253
0239
0256
022E
020D
024A
FE23
0267
01DE
018D
02AE
FD60
FE08
023E
FE7B
FD80
FE36
FE05
029F
FDF6
FE4F
023B
FDF2
01C3
FF90
FFAF
0016
0013
00CC
FFCA
00EA
FFE7
FFE2
00F5
FFDD
FF8C
0092
003E
FFE6
FF59
FFE7
FFC6
FFE1
0093
0014
FFC0
009B
0024
FF79
0014
0015
002E
007A
FF1A
001C
FFC7
FFEF
001B
FFC9
FF77
FF17
00AD
FF95
0090
FF6D
0018
009B
0011
FFE9
FFE9
0034
FFB1
0043
00A0
00A9
00DC
FFCB
FF61
0006
0034
FFF2
FFDE
FF47
001F
FFB5
0061
0043
FF44
FFCF
FEE1
FEFA
FF11
FF19
FFE1
FF07
FEF5
FFAA
FFB5
0113
FFB0
FF60
FF69
009D
0017
FFAA
00D8
0083
0013
000D
0050
00F1
FFA7
00A7
00AB
FFEF
FFA5
0045
FF3F
0028
FF78
0113
00F3
00CB
00BE
011E
001E
FF5A
FFDE
001F
0034
0090
002A
0070
00FE
FFC2
004B
0012
0033
0033
FEFB
FFAF
00C5
FF63
FFDD
FFF9
FFCB
00DD
FEF9
FFFE
0124
FFC1
008D
FEC9
FE4C
018B
FE9F
021D
0127
0138
FE1D
FDCF
01DA
FED8
FDE4
0140
017D
0144
FEC1
FE7B
016D
FE9D
01B4
021C
FE7D
01AB
01F4
FEFF
FE86
0210
FEFB
0219
FEB4
FE3C
FE09
01C5
014B
FDE8
FE92
FE6B
018F
FE69
01D1
FE12
FEF7
00E9
FEF9
FECA
FE9D
FE54
FDE4
01CD
01D9
01F7
0105
01A9
FE7A
FE8D
01C0
01DB
0127
FE85
FEF5
FE41
01A5
01A4
FEB2
FED3
FEFB
FE76
FE14
FE80
FEEF
FE0E
FE76
FE84
FE14
0170
FE12
FE16
FF08
0172
00FE
FDF4
01D5
01FC
0202
01A1
0103
0157
FE26
0157
0233
FE44
FDD2
0163
FE9E
012F
FEC7
01AB
01A4
0195
0106
011E
0221
FEA8
FE86
0136
010B
01A6
010B
0182
01EE
FDDE
0216
01AC
01CA
01E8
FE01
FE6B
01F1
FEE4
FEAE
FE0C
FE74
00E1
FEF2
FF04
01A3
FE36
0107
02E9
02C0
FD55
02C0
FD30
FD8E
FD22
0248
01F2
FDDD
0235
01F9
FD46
FDF8
FDE7
02FC
01FB
FDCF
02D7
FD43
FD4E
02D9
FD51
FD4D
0162
020E
FE1E
0301
FD36
026D
01DF
0239
FD18
FDD9
029B
02E4
01EF
FD46
02A9
FD18
02E8
0259
FE3C
025B
0277
026E
0250
0275
FE06
FD61
FD46
FD16
FDD6
025F
0231
FD74
FD21
FD4F
027A
0200
029C
FD86
FDA6
0210
0246
0278
02C6
020B
028A
0235
02FB
02CD
0203
0273
FDB3
0277
02EC
0279
FD4D
FD92
02B8
FD81
FD76
FD01
FD35
FD9F
FD2A
02C3
FD74
FCD7
025A
02C7
FCF2
026D
FCEC
0247
FD86
FDC6
FD87
FD64
FD17
FCFF
01F0
0230
FD24
FDE5
FD20
FD21
FE1E
FD8D
030E
FD6A
FD34
FD59
FD3C
0247
02E5
FDF1
0265
02F0
02B9
0228
FD0A
02E3
0269
FD16
02E7
FCEF
023F
0293
FCC2
0273
FD49
FCED
FCBB
033D
02A8
FD2D
0288
02F6
FCFD
FCE8
FD9B
026B
029C
FCC6
02D0
FD24
FCF8
02E0
FDD0
FD97
019E
02E1
FD32
0348
FC9D
0302
02BF
02B8
FC8F
FCAF
026E
0291
0298
FCC4
0246
FD22
02E1
02A9
FE2E
0354
0317
036A
0312
032C
FDAD
FC7B
FDA2
FD2D
FCB5
026A
026D
FC85
FCCA
FCC1
033F
0333
0330
FCEB
FC8C
0331
033E
02FC
03CB
0418
03C0
036B
0351
03C3
036A
0309
FCCF
02BB
03F5
02F4
FCCB
FC85
0336
FC63
FC4D
FCA4
FD11
FC34
FC3A
0376
FD03
FC39
0386
041D
FC86
03CB
FCC8
033B
FC95
FC0F
FC48
FCF7
FC35
FC0A
0379
03FB
FC70
FC54
FC20
FCD2
FD28
FC24
038F
FC7F
FC72
FC2D
FC74
037A
03F0
FCA5
03DE
02E0
03FB
03EE
FCA9
03B1
02CC
FD0D
032C
FCC5
FEB8
FF35
00AD
FF57
00CE
00A6
00AD
FF15
FE7D
0090
FED5
FF35
0196
010F
00DF
FE96
FEC1
00ED
FEA9
015E
0108
FF00
00F5
00E8
FF1B
FEAE
0135
FF65
00F9
FEF1
FED1
FF76
0164
00DD
FF06
FE63
FF6D
01A7
FF3F
014E
FF05
FF72
0139
FF09
FE6D
FF69
FF6F
FE7C
009C
017B
016A
01AF
00E2
FECD
FE80
0168
00CC
01A9
FE4B
FEA8
FF26
0099
00A0
FEA3
FF11
FEAC
FE64
FE2B
FEF7
FEDD
FE76
FE7C
FE8E
FE92
016E
FE34
FEE6
FE2F
0125
0197
FF12
00C4
01CC
010A
01E4
0109
0127
FF2E
00E1
0182
FE43
FE2D
017F
FE51
019A
FE6A
012D
019A
0158
00F4
0194
01B9
FE89
FEC6
013B
00C7
015C
019F
0128
00D8
FF36
0154
013D
0155
0189
FF02
FE6D
0135
FE76
FF43
FEC8
FE1C
017D
FF01
FE1E
00C4
FE6E
0154
0386
03AC
FC62
038D
FC89
FD1C
FD73
0379
031F
FCE0
02E7
02C4
FCA9
FC53
FD32
03D8
031A
FCB8
0349
FD22
FCBB
032A
FC86
FCB9
01B3
02E7
FC50
03BA
FD53
032B
038A
03A7
FD41
FCBB
0333
02DE
0356
FCB6
034F
FC37
0368
032C
FD47
0320
0369
0352
03A2
0321
FD6D
FC71
FCB8
FCF2
FC9F
038C
0390
FCB1
FC4F
FC63
03A8
0378
02D7
FD21
FC2C
0311
03CE
0432
0314
041C
0422
03DC
037C
038D
0359
0434
FC5C
0389
0437
0420
FC2A
FC86
03FC
FBC4
FC6C
FCDB
FC05
FBFE
FC71
0332
FC41
FBF4
03AF
040E
FC10
037C
FBDC
03E8
FC9A
FBD2
FC18
FBEB
FC58
FC3C
03EF
03F6
FC1E
FC58
FC3F
FBF8
FC27
FC13
0435
FCD5
FC38
FC82
FBAF
03A2
03F9
FCA2
035B
0408
042F
03DD
FCBA
0384
03EA
FC22
03EB
FBB7
00CB
00B2
FF42
00BF
FF96
FF39
FF87
00C8
007D
FFA1
0003
0043
FF74
FFF6
FF4F
005C
010C
FF23
0085
0033
FF5D
002C
FF1D
FED8
0029
FFA5
FFAB
0062
FF3B
00BF
0056
0044
FFCB
FF18
FFE9
FFFF
00B4
FF1D
00C3
FFFA
00DB
00B1
FFAB
00FD
0017
002D
00A5
008B
FFB7
FEED
FFDC
FFC9
FFD2
00AB
FFEF
FF27
FF29
FF01
010A
005D
FFFF
FF8D
FF4B
0066
0071
0004
0062
003A
0082
002D
00F4
002B
006B
004F
0003
002A
0032
011D
FFE8
FF2F
009A
FFDA
FF9E
FEFB
000D
FFE0
FF35
00E3
FF7F
FF53
FFF4
0064
FF15
004E
FF55
00D3
FF61
FEFD
FF90
FFA6
FFEB
FF0F
003E
00D5
FF14
FFF9
FFF8
FF7C
FF63
0001
0081
FF1E
FF25
FF9E
FFEA
00B7
0096
FF06
0103
00F5
010A
00DB
FF1D
FFFA
0016
FFC3
FFEC
FF77
FEEC
FDA9
0230
FE4F
0216
0171
01D1
FEB6
FDCD
01D2
FEBC
FE61
0198
0224
012C
FD9A
FEB1
017A
FE9A
016F
01E1
FE2D
013D
0144
FF58
FEF3
01E3
FE31
01C7
FEEC
FEDD
FE7A
0224
0182
FE20
FEC5
FEAA
013C
FEE6
0203
FE2D
FE45
01DF
FE3D
FE5D
FE8E
FDBE
FE9C
012E
01FA
01F3
01E5
0205
FDEB
FDCB
0154
0228
0258
FDBA
FE83
FDDE
01FC
01C9
FDB3
FDB5
FDAA
FE2B
FD4C
FD6A
FDE6
FE67
FD62
FDB6
FD7E
0264
FD96
FE63
FE30
01D2
01DF
FD57
02AD
021E
01EC
01E2
01B0
0253
FE1B
028F
0206
FDB9
FDEA
0237
FDC5
01C1
FDB5
0182
0206
024A
01FC
020D
023E
FD71
FE5B
026E
0207
01B2
0227
0207
0288
FD55
01CB
02A5
01DD
02B2
FE1F
FE35
0231
FE59
FE45
FDB0
FDAA
027C
FD78
FDBD
01D3
FDF4
028C
0359
02E8
FD8F
02A3
FC8B
FD31
FD33
02C2
027C
FCA4
0304
0377
FC73
FC9C
FE73
030D
038E
FCE2
0349
FD76
FCC6
0362
FD73
FCBF
02AD
0319
FD40
033F
FCB4
0340
0251
0371
FC92
FCAC
02DF
0287
0357
FD51
0358
FCD6
0382
0271
FDD7
027A
028B
031E
032A
032F
FCD5
FD49
FC91
FCD1
FC75
033F
0391
FD0D
FD02
FCB2
0312
0298
036E
FD23
FD6F
030C
030D
028B
0263
0264
02CB
024F
0276
032F
02DA
0327
FD70
034E
02E8
036F
FDAF
FDAD
02EA
FCEB
FC7C
FD03
FD00
FD05
FD34
030B
FDBA
FCC8
033F
025C
FD64
036B
FD04
02EB
FD9E
FCC9
FCEA
FD1D
FD88
FD42
0327
02CC
FD74
FCA5
FD9F
FCAD
FD25
FCA7
027A
FCB8
FD53
FD6F
FD39
02B1
029B
FD03
0252
0346
025C
0240
FD89
0363
0361
FCAC
0369
FD6D
FF69
FF17
0092
FF4E
0120
0084
00A5
FF71
FF1C
00EE
FEEA
FE46
008C
019D
0134
FEC0
FF52
00B9
FE72
01B2
016A
FE70
0184
014B
FF1D
FEA8
00BF
FE80
008A
FF38
FF23
FF02
0141
00D3
FF27
FE87
FF06
0174
FF5D
0192
FE42
FF5D
0089
FF4D
FF24
FF69
FE48
FED7
0092
0164
00DC
009D
010B
FED7
FE76
00B2
00BF
0119
FE83
FE65
FED4
018B
013A
FE61
FFAD
FEFC
FEA0
FF9C
FF1D
FF76
FF38
FEFE
FF6E
FF78
0067
FEAA
FEC1
FEBE
0050
0148
FF55
0109
010D
00BF
00FE
0088
00BD
FF58
009E
0073
FEBF
FF59
0144
FE9E
0156
FEEB
013E
0102
012E
0075
00FC
0158
FFA2
FF10
00AC
00E9
014F
004A
0091
014D
FF45
00BF
012D
004D
00F2
FEAE
FF7D
00A9
FF34
FFB3
FF82
FF82
0062
FF88
FEC5
0136
FE8E
009C
00B6
00A2
FF63
003B
FFC2
FF21
FFF7
0071
00F7
FFEE
00C9
0050
FFA6
FFA8
FFA0
00A6
FFD8
FFF3
FFEB
FFF1
FFFD
00A2
0035
0028
FFFF
00AC
FF94
FFD2
FF96
00C2
FFFB
FFE8
FF8B
FFAD
0086
FFD4
0037
FF2D
002B
FF4B
00D5
000C
0009
00B8
FFF4
0011
003B
002E
FF33
FFEE
FFA7
FF22
FF0E
003D
0019
FFE1
FFA1
FFB2
0042
0042
0025
0013
FF41
00E0
00CC
0029
0022
FFE2
0062
00D3
002B
00BA
FFE7
FFE4
FFE2
0003
000F
0018
FFD7
FF63
00BF
FFB8
FF49
FFD7
0047
FF35
FF5C
00E6
0003
FFF1
005D
FFF1
FF8E
FFF4
FFBD
00CC
FFE3
0045
FFAA
FF5F
FF57
0022
00D3
0069
FF3A
FF34
FFDB
FFB9
FF7C
FFBC
000E
FF1D
FFB2
FFA9
FF59
0090
000C
FF24
005B
FFBC
00B2
FFF0
FFC8
003B
00B1
FF90
FFBF
FFEC
FF0A
FE19
018F
FE51
014B
010C
0149
FE6D
FEC0
0199
FE24
FEEF
015A
01DD
0035
FF12
FEA3
00B5
FE66
00CC
00FD
FE51
00EA
01D6
FF8A
FF29
00D3
FEEE
01AD
FE5F
FF3E
FEEA
00C2
018D
FE31
FE56
FE90
0139
FE61
0152
FEF1
FEB2
00BC
FF16
FE48
FF0A
FE5A
FE30
016E
01DD
011A
01AF
00D9
FEAE
FEED
01D6
01C6
01F3
FF38
FEBE
FE6C
017F
01E3
FE46
FEA2
FE18
FE11
FE39
FEC2
FE34
FDB4
FE3F
FE87
FE6E
0256
FD9F
FDDC
FE6D
01DF
0162
FE82
0196
014E
01BA
0172
021A
019B
FE82
0181
0192
FDFB
FDFB
021C
FDAA
01EF
FE4A
01D9
0219
013D
018A
01BF
023F
FE1F
FE07
0196
0204
022D
0144
023D
0260
FE77
0180
01E5
0165
01BB
FEB8
FEB2
0256
FE07
FE17
FE64
FDD7
0202
FE5F
FE30
0145
FDC6
019E
02FA
036F
FD8D
027D
FD3C
FD50
FD2B
02BA
037D
FD93
023F
027E
FD99
FCA7
FDA8
0267
02E5
FC9A
0255
FD97
FD3E
02B9
FDB7
FC87
0226
025E
FD08
0312
FCC0
02A1
027F
036F
FCD7
FD57
0340
037B
025A
FCFA
0370
FDA0
0291
031A
FE09
02A1
0386
02C8
0267
031B
FCB6
FD21
FD8C
FC8B
FC71
02D3
0355
FD18
FD8E
FD1F
0345
0313
0292
FD57
FC74
0328
0346
03EA
03B3
03C5
036A
03BC
0384
0310
03B4
0370
FC45
02CC
0368
02D1
FC5B
FC81
03E5
FC9D
FC10
FC35
FCFC
FC61
FCC6
0394
FD2A
FD0C
02E8
03F3
FD05
03CD
FC40
039B
FCAE
FC39
FCDD
FC73
FC32
FCAC
0382
03A9
FC9A
FCB7
FC5D
FC51
FCB4
FC0E
035E
FCE0
FCDE
FD35
FC6C
02F6
02C0
FC2A
03B7
035C
0360
02B3
FC68
0312
0357
FC71
0307
FD31
0052
FF87
FF71
004A
FFFE
FFAF
FFE6
FFAF
FF60
FFB8
FFF2
FFE6
FFDD
0036
0056
0059
0084
FFC0
FFA2
0059
FFE8
0018
0108
002F
0005
FFA2
FFC0
0064
0050
FF9D
FFDB
FFC4
FFAD
007E
FFBF
FF8E
FF7B
FFA8
FF5E
0090
0043
0018
0047
0097
FF71
001C
000D
FFC7
001D
FFA9
FF63
0059
0018
0023
005F
005E
007D
003C
009E
007F
0074
FF63
FF9F
FFC0
0095
FFA6
005F
FFD3
0099
0062
002F
0089
FFE4
FFDB
FFD3
0011
0043
0006
0077
FFFA
0078
FF49
FFCD
FFC6
006E
FFE5
002C
0078
FF87
007F
005C
FF89
001C
FFA0
0005
FFE8
FFD0
003F
FF81
0023
FF34
FF69
00C0
FFC8
FF3A
FF3E
001D
FF52
FFFE
0028
FFC3
FF87
FFD6
0013
0012
FFEB
0022
FF6C
FFDC
008C
001A
006D
FFE2
0048
0024
FFBC
FF9F
006B
0087
FFA9
0009
FF93
000D
0099
FFB9
0040
FF73
0070
FFE4
FFBF
0068
00AF
FFEC
0007
0079
FFE1
0012
FF72
FFD0
003D
FF4D
0079
FF6A
008D
0053
FF9F
0058
FFFD
009A
0096
FF7C
FFC7
0038
0041
FFBD
0077
005E
0079
0050
FF90
FFE8
FFED
0030
FFC2
FF6B
FFD9
FF94
FFAF
0055
0007
FFD1
0037
0009
FF8F
FFA4
FFDC
FF62
008C
0092
FFEB
FFB9
0022
0032
0044
00E8
00CC
008B
00A3
00B7
0081
00CB
0073
FFD2
00FA
0108
00BF
FFF5
FFC6
007C
FF7B
FEED
FF35
FF5C
FF3D
FFA0
0007
FF8B
0027
0096
005A
FFDD
0010
FF4C
008F
FF1C
FF59
FED8
FF21
FF54
FF79
001F
001F
FEF6
FF78
FFC3
FF57
FFE0
FFCC
0066
FFDC
FFD8
FF03
FFE4
002D
006D
FF1B
0011
0012
0035
00A0
FF85
007E
00B4
FF49
00AF
FF4B
0346
02E1
FCFF
02DC
FCEF
FC8E
FCAC
03C4
03BB
FCAA
03A3
02DF
FC2F
FC79
FE56
038B
031D
FCD6
0316
FD0E
FCB7
0315
FD0F
FC55
01CE
02E9
FCF7
0380
FC8F
0311
0374
0379
FD05
FC62
02B6
0304
033F
FC91
0351
FD46
037F
02F8
FDB4
02D5
02C0
02B9
02DB
032D
FD3A
FCFA
FCB6
FC51
FC7B
02CA
02C5
FD0C
FC7F
FC7C
02CF
037E
02CB
FD6C
FC69
0341
0337
0421
0390
0316
039C
03D6
0391
03A1
03DB
038F
FCF5
039E
0361
03AB
FC36
FCB0
03FB
FC29
FCEF
FCAE
FCD4
FC38
FC49
041B
FCE7
FD05
0420
036B
FC00
03C8
FCE0
02E1
FC55
FBD6
FD0A
FD06
FC3F
FC49
032E
0341
FC46
FCB1
FC43
FC25
FC23
FC5B
0423
FC1B
FBE2
FCD9
FC2A
02FC
0340
FC6D
031E
03C9
03E6
03C4
FCFA
03F9
03BA
FC5D
02F4
FC1D
02A9
0261
FD51
021D
FD06
FDAA
FD82
01FB
0307
FD27
01E6
02A8
FD51
FDA8
FF01
0296
0271
FD4A
02E7
FDEF
FE0D
02D9
FD97
FCF4
01CC
025B
FDC7
02B5
FD4E
02CC
02C7
0222
FD28
FCF1
02ED
02F7
0243
FD69
020D
FDF3
01D7
0240
FE99
0231
0307
0277
0247
02E0
FDFE
FD50
FD80
FDFE
FD4B
0305
0220
FDFD
FCE6
FD05
030A
0253
02A6
FDC5
FD5C
02FD
0286
02B4
031B
0366
0332
02D6
0294
0277
0245
0326
FCFC
035A
0359
0360
FC80
FCC3
03AD
FC8F
FC82
FC91
FD9B
FC60
FC92
0346
FCC9
FC82
0373
02DC
FCB9
029B
FD88
032E
FCB5
FC4F
FD52
FD44
FCA9
FD7E
02FE
0385
FCC2
FCFE
FCC7
FCB6
FD2E
FD1F
0383
FCB7
FC57
FD0A
FCCE
0286
02A1
FCF7
02C5
034E
02EC
02AD
FD5E
02F4
024F
FDAB
02B0
FC7E
FE4D
FDA4
0204
FE4A
0245
02C1
01E1
FE30
FDB0
021E
FDDE
FDA0
0297
020A
01AF
FDA8
FE05
0234
FE4E
0173
02C0
FD41
01B9
0284
FEBD
FE61
01F9
FE2E
027F
FE0B
FDAE
FE4D
0202
0206
FDD2
FE50
FDF2
0211
FD76
01D5
FD56
FDE0
020A
FD99
FD9F
FD5F
FE28
FE58
022B
0224
0211
01DC
02C6
FD57
FE1D
01D8
0296
021C
FDC6
FDF6
FDAC
02C1
01E0
FE24
FDE0
FE2F
FEF3
FEB2
FE6F
FEB1
FEAC
FE37
FEE1
FE7F
00FB
FED8
FEEC
FE11
01A8
0228
FEC1
01A8
01DA
0221
012B
01D2
01CB
FE24
0180
010F
FEEB
FE2D
012B
FEE8
0100
FE6F
0151
01EA
0157
0138
0108
0139
FE86
FE0A
0208
0128
0170
01CD
0135
013F
FE17
01F7
010F
00FA
0135
FE2F
FE09
01E0
FE7C
FEB2
FEB8
FEFD
0149
FDE4
FE09
01AF
FE84
0134
02BE
0339
FCF2
031A
FC53
FC49
FD16
0385
0397
FC3A
0385
033E
FCC8
FC71
FD67
032B
035A
FC8E
0316
FCF0
FC92
02F1
FC2E
FC28
01F6
02EA
FCA7
0311
FC82
032C
033C
03D3
FC56
FC7D
02EE
03DF
03AF
FCD0
0385
FC4F
034C
03B7
FCB8
0303
0329
03F2
030C
02B6
FC80
FC3C
FD16
FCA8
FC78
02E5
035A
FD20
FC75
FD1C
02B6
0369
033D
FC92
FD11
0329
03C5
0363
03C7
03A5
03BE
037A
0380
0320
03E7
0307
FC4D
03DF
036B
0379
FCAB
FC46
0381
FCBD
FBDA
FC38
FBFC
FCA4
FC91
0395
FCD0
FCE7
032C
036C
FCA8
040D
FCF4
02EC
FD17
FC74
FBEB
FCAF
FC68
FC1E
038E
0317
FCFE
FC2D
FC48
FC0D
FC6C
FB9B
03A7
FC60
FC9A
FCD3
FC64
043E
03B4
FC18
03DB
0358
0352
0393
FC1F
0300
0331
FBF4
0371
FBBE
FE7E
FE60
0142
FDE5
026A
0241
0229
FE34
FE18
0202
FECF
FEA1
010A
01C0
0196
FE4C
FEE3
017B
FE98
01CB
0194
FE54
01DB
017F
FF4E
FDB3
01A5
FE0E
0261
FD7C
FD29
FEE5
012D
023B
FE57
FDCE
FEAB
01B7
FDA4
01CE
FE86
FE5E
010F
FEBF
FDE3
FE66
FE61
FE6F
0244
01BB
0113
01A6
010E
FEDF
FE51
0184
0217
013B
FE42
FEA3
FDE1
00E5
022E
FEC9
FE30
FEF6
FEE9
FEE6
FF02
FF22
FF46
FE24
FE2D
FEA5
01A4
FF45
FF68
FEE8
015C
0183
FE96
0155
00B2
009B
0108
01B8
0169
FE61
010C
0239
FEFB
FDF5
0129
FF53
00B2
FEE8
0162
012D
0120
014C
0198
0172
FEF0
FEF7
0065
005C
01E1
00BF
0143
0132
FE18
00A6
0136
0105
00D5
FE6A
FE4E
0113
FF87
FF3A
FDDE
FEBD
00E2
FE95
FEF0
00D8
FE86
01AC
FFF9
FF0E
FFDA
FFCD
0051
00E9
0031
FFEC
FFC7
0069
FF41
FF2D
00CC
00D7
FFDF
FF06
0023
00D9
FF99
008C
00B6
FFDE
006E
00C3
FF89
FF92
0047
FFC9
0028
FF96
FF8B
0021
008F
0083
FF7C
FF61
FF98
FFF5
FFE9
00CF
FF90
FFCA
0059
FF37
FFF9
FF40
FF4F
FFFF
011D
FFEF
FFDD
00C4
0066
FF5B
001D
00B1
0002
006F
FFA7
0026
FFA6
0085
0097
FFCA
0005
FFF5
FFA6
FFD7
FFBE
FFCF
FF16
FFF7
FFEB
FF65
00E9
FF4C
FFD9
FF18
0066
008F
FF21
0000
0075
FFDD
0039
0040
0031
FFC5
00F2
00DE
0021
FF87
0076
FFE0
00DA
0021
00D1
00B4
FFD7
FFE6
0051
010C
0023
FF20
0093
00A3
FFD5
FFF0
008E
00CA
FFEF
009D
FFF3
00E6
FFF8
0013
FF08
009C
FFE4
FFD7
FF7E
FF0A
FFED
FF12
FF5B
009E
FFE8
00CF
FF27
FF34
005F
FF57
00B7
014F
0181
FE71
FF07
00ED
FF7F
FFA3
00CD
00F8
007F
FF5A
FF6E
014E
FECC
0159
00D4
FECA
00A0
0101
FF8F
FE68
0082
FF4D
0077
FEF3
FE69
FF39
0067
0129
FF00
FEF5
FF83
012A
FEB6
00D5
FEFA
FF0E
010A
FEB4
FEE6
FF36
FF1E
FE8A
00FE
00F0
00D6
0127
00A1
FEEC
FF6D
0150
00C9
00CC
FEF9
FF75
FEE5
014A
00F6
FE95
FF8D
FEDF
FF75
FF4D
FF0D
FF44
FF40
FFCB
FF4C
FFA4
005C
FFA4
FF52
FF51
0064
00D7
FF19
014A
0126
006D
00FD
008E
014A
FF9E
00B0
0148
FFAD
FFD2
00E3
FEEA
003C
FFEB
0060
008A
012D
006D
003A
0091
FF5F
FF79
0052
000B
00A1
004E
00D5
00AB
FEED
005A
0126
00A2
007C
FF68
FFCF
00B2
FF7D
FF5A
FF13
FF63
0127
FFC6
FFE1
0128
FF7E
0145
038B
03F5
FC5A
03B8
FC78
FC66
FC15
036C
0395
FCE9
03E1
0344
FBEB
FC68
FDD0
03F2
0313
FCC8
0376
FC33
FCB5
03E9
FC6D
FBE8
0323
03FA
FCCA
0369
FC0F
0394
03A0
0401
FCA8
FCD8
0345
03AC
0366
FC42
03A0
FCD6
03C1
0320
FD52
0315
03E0
03BC
03E7
03DF
FCC2
FBC8
FBF5
FC02
FC12
0441
0349
FCCB
FC96
FBE2
03D5
036E
02FE
FC5D
FCA7
0407
0478
03DC
0406
0437
03E3
0429
0462
0389
0395
03DF
FC4E
0433
03F9
0470
FBB7
FC2C
043E
FC4A
FBA4
FBE9
FBFA
FBA2
FC6E
047E
FBA6
FB93
0427
0405
FC28
0428
FBC8
0442
FB95
FC02
FC02
FC93
FCAA
FC5A
040A
03E3
FBE6
FBEE
FC25
FBB0
FC1A
FC5F
0457
FC71
FB4B
FC1F
FBFE
047C
03D4
FC9D
03A7
038A
0460
044B
FBD8
0454
03E5
FC2E
0471
FBAD
0305
0265
FDC1
0253
FD2A
FCFD
FD5E
0336
0269
FD88
0201
020F
FD49
FCEE
FEA7
0250
0256
FCE0
0315
FE22
FDC1
022F
FD14
FDCF
025A
0265
FD10
026D
FDC3
02A9
02F1
0247
FDE0
FD49
030E
02F7
032E
FD9D
02CA
FD04
0243
02C8
FDAA
02F6
02DB
026C
0218
0323
FD14
FD1A
FCF6
FDC9
FCC5
02DF
0329
FCD7
FD4B
FD6D
031E
0207
0325
FD44
FDBC
0330
0332
033A
0354
0355
0295
037D
02CB
037F
0349
02AC
FCA1
02AE
0349
02A7
FCEE
FD40
036F
FCC5
FC84
FD40
FD4E
FC80
FD76
0313
FCBE
FC8E
02B4
0278
FD0A
0281
FC80
0354
FD24
FCD6
FCC5
FD97
FC8C
FCF1
02EE
027E
FCD8
FCC1
FC88
FD33
FCC6
FCCC
02E3
FD18
FC99
FD57
FD73
035C
02E9
FD75
0372
02B8
0360
036A
FD28
0347
02F6
FCD1
02F7
FD3C
0399
0355
FC2F
0393
FC30
FCD0
FD85
028D
0327
FC59
039F
0353
FC58
FCB6
FDF0
03AE
0363
FC59
0303
FD2F
FD02
0301
FD89
FCDA
01ED
0353
FC8D
0360
FC55
03AF
038B
02AB
FC35
FC82
03C1
02E4
036A
FC71
036B
FCFC
0325
0345
FDCB
0397
0394
0327
0378
0377
FCF6
FCD4
FCD2
FC57
FCD9
0391
0399
FD58
FC45
FC6E
0342
0286
0305
FC58
FD15
0369
0360
03D0
0384
035F
0313
0412
03BB
0406
0359
03E3
FC1F
03DC
037C
035D
FC0F
FD16
0362
FC2E
FC2A
FCFF
FBEC
FCF5
FC08
031E
FC3B
FCFC
0361
0414
FC83
040D
FCAE
02E7
FCC1
FBBE
FC39
FCE8
FC86
FCA8
035C
0410
FC03
FC97
FC31
FC9B
FC76
FCAE
03B3
FC14
FBF3
FC12
FBCA
03A4
03CF
FCDC
0350
0387
03C4
0400
FCC2
03D0
02F9
FC7B
032E
FC0F
0248
0330
FD42
0235
FCB4
FCB9
FDB7
0307
02A0
FD35
021C
02FE
FDA8
FDBF
FEE4
0258
0258
FD2A
0217
FE30
FD51
02F2
FDA8
FD95
01E5
0249
FCD2
0317
FD32
031A
025A
027D
FCE5
FD2D
0208
0330
028C
FD89
02E6
FDFC
02C3
0223
FD95
02F2
0258
0333
0234
02AF
FD43
FD6D
FCFF
FD32
FD76
02C9
02C7
FDBD
FD3F
FDBC
02BA
02C3
0313
FDA6
FD49
025B
0323
0390
0371
0371
02BD
035D
02B2
024D
0334
036C
FC8A
02B3
02C0
0379
FD87
FD1A
0392
FD50
FD1F
FC94
FC83
FD7B
FCD4
02F2
FD6B
FD4D
029C
037E
FD3F
029C
FC80
0329
FDF3
FC6B
FCBC
FC8C
FCB5
FD41
0345
0382
FCC9
FCE9
FC87
FCAD
FD4B
FD29
02E9
FCA0
FCCE
FD40
FD64
035B
0293
FD58
02E7
02A8
0354
0263
FCC1
030C
0358
FCAA
02B5
FD75
02FB
0381
FD28
038E
FC39
FD0A
FC6C
031A
034C
FC8B
0384
0311
FCD9
FC78
FD7F
0360
039D
FD09
0350
FD46
FCA4
033B
FC77
FC3D
01FE
0335
FD4E
034D
FD2C
0369
02D3
039E
FCDE
FD03
03AC
034A
037D
FCDB
031D
FCD3
02FD
0336
FD34
03B6
036B
02E8
03B4
03CE
FD1E
FC16
FD7C
FCB8
FC25
03D5
02C5
FC37
FD26
FC8B
030C
038C
032A
FC7B
FCDF
035A
032B
03C8
035E
03A5
03B9
0392
03D8
03F7
0367
03DC
FC7B
02F8
03EA
0378
FBEB
FC5F
03AB
FC8E
FC78
FC41
FC6B
FBFC
FBFF
031D
FC27
FC4B
0414
03B2
FC12
0386
FC4B
032B
FCF6
FCD7
FCA5
FC0A
FC18
FC0A
03C3
0343
FD04
FC40
FC28
FCC5
FC38
FCFC
03CC
FC13
FCC1
FC33
FC9D
034B
03E9
FBFB
03EE
03B7
03C8
038D
FCB6
03B2
03D8
FCED
03BE
FC74
FFE7
FFF8
001B
0086
0024
FFCE
0034
002E
00C7
FF4B
00D6
0070
FFF9
004D
00CC
00E0
0087
FFFB
0068
00A8
0018
001F
00B1
FF6E
FFD1
002A
FFFF
00D4
0054
003C
0048
FFED
002E
FFD3
008E
0059
0020
FF3C
0030
FFC7
0056
FFCC
004A
0084
00B3
0023
00B6
00DE
FFB0
FFE7
FFD9
FF33
FFF1
005D
003A
FF7F
FF6A
0040
FFC2
FFAC
0095
0056
FF36
0088
00D0
0082
0114
00E7
0108
0077
0162
016A
00F5
00D9
FEAF
015A
0161
00FB
FFA1
FF21
00E9
FF28
FF18
FEF9
FF5F
FF43
FE97
0105
FF45
FEC4
0104
012F
FF88
0121
FEA7
008E
FFEA
FEE8
FE9F
FEC9
FF70
FEDD
0127
0166
FF85
FF01
FEED
FEBF
FEB5
FF4B
00CB
FF90
FEBD
FEB4
FEEB
0087
00FE
FFAA
0158
0128
00CA
0051
FEB4
0126
0072
FF74
00EA
FF68
004C
0043
FF6D
0105
FF8C
FF70
FFCC
0018
FFF7
0017
00FB
002A
FEF8
FF6B
FFED
007C
00B5
FF26
00E4
FF81
FF2B
0099
0037
FFE9
00A0
FFF8
FF08
008A
FF19
00DC
FFB6
0092
FF98
FFAE
005E
00F2
00AA
FFDB
0088
001D
000A
0051
0000
0083
0036
00CC
0049
0013
FFEF
FF7A
FFD1
FF5D
FF95
008D
0089
003D
FFD1
FF4A
00B9
00EF
007B
FFED
FFCE
0094
FFEE
00D3
0010
FFFC
FFFE
0006
0075
0039
00DD
008E
0021
0060
00C8
003A
FF78
FF8C
FFF6
FF22
FF63
FF6F
FFBF
FEE6
FF82
005A
FFCE
FFB8
0023
000C
FF9F
00FD
FF19
0050
FF83
FF69
000C
FF50
0002
0016
005B
0040
FF56
FF3F
FEF2
FF73
FFFC
FF6D
FFBD
FF49
FF41
FF13
FF87
0078
FFC5
FF69
0068
00B3
0013
0001
FF0F
008F
0021
FF7C
008D
FFC0
0040
0032
000D
00F6
000C
FF78
FF94
0098
0078
FF7D
00DE
0075
FF11
FF8E
FF8D
009B
FFE2
002B
0015
FFD4
FF93
FFF1
FFC3
FF34
0048
0060
FFA2
0102
FF1C
00A5
FFE7
0094
FF90
FF1B
0035
00B9
0061
FF13
008F
FFB8
0110
0053
FFAC
FFED
00B4
FFDD
FFE2
FFF3
FF21
0000
0007
001E
FF85
0103
00E8
FFB8
FF9C
FFD4
FFF8
00AF
FFDB
FF9B
FF2D
00EE
00CA
FFD5
FFC2
000E
00D7
00EF
0029
0012
FFEA
007D
FF35
008B
0069
000B
0042
FFEC
0092
FF8D
FF36
FF19
FFDB
FF45
FF67
002F
FFED
0003
00D6
00C9
FFA4
00B4
FF66
00AA
FFBC
0044
FFEE
FF7A
FFFF
000B
0031
0087
FFC9
FF3E
FFF8
FFD3
000C
0008
FFE8
FFFB
FFED
FFEF
0032
008E
0045
FFB4
0038
0085
0002
FFB9
FF4B
0050
0097
FF19
00A9
FFC0
0348
038B
FCA2
0410
FC60
FBE2
FCAC
03FB
044E
FC2E
0375
0379
FCD2
FCE2
FD58
0402
036D
FCD4
037D
FCA8
FC1E
039B
FC68
FC28
0252
03D6
FC02
0393
FC67
0361
03E3
03A7
FCFD
FBCF
03EF
0401
033C
FCE2
0312
FC9C
03F3
03CE
FC95
0407
03E7
0422
03F5
03C0
FC0B
FBCB
FC7E
FC21
FCCA
03D7
0426
FC08
FC15
FC43
0401
03A2
039C
FC07
FB9E
03D0
0464
0450
0467
0427
042A
03C8
03F8
039D
035B
0419
FC59
044A
03ED
041B
FBB0
FC0A
04AF
FBD7
FB7F
FBE4
FBE9
FB91
FBEC
0461
FC21
FBFC
04A8
03CE
FBC9
039B
FB83
0435
FC39
FB4D
FBDA
FC5C
FBBD
FBA0
03F1
041C
FC80
FBA5
FBA8
FC41
FBDC
FBBB
03A2
FB97
FB67
FC28
FC18
046D
03BD
FB9A
03C2
045B
0477
047F
FC62
03DA
043F
FC40
03F3
FBD0
0038
0026
FF50
0043
FF52
0063
FFE5
FF94
0057
0031
FFF1
FF9D
FFB2
FF9B
007A
003E
001E
0020
0031
FFBA
0042
002F
007B
004D
FF18
003A
FF7D
0090
0071
00BD
002D
00A8
004B
FFE0
FF91
006E
00BB
0015
FF95
003B
0071
0051
0066
0066
0034
FFAF
003D
001C
FF75
FFCF
0066
0013
FFCA
00B1
003E
FF6A
FFD8
FFC5
FF89
FFC0
FFFB
FFAF
FF6B
FFEB
002F
FFED
0088
0085
FF8F
004B
0049
FFDB
005A
0045
FFDE
0020
FFA4
FFC1
0009
FF6A
00A8
FF75
0021
FF7F
FF85
FF52
FFAA
FFF8
FF4E
0019
006C
003F
FF90
FF9C
005A
004F
FF86
004B
FFE5
FFC2
FF56
FFE3
00A9
FFBE
FFAC
0067
FFE1
0046
000A
FFE6
00E5
FF9E
FFAB
FF83
FFDB
0037
0082
006F
00BC
0037
00B0
0033
003D
0087
FFA3
FF9B
0032
FFA4
03BE
035C
FC9C
0354
FCD3
FC44
FCB0
0371
0377
FCEC
03C4
0312
FD37
FCAF
FE26
03D5
0379
FC3B
0349
FD32
FC86
03D2
FC53
FC30
01DA
0360
FCB5
034C
FD4C
0319
0339
0355
FD1E
FCDF
0313
0349
03CC
FD4C
0315
FC48
036B
035F
FD01
03B7
030E
034F
0333
03AB
FCC2
FC91
FD65
FC87
FCF6
0394
0349
FC7E
FC8C
FC34
02B8
0377
02D0
FD4A
FC25
03B6
0380
0434
037B
0462
0427
0372
038A
041A
03CB
03BF
FBEA
037C
039F
034A
FC6E
FBC9
0361
FC20
FC05
FCDA
FC47
FBA0
FBF5
033C
FCA6
FBE1
03C3
0432
FC92
0448
FCBF
035E
FC1D
FC3D
FCF0
FC14
FC4F
FC12
0318
0458
FC8F
FC1A
FC6A
FC78
FC87
FC73
03E4
FC89
FC27
FC0D
FC70
0402
03F7
FC4A
0379
0361
0410
0441
FCFF
037C
034B
FCC0
03ED
FC7F
FF50
FF1A
00A4
FF59
00F3
012F
00ED
FEF4
FFAC
0084
FEC4
FF16
0129
00D2
0053
FF72
FED3
00A9
FF99
0043
00EA
FFA5
0123
00EF
FF15
FFEF
0144
FF89
011A
FF2F
FF29
FEDB
003A
006A
FF6B
FF5C
FECD
004E
FFD8
011C
FF9A
FEE0
00C3
FF09
FEFA
FEA1
FF3E
FF32
0092
0086
00E5
0058
0071
FF17
FECE
003D
0068
0029
FF1F
FFA0
FEC0
00CB
0092
FF0F
FFF0
FF0A
FF08
FFEC
FFC4
FFD2
FEC8
FFBA
FFA3
FF69
004B
FFD1
FF69
FECB
0105
00D4
FF72
0064
0115
00E2
008E
0091
00DB
FF87
00AF
004C
FFBC
FF59
0109
FF06
00B1
FF55
0067
0044
005B
0020
00AA
0011
FFAC
FFC4
00DC
000E
0069
00E4
000F
0081
FED2
008F
0080
002F
0106
FECE
FF39
00EF
FFA5
FFCB
FED6
FFFD
00A8
FF71
FF45
0096
FFC1
0070
01BB
0172
FE3C
010F
FE5B
FE49
FEA4
0167
01C1
FE44
0201
0149
FE3F
FE54
FE9D
011F
01F3
FE5A
0184
FE79
FEDC
0147
FDF5
FE29
0150
00C3
FF10
0229
FE68
010E
010B
01FD
FEF0
FE27
01BD
0195
018B
FDE8
012A
FE5F
0175
019C
FED4
01AF
01FF
0187
0169
01A4
FE0A
FEC7
FE10
FE97
FE23
01EB
01EF
FDDD
FEC9
FEEE
0210
00EE
018A
FE10
FE61
01DC
0228
021C
0121
0183
0169
01AB
0244
0186
020C
021E
FE84
015B
01C2
0229
FEDA
FEDF
014E
FDB5
FE04
FDE6
FE19
FE4D
FE3D
0215
FE25
FE76
0130
01F8
FED6
0158
FE6F
0192
FE40
FEC2
FECD
FDDF
FDF3
FE04
01CC
016E
FEAA
FE27
FEC2
FEBD
FE86
FE6E
0141
FE1D
FE0D
FE3A
FE0E
020F
0168
FE8D
018B
0159
0159
01CE
FE7A
024C
01B9
FDC8
014E
FE54
FF92
0058
FF51
FFC7
FF6F
FFD2
0047
FF9B
0008
FFC5
FFE8
00A1
FF90
FFB0
FFAB
0017
00A4
0002
0082
FFE1
FF39
0099
006E
FF9E
FFF3
0011
0053
FFBD
FFD0
FFE8
0096
00A2
FF6E
FF87
FFA2
001C
0054
FF43
FFE3
FF5C
FFF7
FF9F
0031
0061
00A9
004C
0016
FFD8
0002
FFE5
FF67
0047
0057
FFF3
FFE3
FFA0
FF5C
0006
0028
FFBF
FFDB
FF98
005E
0064
0032
009A
0064
006B
00A0
00A0
FFAA
0081
FFCC
002F
FFC2
FFAA
006C
007A
FF5A
FFB7
00C0
FF84
0049
0028
FF33
0039
003C
00D8
001A
FFCC
FFF1
0029
FF5E
00B0
0046
005B
002D
FF76
FFED
FF89
FF70
0020
FFAA
00C6
FF8E
0059
FF75
0014
FFCE
FFCD
0047
FF92
0037
FFE9
0038
008B
003C
FFE9
006B
0079
002E
004E
FFF0
FFFB
FFDD
0002
0059
FFAB
00C2
0062
FFCF
007F
FF47
FEF5
FF1A
00F8
0059
FFC7
00DD
FFEE
FEFD
FFD4
FF84
00BB
0068
FF66
002A
FF68
FF33
00C2
FF8D
FFBE
001B
FFE2
FFE8
00C1
FF92
0054
0085
FFF5
0036
FEFD
00CA
0046
0006
FF57
00A7
FFF5
00AA
FFEF
FF60
00B2
00CF
00BD
0003
FFFD
FFC5
FFC2
FF63
FF92
0003
00FE
0052
FFC2
FF75
FF8B
00C4
0067
0072
001D
FF2D
006A
00B1
00EF
00BB
002B
00C4
007A
FFF7
007F
FFCD
FFF0
001D
00C7
FFCD
0004
FF57
0009
0054
FF43
002A
0032
0011
0019
FF0A
0062
FFEC
FF8E
FFD6
0038
FFD8
00B3
FF52
001E
0005
FFC8
FF3D
0008
FFED
002A
001F
00B2
0038
FFB3
FF43
FFB3
FF38
FF8A
FFEE
FF94
FF41
0001
FFD9
009E
0007
001E
0026
0049
002B
00AF
FF9A
00D8
FFFF
0004
0027
FFFD
00EF
0136
FF65
015D
FEE1
FF26
FF24
0105
0089
FEB0
0068
00B6
FEA0
FEEF
FFDD
007F
0125
FEC4
0136
FFCB
FF3C
010A
FEF0
FF78
00D8
0097
FEFD
0148
FF5F
010D
00CF
00CB
FEA9
FEDA
005E
0048
0132
FF40
00D7
FEBF
0140
00BB
FF87
003B
0122
00C1
0162
00E6
FF35
FF17
FEE4
FEDF
FEFC
00F6
0064
FF6B
FECA
FFA0
00E6
015C
016B
FF33
FEF2
0077
00DA
00F6
0095
009C
014A
010F
01A4
019D
00B9
0087
FF5F
00D7
0081
007F
FF68
FEE5
0108
FEAD
FF3D
FF42
FE5F
FF12
FE69
011F
FF55
FEFB
0129
0141
FEA2
0195
FEDF
00FE
FEFC
FEBA
FEF9
FE80
FEC7
FF2B
0185
011D
FF77
FF59
FF4F
FEE1
FF91
FF56
00B8
FE6F
FEDF
FE7B
FF3F
010D
00DD
FF8E
018F
0167
0113
018B
FEB6
00E9
012A
FE66
015D
FF04
016B
0175
FE5B
00BF
FF31
FEE7
FF05
00EB
00FB
FF62
01B9
01B2
FEBB
FEDF
FFE2
00A7
0185
FE74
01B2
FEC1
FEC5
00C8
FF30
FE29
0050
011A
FE42
01C7
FE34
00BF
0175
0199
FE4B
FE2B
0135
01EE
0182
FE47
014B
FF56
01BE
00E4
FF04
0162
01D5
01A6
0154
00E2
FED0
FEAD
FF10
FE0B
FE88
01F7
0161
FE1A
FEA2
FE94
017B
00EF
0141
FE48
FDF8
00DF
0194
0208
0230
01C0
0211
01E9
0211
01BD
01BC
01BB
FDDF
0221
0240
012A
FE63
FDDF
0179
FEE0
FE22
FE3B
FE72
FE81
FE97
0182
FDC7
FEE4
01A8
022D
FE98
0155
FE1F
01CA
FF12
FD9D
FE89
FEFA
FEE7
FE4F
018F
01AF
FEBC
FDF8
FE1B
FE17
FE23
FEAA
0136
FE9D
FE67
FE5E
FDBE
0218
0148
FE0E
01D3
0176
0144
0222
FDF8
020E
0158
FE2B
01AE
FEAC
FECD
FED3
00ED
FEDF
0070
0085
00B3
FF4B
FEDC
00C2
FECA
FEFA
010C
009F
0027
FFBA
FFA7
00EC
FF0F
00F6
008C
FF05
00DD
00CE
FFA3
FFA5
0037
FFD9
013A
FF54
FF1A
FEE9
0146
00CD
FEEE
FFA1
FF65
0051
FFCD
006F
FF09
FF0A
00FC
FF0C
FF0C
FF03
FED0
FEA9
FFF7
0119
0139
0035
0096
FF1F
FF8D
0051
00BD
00F3
FEEC
FEB0
FFA0
005E
004B
FEC4
FEEB
FFD5
FFBF
FFA2
FF96
FF92
FF98
FFE8
FFA7
FFC1
00AC
FFB9
FF43
FF5D
0023
00B5
FF3B
0136
00DA
0136
00FE
00B7
0070
FF4E
001C
007A
FF87
FFDC
009B
FEF4
00C2
FF41
FFC4
00CE
0099
0020
0114
0094
FFDC
FEC5
0053
00D9
00BC
0142
0117
0046
FF80
0053
0008
0060
00A7
FECB
FEE5
003E
FEDC
FFA1
FF7B
FFC4
0095
FF13
FF87
00C0
FF7B
010B
020B
0229
FE0F
01C6
FE2E
FEA8
FEAA
014C
0210
FE98
020E
0211
FE31
FDE4
FF25
01C8
015A
FE46
01B8
FEF9
FE42
01F7
FEB2
FE79
00FF
0199
FE32
01A4
FE7E
01B7
0198
01CC
FE4D
FDE2
012B
01A7
013A
FE7B
01D5
FE67
01B3
01F5
FEC1
01CA
014D
01F7
019F
019F
FEBA
FE67
FE1A
FE1C
FE65
0225
0144
FEC5
FDDE
FE40
022A
0125
01E3
FE2D
FDC6
0143
0212
01B8
01C9
01B7
0265
01AC
01A2
0170
0212
021E
FE4A
017D
0205
01E9
FD8F
FD9B
0207
FE66
FDC2
FDD3
FE11
FE2D
FE5D
01D2
FE25
FE99
01EF
01D4
FE8E
015A
FDBF
020B
FE9F
FE9C
FD8F
FE87
FDAB
FD78
0228
0200
FE9C
FE12
FDA4
FDB8
FDB4
FD9D
01AB
FDEF
FE6D
FD87
FD9E
0246
0204
FDE6
0158
01FF
0239
0190
FDC0
0175
025B
FE34
025B
FE67
FE8D
FE92
00FA
FEC7
016D
00EB
01D4
FEEC
FE88
0196
FF3B
FEFB
0181
012B
013C
FEC6
FF21
013D
FF06
0108
00F0
FEB6
0159
00BB
FEB8
FEFD
010B
FE87
014E
FE8F
FE4C
FF00
01E9
0128
FE24
FE2B
FE24
0132
FE89
011F
FED2
FEB6
0130
FF11
FEEE
FDFD
FEBB
FEFE
0104
0156
00FF
01E4
01CE
FEE8
FE93
0180
0127
00B8
FE2D
FEE5
FE3D
00C5
010C
FF03
FF9C
FECA
FEF3
FF68
FEE0
FE88
FF7E
FE83
FF1D
FF21
0180
FED9
FEFD
FEAA
0099
0060
FF17
0135
00B8
009D
014A
0146
00CA
FF3B
0099
014C
FEA9
FEE2
0090
FF4B
0072
FF39
0160
00BC
00E6
006D
0084
009E
FE90
FF4A
00A6
010C
017B
0144
0157
0155
FF09
007B
00FE
0178
0140
FEF8
FE73
0113
FF74
FFB8
FE6D
FEFF
0106
FF89
FEAE
0054
FF78
0079
02AA
0338
FCDA
028C
FCAA
FCC9
FD13
0354
0346
FCB8
0279
033C
FC7E
FDA9
FDB1
02A1
0359
FD60
0263
FDE0
FCC4
02A6
FD46
FD45
0222
027D
FCA6
0281
FD02
0308
037A
0362
FCDD
FC9A
0288
0287
038A
FCAA
037A
FC89
027D
02B9
FD73
0319
036C
037D
0239
0371
FD37
FD46
FCE0
FD03
FC6B
02AD
02C3
FD2A
FC7F
FD86
0292
02A8
0315
FD00
FC39
02CC
02FD
02CF
02EC
0318
0332
0384
03AB
02C9
03A1
03AC
FCE8
0387
0334
0355
FC7E
FCBD
03DC
FC20
FC2D
FD0B
FC66
FC2F
FD27
03E3
FD42
FC6D
0305
02F7
FCCF
03CE
FC9F
03C2
FCA6
FC47
FC43
FD27
FCCD
FC7D
033B
038B
FC8E
FC39
FCCD
FCF0
FC44
FC29
0341
FC7B
FCC3
FC65
FBF7
039B
02FB
FC30
02D7
03AC
032A
03C3
FCC5
03B7
039D
FCB5
0391
FC1A
FED6
FEFA
0079
FEDA
00ED
007C
0105
FF98
FFEC
0015
FF67
FEBB
0117
0073
0092
FEF9
FEFC
00DF
FF0A
FFF7
0032
FFA7
004B
00B2
FF94
FFB0
0022
FFBB
0022
FF77
FF21
FFDD
00F5
003C
FFA4
FF9F
FF8D
004F
FF1A
00D2
FF0D
FFE9
0002
FF8C
FED7
FFDB
FF8C
FFD6
00A3
00DA
001E
0121
00E9
FECA
FF55
0041
0106
0068
FF10
FF54
FF72
013F
00A9
FFA9
FFA3
FFAF
FF63
FEBD
FECE
FF9F
FEC9
FF18
FF82
FF15
013E
FEB1
FF13
FEBB
00D2
0046
FF4B
014B
0121
00D7
0168
00B3
0107
FFBA
012F
0057
FEED
FF86
0049
FFB7
007D
FF54
0035
0076
00D2
0111
00ED
00C6
FF5C
FF9B
007D
007D
00A1
009F
0118
005C
FFC1
0158
0082
012B
010A
FF88
FF6B
0135
FF35
FF35
FF40
FECC
013C
FF58
FF36
004F
FF02
0112
0249
0273
FCD2
0356
FD50
FCAE
FD0C
0331
0335
FDEC
02B8
0248
FCB1
FCBE
FE94
02EB
033E
FD83
0342
FDEC
FCCB
02F5
FD18
FD16
0254
02E0
FDBF
02E2
FCD0
027B
02D9
02FD
FDD4
FCF5
0293
0341
02EB
FCF1
027F
FD79
02EB
0342
FDE8
0329
034C
027C
0248
0253
FCE9
FCCB
FDAA
FD3B
FD66
0243
028D
FCA9
FCC1
FCBD
0304
02DF
0292
FD15
FCB2
0311
02F2
02BF
0289
037A
0287
0364
0375
0378
0345
0293
FCE7
0353
037E
02F7
FD09
FD77
02EB
FD49
FD11
FC78
FC6E
FD15
FC7C
0388
FC50
FD72
0333
038C
FCB1
032C
FCAA
0331
FC95
FD1C
FCB9
FCC6
FC88
FD0A
037C
030C
FD1E
FC80
FCB7
FCC0
FC93
FD34
0392
FC96
FD07
FC8D
FC9E
028F
0331
FC9E
02F8
034A
02BC
0318
FCB5
0372
02F1
FCBA
0348
FD33
FD23
FCD5
0332
FD0A
029C
0303
022A
FCC2
FCE3
02C1
FD7B
FCFA
02B8
02AA
0253
FCDA
FD7C
027B
FDB9
0243
0325
FD4C
0232
0262
FDCD
FDF4
0366
FD4C
032D
FCC3
FD43
FDB7
02C2
0316
FD9D
FCCD
FCE0
0307
FDB7
02F0
FD08
FD9F
0211
FD18
FCD7
FDBC
FD13
FCA8
0247
0243
025B
0346
02F4
FD8F
FCBE
0248
02A2
028F
FD13
FD8E
FCD5
0312
0239
FDCC
FE42
FE72
FE67
FDF3
FE4F
FE20
FE27
FE23
FDD0
FE40
028D
FDEB
FD58
FE3E
027B
01F1
FE3A
028B
01C9
01CF
0201
019E
0229
FDE8
01F4
0208
FE04
FD74
01F6
FE2D
0186
FDA3
01D2
01DC
0189
01E6
01D8
0220
FE5C
FE1D
019A
028F
018A
01DD
0273
0224
FDF8
0253
018E
0299
016C
FDC9
FDAA
01B1
FD9A
FE12
FDCA
FDCD
019A
FD6D
FD52
02B6
FDCD
024B
FDEF
FEA0
0141
FE4D
01C9
0186
0157
FED9
FE1F
0263
FE3B
FEA5
0251
013D
01A3
FDEF
FDAD
0145
FE1B
0184
0217
FEAF
0207
0175
FEE5
FF01
0260
FEC0
022B
FE39
FE3D
FEB3
013F
0198
FDF3
FE8E
FDDB
01E1
FE66
01A0
FE55
FE14
01DA
FDE9
FE7A
FDD2
FE90
FE79
0225
013A
01A6
0247
0245
FE34
FEC4
01E7
0205
01B4
FDE4
FE38
FE86
01FD
0233
FE13
FE83
FE8C
FE94
FE2C
FEAF
FE83
FE92
FF38
FEC1
FEC2
0170
FF38
FF20
FE9B
00B5
0144
FF00
01C6
0129
00F3
0102
0107
00BC
FED4
00F0
0150
FE69
FEE3
019D
FE69
01A8
FE80
0177
0164
0105
0153
01A7
01BB
FE3D
FE81
01A5
012F
01B1
0152
00D3
01A7
FEDA
01E4
01B2
00BF
0128
FECF
FEDB
0151
FE48
FEC5
FEB8
FF15
0129
FE74
FE15
015B
FEEC
00F6
0062
FF70
FFFE
0023
0075
0061
0075
0074
005C
0037
001D
0060
FF96
FFE3
004B
FF76
FF9C
009B
FF7D
0002
0006
FFCA
FFFB
FF7E
003C
0075
0094
FFC0
FF8E
001B
FFA7
0075
0007
0016
001A
FF78
FFF9
FF9D
FFD6
006F
000A
005D
FFCD
FFB7
FFAD
0044
FFDB
FFF1
0072
FFE1
0061
FFEF
0053
FFF5
0039
003C
FFBD
FF9C
0037
0072
002B
0023
006C
0070
0024
001A
FFDE
0040
FFA6
FF83
0060
FFF6
FF4A
0013
000B
FFD7
FFE7
0004
FFFC
FFB5
FFE6
004B
0083
0092
FFE9
0083
0091
FF41
0034
FFCE
0007
FFF4
000C
FF65
004D
0053
FFB9
0081
008D
00AC
FFFF
003A
0020
0023
0002
000B
005A
0059
FF94
FFAF
FF6E
0041
FF86
00AE
0056
0037
0066
FFC2
FFEC
FF9C
FFE9
FF6C
005B
004B
003E
FFEF
006A
FFCC
02F6
0379
FC89
03EF
FCFE
FC48
FD49
02D6
0377
FC58
03CD
03A0
FC60
FC8E
FDA7
033D
0395
FC8B
03E3
FD8E
FCE7
0327
FD46
FCC5
0280
02E8
FC33
02D1
FC4A
03D4
02FA
03A1
FC0E
FC36
037C
0392
0399
FC26
0333
FC55
02E6
0367
FD0F
02E9
037B
0359
0316
0379
FD0F
FCD0
FC5C
FC48
FC12
0332
03E2
FC73
FCDE
FC26
0360
0362
0365
FD40
FBD5
0351
040A
03A1
0341
0341
0381
03C2
033E
03E8
02F2
0426
FC1F
030B
0347
03A4
FCB6
FC34
0411
FC10
FCCF
FC39
FCC9
FC4F
FCAC
0375
FBDD
FCBD
03FA
03B3
FCBB
03C2
FC4E
0409
FCCD
FC87
FC45
FC2B
FC67
FBB6
03FA
03B6
FC0C
FD07
FCAC
FC98
FC36
FC08
03B2
FCF1
FBFB
FC6E
FC8E
0428
0419
FBD0
03EF
0369
0439
0341
FC54
0376
03B3
FC1B
0364
FBCA
FEB3
FE71
011D
FE44
00CE
01D9
0154
FE6F
FF05
0162
FE32
FE55
015C
011E
00D3
FE1A
FEF7
00C9
FEF1
0055
0192
FE84
00E3
01C4
FF84
FF52
014A
FEA5
015C
FF1B
FEE4
FE3E
0115
01C3
FEF3
FE3C
FE81
0152
FE83
00B5
FF1B
FE7C
0093
FEE4
FEE9
FE33
FEA6
FE4A
015D
00D7
01DD
00CE
0173
FF1A
FE79
0124
00DD
01BC
FEB6
FE34
FE20
0133
0156
FF31
FE9B
FECA
FE3E
FEAD
FE8F
FF0C
FDF8
FE8A
FF12
FE49
0148
FE05
FEB7
FEE5
00DA
016A
FE40
0167
0143
01F6
01FA
01B8
0186
FE28
01DE
0147
FE7E
FE38
0153
FE2E
0167
FED3
008F
00F2
0156
01FF
0169
01A9
FE46
FEE6
0170
0152
0184
00E8
01D8
00F1
FE95
018F
00E5
0176
0186
FE98
FF02
0204
FE02
FEE3
FEF5
FE18
0145
FE81
FE26
020F
FE41
0141
FFA7
FFE7
FF95
0061
0015
FF8B
0033
0018
000B
FFB5
0020
0033
0082
FF6F
FFE1
FFAE
004C
0078
FF77
0019
0043
0084
FFBF
FFB4
FFB1
0003
000A
FFBC
0059
FF85
FF87
002D
FFE8
FFD7
FFE9
FFDD
FF93
0055
FF87
FFCA
004A
FF67
FFEA
FFB2
0062
FF86
008F
FF88
FF77
FFE4
FFEF
003E
FFB8
FFB2
003A
FF80
0092
006D
004B
005E
002F
FFFC
FFBA
FF79
0047
FFF9
FFD4
FFC8
005B
0004
0084
0038
0083
FF9A
0044
FF68
002B
FF64
FFE4
0059
0060
FF98
0019
0046
0052
0031
0019
FF86
0079
008B
FFA3
0045
FF96
003B
002E
FFF8
0002
0051
FFC8
002A
FFD6
0032
FF86
005F
FFDC
002D
0011
0062
FFC6
0030
FFE2
FF8F
FFA5
FFB9
0056
0040
004F
FF7D
0067
0023
0071
FF8C
0085
0038
FFE5
003B
0081
FF7C
FEBE
FED4
00C0
FF10
0107
00A2
005A
FF5D
FE87
00BF
FE67
FF0A
01A4
00B2
0001
FEFD
FEAF
0177
FE7B
00A2
0143
FEE6
0132
0128
FF7E
FECC
01AA
FE68
00B7
FE94
FF0A
FE76
0105
00E5
FF23
FF72
FEBE
014A
FF9D
0111
FF60
FF54
004B
FEBF
FF42
FEA3
FE8B
FED6
0164
00D3
0114
0165
010B
FF61
FE83
0076
00D4
00B5
FEF7
FE77
FF30
00A2
01A5
FF28
FE15
FE4A
FE68
FEA9
FE37
FE1B
FDDE
FF01
FE93
FE9B
01AD
FE79
FF06
FE67
0147
0212
FE89
0132
01CB
0128
0128
021C
01BF
FE9C
01D1
021C
FDF0
FE7F
01A4
FEDD
0112
FE48
0111
01F7
0173
01B2
01A6
01D8
FE69
FE9E
012E
0195
016F
0168
0182
0202
FED8
01AA
0120
01F0
0206
FE6D
FEE5
01A8
FE67
FE9A
FEDA
FEFC
014D
FF08
FDFA
00F5
FE88
018E
010E
009F
FF09
008C
FF7C
FEBF
FED9
0173
0177
FE67
00F8
00E7
FEB4
FE89
FF92
019A
0186
FE63
00F6
FECB
FEC2
010F
FEBE
FF2A
FFD7
0108
FF25
013C
FE80
00BC
0187
00C8
FF6F
FEEF
0183
0186
00C5
FEFA
00D6
FEB6
00F8
0147
FF75
0130
018C
0101
0193
00F2
FF12
FF4F
FEDC
FF32
FF15
00CD
00B3
FF85
FE7A
FF1C
014B
0095
013E
FF79
FE62
0142
0108
0118
00CE
018E
00EC
00E8
00CC
00D4
00E2
0156
FF21
00DE
0117
0109
FF20
FE67
0129
FEA8
FEE5
FE78
FE3E
FF37
FE6C
0128
FE9A
FE4C
01EB
014F
FF2D
00C8
FF2A
0164
FE7D
FEDA
FF30
FE3C
FF1D
FF0C
0166
01B8
FE38
FEAB
FE6F
FEA2
FF56
FEDB
011C
FE43
FE79
FECA
FE30
011C
0181
FEEA
0126
0151
00DD
00F7
FEC9
01BF
0155
FEA7
01D6
FEE7
FE28
FE3C
013D
FE02
0164
0200
010A
FE9E
FE1D
01A1
FEB2
FEE9
00F2
0160
00D7
FE81
FEEC
0194
FED5
022B
018A
FE2A
015F
0128
FEFF
FEC3
012D
FEAF
010F
FEBB
FE78
FEB1
016A
01E8
FED4
FE7C
FE72
0130
FDE7
01E7
FEBC
FED5
01C0
FE0C
FE6C
FE19
FEED
FE44
017B
0135
019B
01E3
00F5
FE7D
FE29
011F
0158
01E1
FDE4
FEF6
FE4C
01C0
01BF
FDF9
FEC9
FE74
FEF6
FF50
FE27
FE9B
FE38
FF14
FF0E
FE50
0190
FEEB
FE65
FECF
0160
00F9
FEB2
019B
011A
0139
0107
01CE
0145
FE50
0140
0110
FF10
FF4B
0122
FE37
0188
FED8
015B
013C
01BD
010F
01B1
0197
FF27
FE50
016E
00C9
018D
012F
00D2
0147
FEEF
00BE
00EF
0173
0155
FE1D
FECF
00A6
FE7B
FE80
FED0
FF29
01D6
FE22
FEC7
01D8
FEB7
013B
FE2B
FF1D
00C6
FE2F
01A6
00E0
0101
FF3A
FF3C
012D
FE3D
FF02
0197
01BA
0168
FE61
FE80
00BB
FF49
0147
0170
FF30
0151
018E
FF72
FEE9
016D
FF01
0154
FE74
FF16
FF28
0107
00C8
FECE
FE98
FEFD
0111
FEE4
00C2
FEB3
FE59
0160
FF2F
FF2D
FE1E
FF16
FE3A
01A7
0101
00D8
00ED
0113
FF31
FEB3
00D5
0154
0180
FE31
FF16
FE3B
00AC
00F0
FE43
FF79
FEC0
FF41
FF1A
FF66
FF04
FF5C
FE99
FF4A
FEB1
00D6
FF1C
FF38
FF82
00D3
0080
FEAB
0150
00D6
005B
0091
0164
0152
FEDC
00CC
016E
FE8C
FF83
0173
FF4C
00F3
FFA0
00EE
0175
010B
0070
006B
0131
FF8C
FF69
0141
0105
00EE
009C
00EB
006F
FF6B
0075
0071
015C
005A
FE86
FF33
0141
FEED
FF6C
FE7C
FF92
00B2
FEDC
FF22
00E4
FEF9
0098
FF35
FED1
013B
FE93
013B
0132
00C6
FF1D
FEA1
00D1
FEF6
FE75
01A9
01A3
00CE
FEE0
FF60
0127
FF73
007F
012A
FF11
0116
00B2
FF9C
FF1B
00E2
FE94
0092
FE8D
FF97
FEA4
01A6
00B9
FEA9
FF4D
FE45
01A6
FE65
013E
FF1C
FF2D
00E5
FED8
FF1D
FF6A
FE57
FF4F
00EE
0189
0154
016A
014F
FF2C
FF0E
00A9
0195
0184
FE7B
FEE4
FE50
0193
01AD
FEF4
FEE3
FF22
FE7E
FE71
FF1F
FE6D
FEA2
FF0E
FE9F
FE6C
01D5
FE87
FE63
FE52
01F8
0179
FEC7
01E7
01AF
00D1
01BD
0182
014E
FE89
015B
00EA
FE20
FEAF
01F3
FF11
0201
FE91
01C7
013D
018D
00D3
01AE
0138
FEDB
FF26
0101
012C
01A1
019E
01EA
00C0
FE5E
00FC
014E
01A4
00E0
FE05
FE44
01C2
FE46
FE74
FEB7
FE69
0125
FE30
FEF8
016C
FE3E
013F
0000
0000
0000
0000
0000
0000
0000
0000
0000
0000
0000
0000
0000
0000
0000
0000
0000
0000
0000
0000
0000
0000
0000
0000
0000
0000
0000
0000
0000
0000
0000
0000
0000
0000
0000
0000
0000
0000
0000
0000
0000
0000
0000
0000
0000
0000
0000
0000
0000
0000
0000
0000
0000
0000
0000
0000
0000
0000
0000
0000
0000
0000
0000
0000
0000
0000
0000
0000
0000
0000
0000
0000
0000
0000
0000
0000
0000
0000
0000
0000
0000
0000
0000
0000
0000
0000
0000
0000
0000
0000
0000
0000
0000
0000
0000
0000
0000
0000
0000
0000
0000
0000
0000
0000
0000
0000
0000
0000
0000
0000
0000
0000
0000
0000
0000
0000
0000
0000
0000
0000
0000
0000
0000
0000
0000
0000
0000
0000
00A5
0079
FFEE
FFF5
FF80
FFFC
0052
009B
0044
FFA5
FFF5
0094
0095
0000
FFD0
FFF4
FFB6
FFED
0085
FFB9
FFAD
FF33
FF97
0089
FFEC
0034
00BB
FF48
003C
0079
002E
005E
0098
0082
0039
FF29
FF90
FF52
005E
FF8B
FFBB
FFB9
FF86
002A
000C
0071
FFBB
0041
0057
00CB
FF87
FF71
FFA8
FF9B
007A
0068
0096
FFEB
0088
0011
0042
002E
0036
0046
FFAA
0026
0093
0028
0019
FFF9
FFB1
FF1D
0018
FFD1
000A
00AD
FFEB
00A2
FF94
0091
0072
FF3A
0092
00C4
FF65
0093
007A
FFEF
0074
0007
FFB4
FF6B
FFEB
0044
FFAF
0006
FF57
FF67
FFF3
003E
008B
FFEF
0045
004B
003F
0001
FFDE
00A0
0048
001A
FF72
FFEE
FF66
FFC9
0091
0011
FF63
FF62
0068
FF6A
FF93
005E
FFE1
FFF7
0050
006D
FF51
FFBF
00E2
FF68
0002
FFA8
FF97
007A
FFC9
00F6
00B7
001E
FF43
0056
FFE0
004F
002A
00C9
007A
000F
FF98
009B
0009
FF2D
FFD3
00A4
001A
FFD7
FFF4
FFFE
FFCD
00DF
FFB7
0033
0053
003F
FFB0
FFE6
009A
FF82
007C
FF67
FFBA
0099
0039
0036
FFED
00B3
0053
FF4B
006D
FFC2
FFAC
0030
0033
FF66
0089
FF5B
FFAC
0024
FFDD
00B4
FFAA
FF7B
FFCA
FFB0
0039
0050
001A
0004
FF8B
FFD9
FF9B
FF0C
00E5
FF96
003B
000C
004B
0025
004B
001B
FFA0
FFE4
000D
FFDD
FFC6
FFEC
FF44
FFCB
FF9E
FF4A
001A
FFFE
0069
00AF
00BD
FF79
00A3
FFD4
FF69
FFA5
0024
00D0
0009
00D0
FFD6
0075
FF67
FFFD
FFDC
007D
FF80
00AE
FFE5
0022
FFD5
FFE7
FF52
0079
FF18
0026
005E
00A4
008F
FFCA
0000
006C
FFC3
FF7F
FFA0
FF76
00A8
FFFE
FF37
0011
FF45
FF06
FFB6
FFD3
0034
000C
001C
FFFD
FFFD
001E
008A
FFB7
FFD4
FF15
FF0C
FF85
0022
0069
00D3
FF74
FFE4
FF57
0007
00FD
003A
FFB6
FF72
0004
000F
FFD4
00BC
0070
00C4
FEE5
0050
0039
00A8
000E
0003
001A
001D
FFAD
0050
FF51
0073
FF36
0014
003E
0006
FFAD
FFD7
FFDD
FF87
FFB4
FFF3
0037
FFDC
0071
0056
FFFF
005A
00AD
0041
0032
0048
00CB
0097
FF02
004D
FF60
FFF5
001C
0017
FFE5
004E
FF3B
00A2
FF99
003F
FF5B
FF6D
FF90
FFE9
FF2B
FFE0
FF17
0075
00A5
FFA6
FFAD
00A7
FFBF
FF95
FFFF
009C
0121
FFFA
FF91
0023
002F
000A
FF88
0036
FFBE
FFB9
0119
006F
FFB5
FFC7
0048
FFF8
001A
FFED
FF91
FFEE
FFC9
FF95
FFDE
FEDD
FFDD
00D9
FF64
003C
FF77
002B
FF29
0018
FFC3
FE6F
002F
FF75
FF7C
0036
00ED
FF6A
005D
FEC2
FF4C
0138
0061
FFC6
FEBA
00DC
FEE6
FEE4
FF94
00FE
FEF1
0097
FEBF
01C7
0007
FFB8
FF31
FF5F
FFDC
0028
FF9B
FF72
FF41
012F
00A2
FF5A
00FC
FFB6
FF0F
006C
003D
0006
0081
00E0
0129
FEA0
FFBB
009C
0070
0082
FEEA
0009
FE8C
FF4D
0144
FF8D
0013
FFE4
FFEC
007B
FEE0
0108
FEEB
00B4
FF35
00BA
FEF1
00C5
005F
FE9C
0205
FFE1
0025
0047
01C8
FF53
FE81
FFC0
00E4
FF0C
0095
FFA6
FF04
FFA1
0059
005C
0089
001B
0045
002B
0030
00BF
FF0E
0028
FF87
0026
000C
0058
0027
FE98
FF71
FF0E
000B
FFC0
0107
FF64
FF6A
FFD7
FFDB
FFD7
013B
FF22
FF7A
FEF2
0031
FED6
0052
FEA5
00CD
FF7A
00CA
FF4E
FEE7
0027
FF7B
00A8
FFB1
FF90
FF32
0016
001A
005C
FFD0
00D1
FFC8
0131
004F
0019
0007
00D0
004B
00CE
FF65
00B6
0024
0066
FFE2
FFB7
FF5F
0070
FF9F
00A5
FF93
FFB7
0074
FFF8
0064
FF82
FF3B
FF75
FFFC
0006
007E
FF9E
00B7
FED9
003D
0037
FFB0
FFF2
0089
0085
003E
FF23
0029
FFF1
FFD1
FFA7
001A
013A
000F
FF9A
00C5
FF80
002D
FFEF
FEF2
0050
FF6D
FF97
0024
FFDA
000A
FF95
FF9A
FFC6
003D
FF8D
FFD9
FFB4
0048
FFF9
0121
FEF3
FF9E
0084
001F
FF60
FFE3
FFC7
FFD3
0006
FFCF
002A
00AA
0034
009E
0056
000B
FF26
FF31
FF57
0037
FFFB
0001
0022
0046
FF92
0023
FF58
0053
FF55
FFC5
FF46
008A
FF55
0060
0059
FFBE
FF46
0056
009A
0017
011D
003D
009D
FEFD
FFF2
010A
FF46
FFD9
FFFA
FFF1
FFA4
FFAD
FFBA
004D
FF4F
FF71
0029
0015
0027
FF9F
FF77
FF87
FFF3
FF0E
001A
00A1
FFDD
0029
FFD6
FFA8
004A
000D
0019
0003
FF86
FF89
0052
0037
FF26
0070
FF49
FFD0
00F3
0047
00D7
FF85
00C6
0009
0054
001C
FFA6
00B2
0031
006C
0010
0042
FFE5
FFBB
FFCB
FF60
004D
0077
0062
0021
FFDD
000E
FFF9
002A
0061
00DB
0052
FFF3
006F
003E
0048
FFCC
FFD2
0058
FFB2
FFBD
008B
FFDA
FFFD
00A7
00A7
FFE3
FF91
FFD7
FFB2
FF9E
FF78
007E
0050
0089
0065
FFBB
FFFE
FFEF
FF9B
003D
004E
FFED
FF83
00F8
00A7
0075
0093
004C
FFC3
001C
001E
001E
000B
FF60
0015
0041
0063
FF68
0030
00BA
FFA3
0072
0089
FFF5
FFE7
005D
00C6
FF55
FFF0
0061
FFBE
0043
0083
009C
FFCC
0077
007F
FF5D
00FB
003B
FECF
FFA0
FF69
FFF1
0048
FEEF
FFB6
0177
FFEF
FFE0
FF6A
0049
0126
000D
FFC9
FF26
FFAE
FEB1
FF7F
FF93
0105
FF83
0113
FF2E
0137
006D
FF47
FF9B
FF3B
000D
FFC2
FF72
FF8E
FF3C
0048
007B
FEDF
0175
00EF
FEAC
FFD7
FF6D
FFDA
008B
0058
006B
FFCC
FF9D
0093
FF4B
0023
FEFE
FFF0
FF76
FF44
00D0
FEB5
FFC9
FFC5
FFB1
0034
FF9A
00ED
FF38
0112
FFA9
FFEC
FE91
00A5
0076
FEE6
0104
FF80
0078
0004
0241
FF39
FE8B
00AA
001D
FE48
0131
FEE9
FFF8
FF73
FF36
014A
FFB9
00DB
006A
FFDA
FF5D
00C3
FEB8
0166
FFEF
00AA
FFA1
FFE1
FF75
FE58
FFFA
0026
010C
FF88
FF9A
FED4
0066
0046
FFBE
FFC3
0103
FECC
FF73
000E
FFEC
FF27
00FA
FF74
0088
FE24
00F0
FFE6
FF5D
00B1
FF95
FFEF
FFC6
FF49
0018
FFA7
FF97
003E
0054
FF1F
000F
FF44
000A
0016
0036
FFFC
007B
FFDD
00B3
FFCE
FFFE
0072
FFFD
0039
0069
00C6
000A
00A7
00BB
010A
FFB0
FFB0
FF8B
0055
FFED
FF69
FF98
00A4
FF58
FF6E
FFA1
FFEA
005C
008E
00A4
0096
0085
0021
0055
FFCA
FFA4
0006
0011
002B
0018
0084
FF56
FFBC
FFCD
FF91
FFC3
FF3D
0025
00BD
0065
00A1
0073
00A3
FFEB
007D
FF66
00DB
001D
FEE0
FFF3
FFC9
FFC5
0053
FF90
0011
FF95
0070
005A
007C
001D
FFF7
FF7C
FFBE
FFC6
FFF6
0020
FF79
0035
FFD3
005B
0067
FFA5
FFA0
0047
FFA8
FFA4
00DA
FFE6
FFC6
FF04
005F
0006
FFE0
0025
FFAC
FFDA
FF9A
FF5B
0016
0047
004C
002E
FF7B
FF62
FFAF
00A9
FF36
0052
FFE3
FFE7
006B
FFAC
00C3
FFAC
0032
FFF1
FF1F
003A
FFEF
0054
FFED
0042
FF7F
00AB
00B1
FF7F
000C
FFBB
FFCD
FFC7
000E
FF22
FFF7
FF60
007B
FFCC
FFD4
0038
FFC6
FFAF
00A4
00A3
0003
0047
FF58
FF93
00E9
0028
FFD1
FF38
005E
FF8E
FF80
FFEA
FFE1
FF45
0049
0018
FFFB
FFA5
00AB
FFFA
FFF7
0049
0055
FFE6
FFA6
FFA2
00CB
FFC7
FF8F
008C
FFF5
0043
FFCD
FF75
005A
FFD3
0060
FF7A
FFD8
FFD5
FF22
FF21
0075
FFE5
FF3C
FF63
FFE7
FFAF
0052
0097
FFFA
FF72
FF9F
FFE4
FFE9
FF47
FFDA
FFD0
007A
FF6F
000B
0049
007E
0045
FFEB
FFA0
008B
0035
002D
FF9E
0001
FFBA
FFD5
0028
FFFA
FFFA
FF82
00F4
FFEA
0106
FF86
00E5
0094
FFB0
004F
0045
0054
FFB6
FF90
FF8A
FFE1
00B7
FFF3
FF70
FF99
0098
00C5
FFDD
0074
FF37
FFF7
003D
FFC9
0050
001E
0101
00DE
0001
0083
00AF
0090
FF74
FF73
FFAF
FFAD
001B
001E
FFFC
FFEE
FF6B
FFF0
0114
FF31
FFC2
0034
0062
FF3C
007E
008C
FFCB
00F8
008F
0001
FF6D
FFD1
FFC4
FFF2
001E
0020
0057
FF4B
0045
000F
FFB1
FFE1
004C
FF9F
001F
000C
0028
FF97
000B
00EF
0088
FF87
0037
006D
0007
FF55
FFDA
FF97
0009
0047
FFBA
FF71
FF4D
FFA3
FFE9
FF1F
FF90
00B3
0017
0012
FFDA
FF94
0003
FF3C
0040
0009
FFCC
003D
FFD5
FFE5
0042
FF96
0035
00D1
0008
FFA5
FFC9
FFEB
0069
0078
FFD2
FFE1
0041
0067
FFC3
0073
FFDB
FFFF
FFF9
FFCA
00AC
0019
0022
FFA6
FFA3
0062
006C
FEE8
FFD9
0015
FFCC
0078
FF71
0019
FF63
0022
0006
0017
002E
FF76
007D
FF3A
FFDB
002D
FFD1
001C
FFCF
0026
FFB7
005C
FF88
FFEC
FFCE
FF7D
0059
FF95
FF3B
FFBF
0055
FFE9
0043
FFD0
007F
FF64
FF66
FFB6
0070
0048
FF88
FF8E
0031
00B4
FF4C
FFF8
0042
00EC
FF65
00C9
FFE6
00A9
004B
00B4
00A7
FF9F
FFA2
0072
0030
FF59
0015
001D
FF71
0002
FFCC
0025
FF5F
0046
FF5B
FF74
003B
0062
FF6B
FFC7
FFB5
0002
FFB3
0008
FF6C
FFB7
FFDC
0073
FFBE
008D
00D5
FFD2
FFC6
0022
0023
FFAB
FF46
FF68
00CB
FF3F
0032
FF75
0036
0019
FF61
FF30
FFFC
FFCA
FF94
FF96
FF86
0050
0015
0059
0054
0021
FFF8
007D
002E
FFC7
FFF7
003A
FFBD
00E5
0051
002A
0007
008F
0068
0018
00AD
FFEF
002C
0074
FFEF
FFDD
FF8E
FF62
0076
FF71
0022
006B
FFCE
FF5D
FFD9
FFAB
0016
005E
FF7A
00AE
FFE9
0047
005A
FF6F
FFA0
003E
0019
FF9B
FFAA
FFB8
FFCD
0031
FF6A
FFDF
FF64
009B
0040
FF79
FF6F
FFD5
FF6F
0025
0009
006B
FFD2
00A2
FFDB
0082
FFCB
002B
FF8A
FFC3
FF40
002C
FF7C
00CF
FF94
FF8F
0098
0036
002A
0038
FF81
FFE4
003C
0055
0049
FFA0
FFE5
0029
008D
0006
FF70
003D
0020
FF57
0072
FFDF
001D
FF66
FF52
FFB6
005C
FFF2
006C
FFB7
0023
FF01
FF97
FFF0
FFC7
FFEC
0059
0081
000C
FFF3
006E
001A
0026
FF8F
FF87
0013
00AC
0041
001C
FFBE
FFE9
FFBF
0058
0013
00A3
FFD3
FFB5
FFF9
FFF2
FF86
004F
0012
FFD0
FFDA
FFAD
FF31
00AA
0053
0092
FF9A
004D
0067
004F
0066
0031
FFE5
0059
00D3
FFD4
FFC1
009D
00EF
FFD3
0021
0083
00DE
FFE8
0025
003C
FFB4
0012
FFBB
FFC1
0078
0029
FFCB
FF98
FF5F
FEB2
004B
FFA6
0027
00AA
FFB0
018C
FECE
FF62
0136
005C
00B4
FF0C
001F
FF5C
0013
004F
01D9
FFE7
00FC
FE8B
0148
008C
000A
FF8C
FEE5
0058
0099
FF79
FF43
FFE8
0073
FF26
FF60
0128
FFCE
FEB0
FF91
001D
010E
004E
0147
0027
FF80
FEAE
0138
0046
0086
FFE9
FFCD
FF49
FF49
0013
FF8C
FECE
FF01
0067
FFB3
FEB4
021C
FF73
00EC
FF97
0217
FF75
018F
0021
FFD0
0049
FFF7
000C
FFD5
0150
0005
FF36
012B
00CC
FF46
0029
FE54
0090
FF55
FF73
00F4
FFC0
007C
0007
FEE4
0014
01BF
FF9F
0063
002F
010D
00E6
005B
FF39
FE8A
FFB5
FFCB
005B
FFDB
FF30
FF0D
009B
FF82
FF0E
FFB7
0122
FF33
FFC5
FF11
FF4D
FE41
0057
FFE8
0015
FF65
001A
0022
FFE6
00B7
FF72
000E
0050
FEF2
0021
FF9B
0040
FF85
FFB3
FF3D
0059
FF9B
006C
0044
0048
002A
000C
002E
FFE0
FFB1
003F
0003
FF92
0033
FFD5
0010
FFBE
004A
005B
0033
0089
FFFA
0013
008C
005D
FFEE
FF95
FFEC
00DF
FF7D
000C
FF83
FF8E
0022
0055
0047
00A9
006C
FFEB
FF38
FF8C
0019
0051
0025
000E
FFFB
001B
0068
FFE8
FF63
FF90
00B9
0072
00A5
0038
FF37
008C
0065
FFE3
0006
FF8D
FF9C
0084
0047
FFD3
003A
FF8E
FF87
00C6
0055
FF5C
FF5B
FFEC
FFBE
FFEE
FF6E
0013
0016
008C
0077
000E
0087
FFAD
0056
005C
0055
FFA9
FFA4
002D
0020
0009
FF71
0043
FF6D
FF7A
0003
00C6
0030
FFC5
FFFE
FFC6
0023
009F
0011
008D
006C
FFF4
003B
0009
FFB0
0038
FFE4
0039
FF9E
0092
FF8F
FF7C
00B5
FFEE
FFA7
00D5
FEEE
FFFE
FF6A
FF88
FFC8
0080
002D
FF6A
FF1B
FF7E
FF01
0078
FF4C
0011
FF89
0057
0032
FFA1
FFDA
007D
FFC9
0008
0044
FFC1
FFAC
00BF
FFB8
FFDB
0002
FFBF
00B7
FFEF
0089
FFFB
005C
FF92
FF76
00A6
FFCC
002E
008E
FFC3
FFEF
000E
0015
005D
0056
FFE0
FFD2
FFA6
FFE4
FF52
FFDA
FFAC
000B
0096
FFC1
FFAF
0000
0039
0022
0040
0082
FFDC
FF47
FF59
0095
001F
0032
0098
FFD3
FFD0
00E4
FF79
FFC7
0021
FFDD
006C
FFCA
000D
FFCC
00B4
0060
FF83
FFAB
0030
FFCC
FFE0
FFCC
0032
FFDE
FFD8
005D
0006
00D3
FFE5
009F
FFB9
FFE6
00C1
008D
009E
FF9D
FFF5
00A2
FF76
005F
00B6
FFB0
FF91
004E
FFDB
0013
008A
0050
FFE4
FF1A
FFE2
00FA
002B
009A
003E
FF11
006F
00A4
FF64
00A6
FFD0
FFEF
FFB7
001C
0072
0058
004D
0041
FFD5
FFBF
0061
FFEF
0017
0030
0061
FFAA
FF82
0062
0022
0046
FF6E
FFC0
FF60
FFC9
FFFB
00A9
001D
0082
FF35
FFB5
0026
FFB4
0014
00B5
FF51
002E
0039
004E
009A
FFD2
001B
FFD5
001D
FFE6
003F
006C
00E3
0078
FF19
00C1
FF95
FFCB
0022
FFE0
0036
FF8D
0013
0015
0057
FFDC
FFB6
0079
FF7A
00D6
FFE0
FF87
FFC6
FF72
FF5F
00A4
0013
FFC7
00B2
FFE6
FF9E
FFF5
00B1
FF79
0003
FFEB
FF90
FF82
FFD5
0057
0013
0074
FF9A
00B1
FFDF
FFE7
0075
0024
FF6B
FFE3
FF4F
FFB8
FFE0
0025
FFC5
0060
FFD6
FF40
003A
0027
FFE6
FFF9
0035
0009
FFB5
0018
0064
FF37
0078
FF25
FFED
FFA6
FFB7
003B
006C
FF80
0057
FF9C
FF8B
FFB4
FF52
0001
000C
002F
0027
002B
FF71
FF8A
FF1C
004C
FFC5
FFE1
00DB
FF8D
007C
FF5F
FFBC
0023
002F
FF29
FFDC
0051
0020
FF8B
FFD7
0077
0006
FF60
FEF6
0066
0055
0086
FF32
FF8A
FF65
0064
FF78
FFF0
FFF4
FFAE
0043
FF7B
FFE5
FFC8
FF31
0091
0009
00A6
0096
FFB3
FFD5
FFD3
FEC6
002A
0013
FFF3
FFB5
001B
001C
FFD4
FFBD
002F
FFE2
004B
0012
011B
FF7B
0004
000F
FF67
FFDE
0102
004D
0007
0050
FF4B
00A3
0004
FF74
001E
00E2
0022
FEDC
FF77
002A
000C
00EA
FEFF
FF87
0021
FF68
0032
0087
FFC9
007C
FF35
008A
FFFE
FEDB
FFEB
00BA
FFAE
0068
0047
FF94
FFC9
FF42
FFA2
00C5
0018
FF14
FFDA
FFE2
006B
FFFB
FF18
00AA
FFE1
0002
FFDB
FFFF
FECF
FEE9
FF0D
FFF3
FFE6
0003
0040
FF08
00E7
FF9A
00CD
FFD7
FFEB
0019
FF04
004C
00AE
FEF5
0142
0048
FF6F
002B
FFC6
FFF4
00E9
008B
FFC2
FFA0
0070
FEB9
FF9C
007F
010A
FF21
0078
FEBF
00F8
00F3
008D
FF46
0055
FFFD
FFC2
FEE0
FFAA
FEF2
0066
FF4A
FF0F
0099
FF7C
FEC4
00A9
FFF9
FFA2
FF85
0071
00A0
FFB2
005A
0159
FF8C
011B
FF4C
FF80
FE72
FF3E
00AD
FECE
FF96
FF8E
FFE0
FF8D
FECF
0093
FF30
0015
FF86
0000
FF69
0063
00FE
FEE9
FFA5
000D
FFCC
FFA7
01BD
FF3C
FF8C
002C
006D
FED7
0069
0033
FFA4
FFDB
FFB3
FFCA
FF36
002F
00FD
FFE1
FF99
0060
FF45
FFFC
00A1
0048
FFE3
FFCF
FFA6
FED3
FFCD
FFE6
004F
0118
007C
000E
FF7F
FF97
FECC
00D4
0096
FF9E
FF89
003C
FF1C
FEB8
0053
FED5
0046
FF2C
0122
FFEE
FF07
FF83
0080
0003
FFED
FFE3
0051
FEFB
0023
FFC3
FEF0
FF8E
0011
FF6E
004C
0072
003B
0078
FFF1
0035
FFF8
0005
00A2
FFE2
005C
00F5
FF4B
FFB5
FF76
FF6D
00BD
00F6
FE6B
FFC2
FFF2
00A1
00E0
00BE
002C
FFC8
FF9A
FFB9
00A1
00CC
FFCE
FF5B
0086
0034
FF22
0025
006C
00AD
FF6F
00E7
002B
FFA4
FF8B
FFD2
0022
007D
00B8
00B4
FF6F
0066
FEF4
0032
FFFB
FFFA
FFDD
0035
0039
FF2C
002D
00C4
FF71
FFD5
007C
FFF1
0001
0001
0079
FF7C
FF41
FFC9
FF95
FFF2
FFD7
008E
001B
FFB6
000D
003C
FF69
FF74
FFBD
FED4
007D
00BF
FFA6
0041
FF78
002A
0074
FFCB
FFDD
005D
FFDD
FFEE
00B8
0086
0010
FF9B
0084
0074
007D
00B3
FFD3
007F
FFEF
FF6B
FF05
0015
FFC4
FFAB
FFB0
FFA6
FFFD
FFAF
0007
FFF7
FFF6
FFD6
003B
0045
006E
0009
FF95
0028
0008
FF96
006C
006B
FFC9
FFCD
0022
FFD1
00A8
FF8F
FFFB
FFEE
0075
FFC6
004B
FFD8
FFE3
FFC8
0068
0064
FFA2
FFA4
0028
FFB3
FFCD
0055
0028
008A
000F
004F
FFF0
FF8B
FFC6
FFF6
FFF4
FF58
FFA4
FFB0
FF5C
008C
FFA2
FF8B
0034
0042
006C
FF9F
000A
002D
FF73
FF47
0014
0046
FFFF
009F
FF76
FFF7
007A
FF7B
0091
FF48
0079
0091
FF6C
FF97
FF8C
FF68
FF67
001F
0068
0045
00AA
006D
FFD8
0004
0081
FFEF
003C
004E
000F
FFC4
003C
FFEE
0038
0013
0008
00CD
0041
FF55
002F
003D
FFC5
0053
FF4B
FFE9
FFBC
006A
002E
FFC0
FF5C
FFEE
FFEB
FF7A
FF7C
0008
FFFC
FFC8
0023
FFF6
FFD5
FFF6
0027
0029
FFA9
FFE5
0016
FFF4
FF91
FF9C
FF7B
0047
FFDF
001E
FFC2
FFA0
FF9D
FF91
00B8
000A
0012
FFBA
0034
FFFC
0053
FFDB
FFCF
005F
FFEA
FFB3
001D
FFE4
FFBE
FFB4
00BF
FF7C
FFE9
0052
FF7C
00A4
0096
FFA9
0005
003D
FF9F
0026
FF36
004A
FFE0
FF68
007B
FFBA
FF65
0068
FFB6
001F
0091
0055
0002
FFEB
0057
FF87
002A
FF71
FFF5
00CE
0044
FF8B
0021
FFBA
004B
FFB8
FFAA
FFA2
0082
FFA0
FFCA
0052
FFC3
FF32
FF55
003F
FFE4
001F
0067
0033
000B
FFA5
000F
0007
008E
FF39
0035
FFFC
0042
0015
FFB8
FF8C
FFAD
FFFC
002D
0067
FFD2
0093
0052
FF7A
FF5D
0052
FF61
00A0
0029
FFD9
007E
FFDF
007B
FF98
FFCD
0058
009B
0000
000D
FF2E
0062
0016
FF2C
FFEB
0055
FF75
0029
0022
004C
FF77
0066
FFB1
FFC4
FF9F
006E
FF51
0001
0009
FF48
FFDE
FFD2
006B
0012
FFAE
00B1
009D
000A
00AA
00D8
0064
FF7D
FF87
002E
0063
FFB5
FF96
FFD7
FFB6
004B
0047
007B
009B
000F
0016
FF3F
004D
0023
FFA9
0051
0090
00A0
0096
0030
007F
FF6F
FFCA
FFE5
FF64
001E
FFB7
FF4B
FFB3
FF94
0074
0098
0065
FF6B
FFE1
009B
008E
FF3D
001C
FF55
FFD0
FF39
004D
FFFE
FF2F
0029
0086
005C
FFA3
0045
0020
FF7A
FF9D
FFD2
000C
0095
FFE7
0038
FF56
0029
0084
FFE5
FFA7
FF83
FFAB
FF34
FFEA
FFF4
FF92
0031
00F2
FFB2
0078
FF98
0016
0094
0027
0052
0072
0054
006E
FF7F
00C6
005F
FFD8
00A2
005A
008D
FFB4
FF82
FF69
0055
005A
0084
FF5D
0054
0072
0026
0045
0094
FFC9
FFC4
0082
FFEA
FF74
FF75
FFAF
00C1
FF2A
FFD7
003D
FF42
00BB
FF62
00B4
FF66
FF8A
FFA3
FF01
0044
010C
FFCF
FFFD
0061
0071
008E
FF22
FFE3
00C5
FF9F
0078
0027
FFC9
FEE6
0048
0091
0000
FF80
00E6
FF87
008F
006F
FF89
001D
00A0
0024
FFDF
FF1E
FFFC
001D
008A
0074
FFFB
006D
00AC
FF4E
00B4
FFD5
009F
0049
00CC
FFEE
FF60
FF28
003F
FFEC
FF87
0025
FFCF
FFF2
FFC8
0027
FFF7
FF31
0087
0055
FFFD
FFA1
00C6
FF3D
FFAE
FFC0
FFC5
FF44
0047
005D
FF15
FF66
FF5F
0072
FFE5
00B1
FFB6
FF76
0137
FFFB
FF28
0076
FF26
0010
FFEF
FF03
0101
FFE7
0059
0032
FFA1
FEF7
00E4
0022
0037
FF8E
00A9
004C
0084
FFAC
FF7F
FFDB
FFD7
FFE6
FFD3
FFF6
FFB4
0032
FFE1
FF8B
FFCA
FFFF
003B
0053
FFD3
FFDC
0089
0066
0002
0070
FF4F
002F
FFE5
FF8D
FFA5
FFE0
0078
FFBE
FF81
0031
0014
FFC1
0087
FEFD
003B
007C
FFF6
0087
FFD3
FF51
0091
FFDD
FF9D
000A
0024
0036
FEF2
00A7
007D
009C
FFAC
FFB6
0026
0006
0019
00CE
FFA6
0052
0012
002E
FFA2
FFFF
0035
00D6
FFB9
FFB1
001F
0040
0081
00B8
009F
FFFD
006D
FF47
FFF0
FF4A
FF8E
FFA2
0035
FF8D
FFD9
FF95
FF9D
FF92
FF91
FF44
0032
009A
001A
0073
FF9F
0012
FF6D
FF1A
FFDF
00A0
0058
001F
0039
FFFF
FF13
FEF6
FFA8
FFC9
001F
FFB1
FF4E
0021
0024
0078
FFC5
FFC2
0092
0066
FFF0
FFD2
0052
FFA0
0029
0121
FFB4
FF37
00AC
FFA0
FF4D
FFDD
FF37
0040
FFE8
FF13
FFD5
0073
FF85
FF54
0011
0013
FFF7
0095
FF26
FFB2
FF7A
FFA5
008F
00D5
0026
FF81
FF64
FFAB
0034
0097
00BF
FFA6
0050
FFBE
00DC
FFB1
FFD2
0016
FF8E
FFDC
00E9
0058
FFC4
00CB
002F
006A
FFEE
0086
0034
000C
00A3
FFF4
006E
FF49
0060
FFDC
007C
0039
0085
FFD2
007C
0089
0079
0093
00A9
FFFA
0059
FFF6
005D
FF75
0021
0112
007F
FF93
0017
FF1B
009F
001D
002E
FFDA
002C
00B2
003A
FFED
0014
FEFD
FF69
FFAC
FFFE
FF32
FF47
007F
FFE1
FF3D
FFAF
FFBD
002F
FFF0
0006
0088
00CC
FF6B
FF94
FF2A
00C7
FFB1
0009
FF2F
0031
FF52
FFB7
001D
FFC7
FFF5
00D7
FFEC
FFC2
FFAB
004B
0054
004F
001A
00DA
FFCD
0061
004C
0062
FF7A
00C4
FF34
FF9B
FFC9
008A
004C
00A3
FFEE
FFDE
0055
0047
008C
FFB8
0046
FF33
0072
FFFB
FFF2
004E
FFF7
FF8A
FF9E
FFCE
002B
00A2
00B9
FF96
FFE2
FFDC
0007
0014
0005
00BC
0052
010B
FFE0
FFE4
FF9B
FF51
0008
000B
FF67
0144
00D2
FF62
0079
FEDF
FF2C
00D1
008F
FF5C
FF06
0119
FF39
FFA1
0008
0012
FFAE
0158
FFF3
00B0
00EF
FF55
FF9C
004E
001E
0000
FF82
FF7D
FFA6
000A
FFCD
FF8A
0143
FF8D
FE6C
FFE9
FFD9
0009
00E2
FFD4
0033
FFE9
FF4D
00CA
002E
00D8
FF1F
0048
FF4B
FF21
000A
FFEA
FF6C
FFEA
FF9D
002B
0039
0092
FF21
FF50
FF85
FFA7
FEFC
0072
0001
FFEB
00C7
FFB7
FFBA
0055
014D
FFD2
FF6F
0031
FFD7
FF0C
0093
FF6C
000F
0076
FF8E
010A
0066
0043
0075
003B
001F
FFEF
FEAF
0111
002D
00A8
FFCD
FFC9
FF9F
FEEE
0084
0055
0099
0020
004B
FF99
FFBF
FF83
FFF1
004D
0014
FF04
FEFB
FF92
FFBB
FFC1
001E
FFA1
FF7D
FF51
003A
FFA2
FFBD
FFFF
FFBD
002B
FF65
FFBD
FFEC
0001
FFE7
007E
FFE1
FF73
FFEC
004E
FFD4
FFD5
FFC2
006A
0003
0041
0003
FF8C
0027
0025
FFD1
FFAC
FFBD
0045
FFCB
FFE0
0008
0098
0096
FFA7
FFB2
006A
FFD1
0034
FFBC
00CE
007E
FF34
FFBA
FFEE
FF6E
000F
FFF6
FFED
0013
FFA2
00B7
FF6B
FFC7
0083
0056
FF62
0008
009D
FF0E
FFDE
FFC3
FF2E
003F
FF4B
FF7D
00A4
FF88
0059
009D
FFD0
0003
FFFD
003A
0044
0089
0031
001A
FF95
FFD4
002C
00C2
FF7A
FFC7
0030
FFA6
FFF0
000A
FF7D
FFA6
FFF8
FF3C
004C
00F3
FFE6
0023
FFD8
00A4
FFB3
FF51
FFBD
FFC7
FFFD
FF5C
FF8F
0041
FFC8
FF4B
FF9C
00BB
002B
0072
000A
FF72
0013
003B
FF97
00C3
004A
0069
FFDE
0098
0034
FF75
FFF6
FFF3
FF6F
004A
0038
FF93
FFE8
0039
00A6
FF5C
FFF6
000D
FF97
FFCF
006A
FF85
0046
0004
0026
007E
FF4A
0070
000F
007F
006E
FFCD
0005
0037
0008
00C7
FFB9
0073
00A8
001A
FFF2
0031
FFB0
0064
FFC0
0049
005F
FF86
FFF2
FF96
FFA8
FFB9
FF8B
0020
0036
0021
009E
FFFE
00DE
FFE6
FF64
0086
002E
0050
FFFD
FF67
0007
FFFA
00A9
FFDF
0072
00CA
0044
0046
0051
0074
FFA1
FF77
FFF0
FFFC
FF80
FF6D
FF8F
0027
FFC5
FFEB
FF7A
FF7E
0007
FFE3
003D
0089
FFB2
FF6E
0062
FFB4
0018
FFDA
FF8D
007C
00AF
0048
006F
FF7D
006E
0096
FF9A
FFC2
FFB1
FFF3
FFC7
FF62
FFFD
002C
0035
FFAC
0014
FFBC
FFC7
0099
FFFA
005B
FFA5
FFA0
0028
FFC9
FF92
00AC
004E
FFD3
FFA6
FF99
FF88
FFCA
FF9B
FF97
006E
FFD1
0053
FF47
FFC0
FF80
003E
FF75
FF48
FFEA
0046
FFC6
FFC5
0013
0004
0069
0056
FF8E
000C
FFFF
0037
FF71
FFFC
000E
FFBE
FFA6
FF82
FFFF
FFDC
0058
0022
FFC7
FFDD
FF92
0035
0064
FFFB
FFB4
FFB7
FFD5
003A
0032
0027
FFC3
FFB8
FFF2
FFCC
FF2E
0038
00EB
0025
FFDD
003C
00F0
FFBB
003B
FFAD
FFBE
FF96
FF42
0085
FF4D
000E
0008
001B
0088
FF69
FF84
003A
FF6C
003B
0066
0041
FFAC
FF0B
FF6E
FFF3
FFDA
FF79
FFBD
FFBB
0005
FF63
FFD9
FFE7
FFB1
0047
00F0
FFF9
001F
FFB2
FF52
004F
FF7C
FFDA
FF73
0097
000A
0074
FFAA
FFEC
000E
0086
FFE9
FF95
FFA1
0097
0075
FF81
FF6B
FFBD
0095
0085
008B
FF58
FFD2
0061
FFE1
FFF1
0044
FFC2
FFC0
FF85
00AC
00B7
0048
FF76
001B
0037
FFAE
002B
FF5E
007A
FFEF
0062
FF8B
FEC9
FF5B
FF96
004D
0108
00BC
005D
00F8
002E
00EF
FF28
000D
004A
0129
FFB1
FF6C
0073
FF52
0090
00CE
FFF8
0000
0141
FF1C
0078
00DE
0084
FFD6
0032
FF29
FFC6
FFAB
FEE6
FF8E
0020
0037
0043
0052
0042
FEF0
00B1
FFB3
0173
00CD
003E
FF61
0061
0003
FF38
FF70
016C
FF9A
FFB9
FF81
FFE8
0138
FF0D
FF09
FF51
FFAC
FFA6
FF8D
00AF
FF34
FEE8
FEA4
FFBE
FFBD
00E6
0043
000F
0038
0055
FFF8
FFE5
FFE3
FF0E
FFAF
0179
FFE5
0055
FFFF
FED5
001D
005E
FF6B
00BC
015A
005B
FF92
FF38
FEE7
002F
FEC7
FFC2
0060
FFFE
00BE
001A
FFFC
FFB5
0095
FF99
003A
0011
FF05
FF62
00EF
0030
FFE0
013A
0128
FEDE
FF01
FF65
FF98
FF02
FF6A
001B
FF12
FF12
00CC
FF76
FF44
0018
004A
FFAE
FF56
000E
002A
0011
0026
FFEE
FFB2
004B
002D
0019
FFC0
FF98
FFFA
0026
0038
0068
FF82
007A
FFC8
FF01
FFDE
00A7
FFAF
0087
0051
002B
0046
FFE9
005D
FFA9
FFA4
FFD4
001C
FFE4
FF7B
0000
003E
FFAA
000E
FF66
005F
0011
FFA4
FFD2
008A
FFC9
FFEB
0078
FF81
006A
0000
0025
FF5D
0083
002A
0077
000D
002B
0019
0077
FFF6
FFC7
001A
FF65
FFB8
FFF7
FFE7
FFC6
0011
FFA2
FFD2
FF96
FFCE
0022
008C
FFA2
004D
0007
0032
FFB4
FFB8
0060
00D6
FFFD
FF94
0006
005C
FF9F
FFE1
FFDC
FFC9
008A
FFF2
FF5C
002C
FFA3
FF21
002A
FF9F
003A
FFB4
FF6D
0088
0016
0047
FFDD
FFF5
FFE4
FFD0
0033
0075
002F
008A
FFB9
0061
FFF6
006F
0019
FF9C
FF84
FFE0
FFE7
0075
FF9D
0006
FF71
0046
FFB8
009A
FFA4
FF9A
0054
0035
0018
0049
FFF2
FF97
FFE8
0091
002F
FFBA
0097
FFFB
FFBA
0086
006C
FFD0
000B
FF89
FF7A
0057
0110
FF9C
FFF6
002A
FF95
0046
FFE7
FF2F
005F
FF40
FFFC
0076
005E
FFFF
0017
0056
0071
FF2E
FF9B
00BA
0041
003A
00A2
FFB5
002B
FF72
FF99
FFF8
FFDC
0074
006D
0022
FFA0
FFBE
FF79
FFD2
FF8F
FF8B
0034
005A
FFDD
FF88
00B0
0092
FFEB
FFC8
FFEF
FFF0
FFE1
0077
FF6E
FF74
FF73
FFB5
002C
000E
003E
003A
FFF6
FFF3
0009
FFDF
0084
FFE8
00C7
0005
0033
000A
FFA6
FFA3
0096
0062
002F
FFF0
FFD7
FFB2
0034
0038
001E
0084
FFB8
0046
FF7C
FF48
FFB3
0020
FF51
003D
0063
004F
FFA2
002A
FF94
FFF6
FFA3
002F
FFCE
FFC8
FFF7
0013
FFBB
FF9B
0018
FF7C
00A4
FFB0
FF05
FFBD
FF56
0092
00B4
FF87
0031
0049
0045
0033
0002
FFDD
005B
FF9B
FFAA
0038
00A3
FFA6
0010
006B
FFA1
FFC1
008B
FF3C
0049
00AE
002E
FFD4
FFFB
FFA2
0052
FF7E
FFD7
FF9B
0044
0043
FF6F
FF7F
0000
FF54
FFF3
FFC5
00D6
001A
FF8D
FF90
FFBC
0066
FF79
FF9D
0049
FFBF
0013
FF61
FFE7
0057
FFA2
FFE9
0015
0015
0055
002F
0073
FF7B
FF6E
0053
FFF0
FF91
0009
009D
FFBA
FFA1
001B
0000
0064
001F
FFEE
0027
001D
FFA3
FFE7
FFD6
FFFF
0046
00A4
003B
003E
0000
00B2
007B
FF70
FF7C
0027
FF71
FFAA
0032
FFC8
FFC0
FF72
0015
FF64
FFA0
0075
00A2
001F
0026
FF87
FFEC
00A7
001E
FFBF
00DE
FFD3
009C
FF8D
FF6A
FF6E
FF58
0031
001A
FF46
00A8
0008
FFA3
00BE
FFC1
0078
FFE2
FF1D
000D
FFB8
005E
0079
0005
FF96
00B8
FF54
001D
FF4B
FFE5
FF7B
008C
005A
FF98
FFC9
0025
FFD7
007F
00C6
004E
00A0
FF4B
0085
FFDA
FFD1
FFFC
FF6B
0028
FFD0
FF5E
FF6C
FF77
0060
00DF
FFDE
FF81
FF93
FFF2
0068
0090
0088
0039
0015
00BA
FF69
FF92
FFD1
FF68
FFBE
FFC6
0004
FFEB
FF7C
00AC
FF3E
FFE2
0033
0006
FFD6
FF53
FFBF
003D
FF96
FFE9
0005
FFC4
0058
FFD7
0020
007F
FF03
FFB6
0033
00F4
FF81
0012
00A8
00B1
FFE7
FFF9
FFFC
FFFC
FFAB
FF90
00C0
FFDA
FFB2
FF79
FFE0
0017
00B5
FF1B
FF8F
FFAA
FF95
FFAA
0069
FF8F
FFC7
FFF8
0025
FFE6
002E
FFFE
FF3A
FFBD
0051
FFE9
0014
001D
FF84
FF49
FFB9
FFB5
FFEC
0060
FFC7
006A
FF5A
005B
0010
FFEF
FFF3
FFAB
007D
FF5F
FF22
FFEC
008C
0060
FFD7
001F
FF55
0000
009F
FFB8
FFE7
FFEF
FFA4
008D
001C
FF91
00C3
FFCE
FF39
0091
FF4A
0001
FFF3
FF55
00A2
FF4E
007A
00A1
FFDF
FF8A
001C
FF8F
FF99
FFA7
FFBB
00CB
FFA2
FFA1
001C
FFDA
0036
00B6
0098
0063
0088
0007
003E
0089
003D
0037
FFAE
FFFE
FF6A
FF77
FF51
0010
FF82
FF9D
00A7
005B
007B
0008
FFC9
FFAC
FF2A
FF6F
FFCB
FFEB
FFAC
FFC9
FFD6
0006
0036
FF97
FF5F
0044
FFC5
FFB4
FF95
00E7
FF98
FF52
FFC6
004B
006A
FF19
0050
0024
001B
0034
0033
FFE6
000A
FFAC
FFE5
001D
002A
0059
FF85
0097
FFD5
FFA8
001D
FF9A
0075
FFE9
FF5C
000A
0052
0021
FF8F
00C0
FFAD
FFA2
FFD3
FFFD
002A
FF9B
FFBE
0024
FF87
009C
FF7E
FF64
006A
0003
0080
FF6D
0056
FF74
005F
0074
0026
00C1
FFC3
000F
FFAB
FFE1
FF7B
0085
FF93
004A
007B
0023
0020
FF94
0055
008E
FFB9
FFD9
0098
FFF6
00AA
00A3
FFD4
0012
001D
FFF9
005F
FF97
0016
FF93
00AB
0028
FF8F
006B
002D
FFB0
0024
FFCF
0038
007A
FFF8
FFE2
0028
FF6F
FFAF
FF6F
FFBB
0003
0009
FF2C
FF5E
00D0
FF69
FFE3
FFEC
0029
FFE5
FFFC
005B
0042
FFED
FF3A
FF82
0023
FFDA
0015
FFF9
FFA2
006B
006F
0070
0005
00AA
FFD3
0024
0054
FFEA
0074
0074
FFAF
00D6
0018
0092
001E
FFB0
009E
FFD9
004C
FFEF
FF8B
004A
FF7D
008A
0072
FFBB
0050
0013
0000
FFF3
00C0
006B
FF6D
FFBD
00C6
00B9
FF78
000E
FFE6
FF4C
0070
0001
FFFE
0013
0015
0064
FFCE
FFD5
00BA
000C
FF87
006B
0045
FFA5
FF8F
0044
003E
003B
FFDE
0087
005B
FFF1
0033
FF71
005C
0059
FFA6
0081
0020
FFF5
009C
FFE6
002D
FFB6
FFD7
FF33
FFB8
00CF
FF7F
0058
FF86
0008
FFEA
FFCF
007C
FF86
FF3F
0030
FF91
FFBD
000B
0017
00C2
FFD1
FFA2
FFEB
FFEF
FFFA
FFD8
0075
007A
0059
FFE8
FFC9
0042
FFAE
FFFE
0071
007E
FF4D
001C
FF88
FFA5
FFCB
FF38
FFD0
0089
0047
FF79
0039
FF65
FF53
FFE0
FFEC
FFD2
FFD7
0042
007E
009D
FF9E
005D
0028
003F
FFE3
0089
FFBC
FF8E
0011
0081
0030
FFE2
0096
FF7C
FFB1
004D
0046
006E
FFCC
FF71
0070
FFE7
FFA7
FF81
FF8F
FFF1
FFD0
007A
FFC2
006E
0085
0082
FFCE
FFDF
004B
0004
0026
002A
0030
FFCB
FF73
00A3
FFE0
FF97
FF80
FFAC
0056
00BE
FFF0
FF9E
0054
FF5B
009C
FF93
00A5
FF88
002E
0009
FFDB
FF08
00F1
0096
FF89
0071
0074
FFB6
FF96
0037
FFF9
FF85
FF9A
005C
FF8F
003E
0092
0097
006C
FFF6
006C
FF76
FF90
00C6
005D
003A
FF18
FFC9
FFD0
FF78
008C
FF9D
0031
FF7C
0047
FF7C
FFDF
00BB
0013
005F
FF5D
FF9E
00D9
0018
003C
FFB1
004E
FF53
0018
002F
FF38
FFE3
000E
FFE5
FF90
002A
0002
FFA7
FF97
0026
FF5A
001E
FF83
FFF4
FF78
0072
0106
FFB2
FFD9
00CD
FF2C
FFC3
FFA6
FF97
00E5
0046
FF37
FF8C
0050
FF98
0003
0004
00A4
FFED
0097
00A6
FF9F
FFAB
0099
004A
0056
FF3F
002D
007F
0035
FFE7
FF5A
FFD1
FF96
FF80
FFBB
001A
FFD6
FFB7
FFAA
FFE6
0024
0083
FFD6
FF04
00FC
00CA
FFF1
0002
000E
FF73
FF87
00A0
0099
FFAE
FFEA
0052
0086
FFB0
FF9D
FF1D
001C
0023
FFF3
FFFE
FF96
FFD6
FF8D
FFFF
FFA5
001A
0056
0044
004C
FFCB
FF8D
FFD3
FFFE
FFC1
0063
FFDB
0080
FFD7
0032
FF5F
0077
0050
FF92
FF85
FFBB
0026
FFCC
0026
0023
004A
FF84
003D
003D
FF9B
FF95
0077
000E
00B9
0007
FFD0
FFFE
FFCC
FFBE
FFAF
007C
FF85
FFA2
FFC5
FF6D
009E
FF6F
004A
FFB1
FFFC
0067
FFA3
FFA5
004D
002C
FFC6
0081
FF75
006C
0063
FFC0
FFAF
FFA4
0066
0037
005E
002E
FF53
FFD3
009C
0060
00BC
FFDF
FFF6
FFA7
FF7D
008D
0080
0007
FFDB
FF79
0028
0043
FFD0
0093
FF59
FFDE
009E
FF44
0066
FF82
FFEB
FFF7
0085
0007
FFAD
FF41
0015
008D
0084
0082
001C
0051
FF7C
00D3
0057
001D
0033
004E
004B
0034
FF97
FFB9
FFBA
005D
FFF9
001F
0026
0090
0068
FF28
FF97
FFFD
FFDB
0048
0035
0022
FFE2
002B
0015
FFBB
005C
0017
FFAA
FF77
FFBF
FFD5
FFF1
0059
FFC9
FFC6
FFD4
0036
0005
FF91
FFCA
003B
FFF7
004D
FF41
FF6F
0046
FF97
FF88
FF8C
0048
FFB2
FF96
FFD6
0093
FFFB
FFF9
FFD7
0001
0007
FF69
000C
0062
0096
005D
0096
FF69
FFD3
0053
FF72
FF67
0003
0021
0092
000D
FFE1
002E
009C
FFD0
0008
FF5E
007F
005B
FF79
008B
FF8B
FF90
FFE3
0012
007C
003A
000F
FFAD
FF21
001A
FFA0
0053
00B0
FF54
0048
FFDF
FF95
006B
0043
0032
FFAC
FFF9
FFD6
FFE6
0004
003E
0004
007D
0004
0042
FFB2
0084
FFC7
FFDC
FF79
000F
FFEF
FFF1
007B
FFDE
FF71
0004
002F
FF9B
FFC7
FFD9
FF5A
00B9
FF71
FF99
FF8E
FF90
008B
0028
000A
FFB4
0014
002C
0003
FFD7
00B6
FFB2
FF79
0000
0075
0000
FF9B
FF64
0086
FFB3
FFAE
FF4B
00AA
FFF7
FF71
000A
FFB1
0031
007C
FF77
FFE1
FF96
0012
FFAF
00D1
0055
0078
FF81
0053
0006
0097
010F
FF9D
0037
FFF3
FF35
00B2
0028
FFCB
FFBC
FFE9
0071
FFCA
0091
007F
FF4A
FF7E
000D
0034
004D
001D
00D3
FFA1
0033
FFC7
FFF1
FFFE
0016
FF23
005E
FFE2
FF64
FF79
FFC3
00C1
FF74
FF7C
002D
FFD2
FF85
0054
0090
0015
FFB5
FFC3
00BF
FFE9
00C1
00AD
007A
0011
0010
0094
000F
000A
0015
FFFF
0036
0003
FFBA
0084
FFFA
000C
FFCB
FFD2
005F
FF67
003F
003E
00B5
FFCB
004D
FFBB
FF8D
FF9A
FF9F
00D3
006A
FFB7
FF8E
FFCD
002F
0083
0053
FF5E
FF51
FFF7
FFB4
FFD5
0000
FFF4
FF6D
0006
0068
005E
FF87
007C
0037
FFC5
FF4E
0019
FFF3
0099
FF97
FF1B
FFE8
008B
FFC9
FFEF
FF53
0002
0010
FFA3
0009
FFE7
FFB0
0016
FF79
00BC
00AD
FFFD
0001
FF63
FF6D
FFD3
0011
0028
FF91
0048
006D
FF56
FFFA
FFF7
FFA5
FFD4
FFA8
FFAC
FFEC
0048
004F
0053
FFD7
FFEF
FFB5
FF97
FFBA
008D
0004
006B
FFDB
0071
FFB3
FFBE
004C
0018
0014
FFDD
FFDB
FFC6
FFC4
00A6
FF5C
FFD6
00B0
FFA8
0069
0036
FFBD
FF9F
FFA2
FF60
FF90
FFC1
FFF0
FFA6
0052
FF1D
004B
FFFF
FFA8
002E
0018
0059
FFD1
FFEA
FFC0
FF85
FFBA
00A4
FFE0
FFF6
FF9E
00E8
FF84
0027
FF4D
002B
FFCC
FF9A
0099
000B
0016
001F
000F
0057
FF8E
FFE2
FFEB
FF85
FFD7
0013
FF99
FFD8
FF7B
FF88
0034
FF54
0043
0022
FFD5
00E3
FFA7
FF14
FF31
FFF3
00F2
0116
FFA4
FF28
0049
FF79
0031
0084
0048
007A
00F8
FFBE
00C0
FF8B
FF7C
004E
0011
FFA3
0084
002A
FFDA
0066
0055
0038
FFC6
FFD8
FF45
0080
0007
0027
FFD5
FF8E
001E
002C
004E
FFF0
FF3C
0045
FFFD
FFBF
FF64
FFBF
FF99
0066
0079
FFAC
FF2C
004D
FF52
FF59
FFE0
FFB5
008D
FF33
FEFB
00A3
FFDF
FFD8
0082
FFFD
FEA0
FF50
004D
FF05
FFF5
005F
001A
FFE1
FFDC
FEF6
0026
FFDF
00E3
FF52
FFCC
005A
FFDE
0047
FF8B
0095
0009
001F
FF35
001C
00C2
0063
001E
FF97
0010
0079
FF5A
FFA0
004C
00C5
008B
FFB3
0026
FF0F
FFD6
0012
005B
006D
FFE0
0003
000F
007F
004A
0072
000C
001B
FFD4
FF54
FF97
FFCF
FF94
00B0
004C
FFC4
0135
FF7C
FFC9
0051
FFB4
0008
006D
FFC8
008D
0000
FFBD
FFE6
FFE4
0017
FFBD
FFC9
0049
FF64
000B
FFDE
00A3
003E
00B8
FFF3
0040
004D
FFEA
FFBE
FF6E
FFF9
FF93
FFE3
FFDA
0072
FFF6
0013
000C
FFB6
FFEB
005E
FF9C
0090
00A4
FFB9
0033
004B
0075
0015
0025
003B
0007
FFEF
FFB5
003A
001A
0028
FF59
0086
0028
FF94
000A
FFEF
0009
FFDD
FF98
FF83
FFFA
FFEF
FFCB
0033
002B
FF68
00A8
000A
FFCC
00A8
00A6
FF52
0055
00C3
FFB7
0085
FFA3
0025
0027
002E
FF8B
FFB4
0028
00BA
0015
001B
FFD4
00A7
0046
FFDA
FF79
006C
FFBC
00C5
FF67
FFF8
FF7B
000A
002D
FFCC
000F
0086
FF34
001E
FF35
005C
006E
FFB9
FFB3
00AC
FFA9
FFCF
0014
FF81
00B2
0044
001B
0052
FF6A
FF48
0073
FF6D
0033
00CF
FFA6
000D
FFD7
FFF4
001B
FF7C
FFD2
FF8B
FFC0
FFD2
FFCF
FFE8
FF35
FFB6
0036
0075
0079
0063
005B
FF6D
0079
00C3
004B
FFC7
FFF5
FF69
FFFE
FFC9
0061
0044
FFFC
FFE8
0048
FFD7
002D
FF98
00A3
002A
FF91
0067
FFCB
0016
0028
0073
0053
FFE4
FFDD
004D
FF3E
003C
FFB3
FFED
0022
0051
0011
FFF3
FF6C
FF82
FFDD
0034
0097
0089
0007
0084
FFDE
FF4D
FF5A
0013
0047
FFC3
FFEC
FF39
FF57
002E
0025
0067
005D
008A
FF88
FFB8
FFF7
0003
FFA8
FFD2
FFAB
FF63
0038
001E
0091
0007
0001
007D
0057
007A
003B
FFCA
0006
0006
FFA3
FFD7
FFFA
002C
00B4
0031
00A7
FF8A
001E
0070
FF0A
0032
FF94
0031
FFDB
0063
0035
0071
FFB7
001F
FFAF
0031
FFAC
0060
0039
FF80
008A
FF84
FFBC
FFA8
0034
FFCC
FF77
FFE7
FF70
FFD0
FFD8
FF71
0038
003A
FFE8
0047
0080
FF9C
FF7C
FFC1
FF32
00BF
000F
FFD9
0016
0040
FF7B
FFEF
FFED
014A
FF62
FFC3
002C
005E
FF96
FFD8
FFA7
FFA9
FF6E
FFAB
0016
FFE4
FFE7
0082
FFD1
0018
003B
FF70
FF73
009F
FF79
004C
012B
FFAF
0094
007A
FF65
0034
FF82
00B3
FFE7
FF79
FF36
0067
0055
FF4D
000E
FF7C
0005
FFC5
009A
00FB
FFB8
003B
FF97
FF8C
0046
0082
00D1
0024
00F6
0025
FFE9
0045
FFD0
FF3E
FFDE
00C1
FF90
FFF1
00A2
FF7E
FFBE
0027
003B
00AA
003B
006D
FFC9
FFB6
0001
00B3
FF42
0093
0074
FFF8
0047
003B
FF71
FF9F
FF81
FF2A
0097
FF52
0067
FF88
FF73
0040
0036
0077
FFFC
FF2D
FF71
FFBC
FFA3
FF50
FF84
FFB7
FF89
FF9B
004B
00AD
0024
0004
0049
0003
0039
0030
FFA4
FFE9
FF3D
00AE
FFBB
0049
0075
FF42
0056
FF66
007D
FFE8
FFC9
FFF8
FF99
FFB0
002A
0058
00AE
005E
FFC0
00AD
0023
0037
0032
00BD
FF6E
0056
0078
0074
FF8A
FF9E
006B
FFE9
FF9E
0015
0104
FFB5
FF22
001D
FFBF
FFBA
FFEF
FFE2
FFAE
0083
0003
FFC2
FF63
FF93
FFA7
007F
FF2D
FF8A
00EC
FF98
FFE7
0001
FFB6
005E
FF65
00B3
FF56
0085
007F
FFF6
0048
00BB
FFC6
0009
FFA6
0041
FFEE
FF77
FFC5
0021
FF5E
FFE9
008B
0004
007D
001A
FFBF
0063
FF75
00B2
FFCD
FF9E
00C1
FF0F
001D
00B8
FF42
009E
002F
FFB7
00A8
FF96
FF43
003B
FF66
FFA6
001D
FF87
FFB9
FF90
0086
FFE2
FFBC
0015
00D1
FF5F
FFBF
FF50
FF9D
FFA1
FFBD
FFE8
FF70
FFB3
FFC1
006D
FF1C
003E
FFD5
FFA3
FF99
FFE5
FFE4
0028
0094
FFDC
007F
FFC5
FF9A
0077
000E
0023
00B3
00C5
FFFB
0033
0025
0013
FF5A
FFF6
004D
0060
FF6E
003C
0002
008E
0001
004A
0030
FF7E
FF8C
00EB
FFE3
0010
0034
FFCC
005B
FF8D
FF3D
0015
FF6B
0009
005A
0019
FFCE
FFCA
00BF
FFE1
FFD6
0074
0034
FF67
FF7C
007A
FFC4
0015
FF93
FFA9
FFF6
FF83
0000
FFA2
FFAF
0096
004B
0060
FFB6
0057
0025
0029
0077
FF7E
000F
FFE8
0013
FF58
0010
0022
0025
00E7
FF9D
FFCC
0028
0067
FFF9
00B4
FFBE
003B
0029
FFC4
FFAB
FF73
FF59
00B8
FF88
FF80
FF3E
009B
0013
0067
000F
FF69
002C
FF4C
0016
FFF4
009D
FFF5
0108
FF18
FF39
0075
0064
0074
00EB
FF4B
0003
FF9E
00CD
FFC3
FFAB
005F
FFD5
003D
FFEA
FFF1
FF67
0067
004F
FED1
FF5D
FF9B
FFF2
006F
FFFD
FF9F
0050
FFE1
FF7C
FFED
0111
005C
005F
FF45
FF8B
0025
001E
FFD6
0054
FFF5
0037
00D6
0037
000A
0062
0067
0005
0048
0054
FF94
FFA7
FF4B
FF31
FFA5
002A
FFC7
FFE5
FF83
002D
0015
FFB7
00BA
FFDA
FF67
FFD8
FFA4
FF89
002D
FF48
0012
FFB1
0002
001C
FF3C
00ED
0001
FF27
000E
FF77
FF6E
0039
FF7F
FFFC
FF65
FF5F
FFC5
FF4F
0057
003F
FFC0
FF21
005A
0065
002C
0035
FFB2
0060
003C
0073
FF0C
0066
FF0B
007C
008C
0044
007F
FFDB
007B
0085
FFB9
FFD2
FFE6
FFE0
0083
FFA1
0008
005C
0017
FFA7
004C
00AB
FF8B
0032
FFB0
FF9F
FFB7
0089
FFC8
0022
FFDE
FFF1
FF40
00BB
00A8
FFC4
FFBE
008F
00A1
FF70
FF9F
004D
FF16
0020
0080
FFF6
00CC
0051
FFA3
FF7C
FF6D
0077
FFDE
0005
0065
008E
FF80
00B5
FF62
FF9E
005D
0022
001B
001D
0039
FEEC
000F
FFBE
00DF
FFC2
0170
FFA4
0108
0050
0014
0019
FF64
FFCE
FF5F
FF85
FF94
FF25
FFC1
00CD
FF79
0095
002B
FF90
007A
00B4
FFF2
FFE7
0009
FFFC
0058
0076
FF96
FF18
0021
FFFD
FF9B
FF43
FFFE
0096
FEFD
FF88
004B
FFAC
FFC7
0024
008A
002A
FFBF
0025
0065
FF35
00B0
FFDC
FF5F
FFD1
FF7E
FFF7
FFC2
00C5
FFFA
FF4A
0017
0098
FFD8
000A
FFA9
00AD
FFBC
FF9A
004A
FFBB
FFC1
FFAA
FFA9
FF84
FFA8
FF33
0052
FFB2
FFDB
003B
FFC1
0014
FFB6
00E5
FF91
FF6A
0021
FF85
FF31
FFD4
0051
FF97
FFC3
00B6
001E
005D
0038
0022
FFA0
0011
0043
FF78
FFA0
FFDF
FFB9
FF4F
00EC
FFFA
00D5
0038
FF54
0032
FFCC
008E
0081
0057
FF89
00B0
00E2
FF92
FFBD
FF8D
00BA
0046
FFD8
FF8C
FF58
0016
001D
FFC8
FFDE
0022
009F
0052
0089
0067
0016
004C
0058
FFF7
0024
FF3B
006A
FFC5
FFF5
00A4
0035
00B6
0026
0016
FF8B
0025
0042
001C
003D
FFC7
FFA0
0020
0081
FF9B
000E
FF84
FFC9
FF5A
FF72
FFD6
FFE7
FFC7
0081
FF77
003C
006B
FF51
FFA7
009F
0033
FFCC
FFAA
FFE1
FFA7
FF39
003F
0016
FF7D
FFF8
FFF5
FF38
FFD9
009B
0030
0014
0077
006F
FFCF
00C4
FF65
0034
FFCF
FFFD
0094
0094
FFF6
FFEF
FFD7
0052
FFA1
FFBC
FF74
FF87
FF94
FFA1
003B
00A5
FFFA
FFD6
000D
FFE9
00A2
0054
FFAB
0084
00BB
FF96
FF94
0074
0045
0064
FFF5
FF90
FFC1
FFB5
FFCA
FFC4
FF3E
00E1
FFCF
00BF
FF94
FF5A
0089
0019
00B7
0043
0072
0052
FFED
FFDF
FFB8
0042
006E
FFB5
0097
FFE5
FFE5
00A7
FFAE
FFA3
FFB7
FFF1
FF8D
FFFC
00B2
FF67
FFEA
007C
0094
0072
0018
FF92
FFD6
FF9C
001D
003F
008A
FF74
FFEE
FFAD
0007
0009
006A
FFCC
FFE7
00DD
FFCE
003D
00BB
0045
001C
0077
0086
FFA6
0058
0047
FFCD
0057
0014
005B
FFAA
000C
0023
FFF3
FFB7
FFA0
FFEC
FFF2
0000
0055
FFF4
0017
FF51
0011
FF9B
0023
FF50
FF6F
FFEE
0010
0075
FFF5
FF3F
002F
0005
008F
FFEB
0080
FFC1
FFF0
001F
0095
FFC9
FF95
0065
0045
004B
FFFF
0065
0008
FFD9
FF8E
0033
FFC7
FFB2
FFA9
FFA0
FFDE
FFD0
0024
FF11
0043
FF69
002F
000A
0007
FFFC
001F
00AF
FFC4
005F
00ED
FFA7
FFA5
004D
FFEB
FF94
00DA
0047
FFA8
FF67
FFFC
0084
FFC7
FFFE
FF9A
0010
0048
FFAC
FF75
FF3A
FFC6
FF7D
00B6
FF60
FF91
0000
FFAE
FFA5
002E
FFCA
0006
FFC2
0061
FFCA
0040
0034
005C
FF8D
0074
FF41
0017
FFB0
00A9
0073
FF44
0066
0045
0045
00A7
0050
FFE1
0010
FF63
009C
009C
0090
FFE0
FF05
0025
FF76
FFE6
FF8A
FFCE
FFE1
008A
0085
FF99
FFDE
00B9
0005
FFB8
0064
FFF4
FF9C
FF30
FF65
001B
FFF2
0007
FFA8
FFE4
FF9C
002A
0015
FF7F
FF60
FF55
FFF5
FF89
000D
00A1
FFE8
FFE7
FFC9
FF79
0034
FFF8
003D
FF9B
0093
FF81
FFB4
0046
FF06
002E
00DF
0071
005D
FFEE
0052
FFFE
008B
0071
004D
FF6E
0062
0018
0071
0016
006F
FFCF
0089
FFE7
0045
00BF
FFAF
FF9D
FFA3
FF9D
FFC5
0036
FF60
00D8
FF5E
0065
FFDA
FE9E
FF9D
FF9E
008D
00E3
FFCB
0021
014D
0076
008F
FF75
FFDD
0197
0120
FFE0
FF06
0012
FE47
FFAB
00C1
0179
FF4E
00E1
FF17
0132
0193
0042
FF9B
FF99
0032
FF89
FE88
FF82
FF6F
001F
008F
FEA6
015B
FF80
FE92
0157
FF7A
013F
00E7
000A
0009
FF2C
FF33
004E
FFB2
003D
FEAF
00A6
FEB5
FEEF
015D
FF4B
FFC5
0034
004B
001F
0009
FFE1
FF80
FF7F
FFCC
0084
FE84
00E7
0065
FEA4
00A4
FF5C
FFFD
FFB2
018B
FF7F
FF0B
003A
00BA
FF80
009A
FEF9
FF90
FFF5
FFA2
00EF
FF9D
0044
0008
0046
FFF1
0080
FE47
FFC1
FFDA
00EC
00D7
FF21
FF60
FE7A
00A5
0072
FFDE
0036
FF2B
FED7
003B
FF98
FEE9
000C
0116
FF18
FFF8
FF35
FEDF
FED1
FFB1
FFA4
FF7D
FF32
00FA
FF94
FECF
001D
FF6D
0151
FFC3
FEEE
0028
FED7
0001
00DF
FEC7
00F5
0128
FFE0
00BE
FF4F
006E
01DA
0087
0090
FEFD
00DC
FF4A
FF37
002C
0006
FF48
01C9
FF34
0094
00E3
0015
0000
FFC0
FF8B
0056
FEF4
FF39
FFE9
002C
0031
FECD
016D
007D
FEF5
FF86
0055
001A
006A
0084
00C7
FF2B
FFE3
0010
FF7E
0091
FEF8
FF7B
FE8B
FF5E
00E4
FF5D
FEB9
0004
FFAF
00F7
FF03
00AF
FF24
FFD5
FEC6
0119
FF31
0127
00F5
FF0E
007D
FEDD
0017
FF8F
0087
FF1B
FF34
0037
00C4
FEFE
006A
FED9
FFED
FFF3
FFDE
00A4
005B
0105
FFF7
0019
FF66
00C2
FF9F
0125
00CD
0001
0084
0004
008E
FEAD
0074
FFAB
000B
FFB2
0055
FE75
0067
FF6F
FF32
00F3
00E3
FF78
FF8E
FF31
FF2A
FFC7
009F
FFA1
0027
FF7E
006A
FF4A
FF9C
001A
FFF4
FFB4
0079
0062
FFE8
FF14
FF8E
FFCC
FF09
0010
0029
FF99
FF94
FFAB
FF52
005D
0003
00AB
FFD2
FFBB
0057
0012
005A
FFD9
0022
FFDA
FFA2
0087
0032
FFE5
0012
FFF6
FFEB
0020
0071
0049
0074
0019
FFC3
0010
FFC2
0041
FFA8
00A2
0045
0039
003E
FFB7
FF96
FFFD
0034
FFE9
006B
FFF3
0020
FF3D
FF59
FFE4
00B8
0043
FF88
FFAA
FFE6
FF9B
005C
FFE5
FF59
FF76
FFB6
0027
0085
0044
FFF9
009F
00A4
0010
FFBF
FF70
FFA1
FFF3
FF99
FFFE
001E
0008
0070
00AF
FFCD
FF88
0058
0064
0036
0024
FFEB
FFC5
FFC4
00DA
FFDD
002E
003D
0033
0010
007D
FFE8
0014
0078
FEFA
0024
FF41
FF59
FFEC
FF62
FFB9
FFED
007F
007D
0043
FF2B
FF7C
FF94
0050
FF6F
003B
009A
FF85
005F
FFF2
FF68
FFD4
FFE8
FFAA
005D
FF95
FFD1
FFB0
0017
FF5A
FF48
FF7A
FFDF
005E
FFB8
FF9B
FFA9
0075
FF48
0020
FF8A
FFC2
FFB2
0004
FF89
0081
001E
FF8C
FF60
0050
001F
0018
005E
FFA7
0013
00AF
0024
FFCA
002E
FF82
00FA
FFB4
0032
FFDA
003F
0056
000F
0059
FFE2
000B
002B
FFFB
0028
0066
FFFF
FFC9
FF81
0008
006F
FFFE
FFA5
0010
0026
0052
0092
0055
FFB6
FFCE
0077
FFBD
FF2A
0093
0016
001A
FFA1
006C
008B
FF4E
FFA5
FF65
FFDE
FFF8
0024
FF1E
00B5
FF72
FFA4
FFE2
0040
0098
FF55
FFF3
FF7C
0061
005F
0061
FFF9
FFF9
FF9D
0062
FEFF
FF93
FFF7
FFE8
FFF3
000E
FF80
0035
FFF1
003E
FFF5
0066
FFFC
00C3
007C
FF71
00B5
FFC6
FFCB
006A
000C
FF0F
002C
0004
001D
0012
006A
00BF
FFDB
0042
FFE6
002C
0046
FF6A
0025
0081
000D
0030
00A2
0080
00A7
FFC4
00FE
FF89
003F
FFFD
006A
FFE0
FF96
00C0
0023
0092
0004
FFEB
FFCB
0016
FF02
FF70
00B0
FFDB
FF37
005A
00C5
0077
003E
FFFB
0016
00AD
FFCC
FFEC
005D
002C
0027
FFFB
FFD2
FFB3
0094
001B
FF96
FFFE
001C
0037
FF28
008D
0032
FFFF
FFF9
FF90
0023
FFA2
FF3A
FFD9
008F
0060
0027
001D
FFF6
FF6F
FF0F
0041
FF53
00F2
FFB9
008B
0061
FFB6
005C
FFDE
00B1
FF1F
001D
00CD
0038
FFFB
003A
FF91
0096
FFCC
FFBD
000E
0088
0067
FFC5
FF6B
FF21
0084
FF7F
00D2
00AD
0078
006E
FFF3
FFCA
003D
005C
FFB8
0081
0069
FFDF
FF47
FFB5
000F
FFE9
0116
00C2
0041
FF94
FFB4
000F
0013
0050
FFF9
FFEB
FF17
FF9B
FF52
0031
0033
FF9C
00A7
0049
0006
FF85
FFCD
0010
006C
FF97
0055
0024
0048
FFBD
0059
FF99
0019
FF9E
0073
0061
00BF
0008
FFDA
FFEA
FFE9
005B
0084
0034
0011
FFBD
FFAF
FF73
00A2
001C
FF91
0054
007A
0034
00C8
0034
FF49
FFA1
FFE7
FF60
004A
FFF4
0001
FFEC
FF99
0057
009F
0077
FFEC
006E
0058
FFAC
0036
0044
0009
00A1
FFED
0028
0031
FFC5
FFFF
000A
FF99
FF41
0052
FF85
0024
FF7D
FFB6
FFE6
FF52
FFEB
00A7
FF9A
FFB4
0073
FFD5
FF67
0023
000D
FFD8
0095
FFF4
0028
FFFA
001B
005C
FF67
008C
000F
FFD4
FF9C
FF96
000D
FFFA
0005
002B
0045
002D
000F
FFED
FFDA
0013
0002
FFD9
00C2
0008
FFAD
0002
FFC3
FFD7
0026
0004
FFCB
FF6F
FFFE
0062
0056
009A
0035
FF79
007C
00A9
FFA2
005F
FF5E
0024
FFF3
0029
FFEF
FFBA
FF66
0024
001D
0066
0068
FFE9
FFB5
001D
002F
0066
FF59
0013
009F
FF6C
FFA7
0053
FF6C
FF77
FF96
FFF4
0006
0015
FFAC
009F
FFA4
0016
FFDA
FF8F
FFE7
FF53
00BE
FFE1
0014
FFC0
0048
FFFF
00A4
FFE8
0040
FFD8
FF74
00B0
000B
FF81
FF73
0011
00AF
0086
004C
0071
FFC4
FFE2
0069
0093
0095
FFDE
0017
FFC6
FF66
FFFE
FF84
FFCD
FF9E
001E
FF30
003E
FF62
FF27
0060
0073
00AC
003B
0026
0069
0031
0002
FFC4
004B
FF3C
FFBF
FF9B
0028
FFA6
FFB7
0016
0095
001B
FFC5
001B
FF60
FFD7
005B
0078
0067
FF7E
006D
FFA4
FF56
FFBB
FF3B
0004
FF53
00D2
004F
FF92
0011
FFD6
FFCC
FFE2
003B
00D0
FF7D
0044
0047
FFA7
FF05
00D7
006E
0056
004B
0066
00EF
FFF5
0011
FFD2
FFDE
FF55
0047
FFB6
FFFF
0010
FFA3
0108
FFC0
FFC4
FF57
FFC4
0032
002A
FFB0
FFDA
008D
FECA
006F
FFAE
FFC2
FF71
FFFE
FF44
FFF7
00F1
FFF5
FF8E
FF21
0062
0081
FF7A
FF33
FF1A
FFE5
0042
0042
003C
FF56
FFD5
FFD1
FF8D
0039
009A
FFFA
005F
FF9A
0065
FFB2
FF49
00E0
FF3C
FF97
FF5F
0016
00C8
FFD7
FFC0
FFA0
005E
0067
FFF8
0046
FFF7
0014
0046
FF68
FF4C
FFF7
0053
FF0A
004E
FF6D
FFCE
FF9F
00F5
FF4B
005F
001F
006A
FF3C
FFD7
FFE4
FF40
0085
FFC0
0087
FFD9
0016
0084
FF6F
FF65
FFD6
FFAC
000F
FF58
003E
0035
FFAC
FFA3
FEF6
0012
FFA9
0089
005F
FFF4
FFD1
000B
FF8F
FF32
FFEF
0098
FFA3
FFBD
FF88
FF86
FF75
FF89
007C
FF78
0010
0038
FFAF
FF29
FFA0
000D
0005
FF3A
0039
FF78
FF7E
00DA
00E4
FFD1
FFCA
FFDE
FF5C
FFC6
0048
FFA4
0050
002E
FF7A
FF98
FFD7
FF82
FFCF
FFCB
0044
0033
0105
FFCF
FFC6
00F5
003E
0054
009B
FFD7
0014
FFB2
FF0F
003E
FF43
001D
FFB3
FFC4
FFA3
FF08
FFEB
0019
006E
00F4
FF29
005D
FF64
FF64
FFDF
FFD0
011A
FFA6
FF6C
FFE4
FFD0
00F0
FFC5
FF1D
FF7C
00D7
FF27
0024
0111
FED8
FFEE
FFB6
FFC6
0036
004F
0046
0095
001F
FEFB
FFF4
FF68
0064
FF67
000F
008D
FFDE
FFCA
0098
FFD9
FF3D
00C5
FF0D
00C9
0057
0000
FFBD
FFE0
FF8B
00C9
FF74
FF90
0030
0066
FFD7
0017
0058
0001
000F
FFD6
FFC0
FF66
FF3A
FFD9
FF92
FFFB
FFCF
003F
FFE0
FF63
0002
FF95
FFED
FE95
FF97
0012
FFF2
0050
00C3
FFD5
FF77
FFF4
FF16
0064
FF74
FF3B
FFCF
FF1C
FFF2
0122
FFC1
0129
0024
FFE9
003B
0027
007F
0007
0034
007A
FF34
00CD
FF8A
FFC2
0054
FFD0
FFCB
0168
FF0A
0106
010E
0032
0076
0080
FF31
FFD1
FECC
FF31
FF0B
0048
000F
FFEC
00EF
0033
FF5B
002C
FFB5
00AE
003D
0010
0125
FF59
000A
FFCD
FF95
FFF1
FF66
000F
FEE9
FFEA
00D5
FECF
FF44
FF9F
FFBF
FFAE
FEDA
0119
FF9A
0089
0071
0020
FF32
0080
0052
FF3B
FFC7
0018
001D
FF67
004B
FFE0
FF77
0123
0027
FFA6
00A1
FFB9
FF5E
0055
FF8D
0036
0035
FFEC
007A
FFA3
FF6B
005A
FFDB
00F6
0008
007B
00D7
0083
FF8B
FF7B
FFA6
FFA6
FFEC
0001
0056
FFF6
0089
FF0F
FFC7
0052
00CD
FF57
FFE4
FF34
FF8D
FFEF
00A7
FFA0
FFC9
FFA0
00ED
0078
FF0B
00CF
FFE2
0085
FF0F
FFE9
00AE
0014
006E
0012
FF99
FF67
00C2
FFE0
FFD4
FEE0
0053
FFFB
FFF5
0068
FF9D
0029
FFAF
FFF0
0039
FF74
FF95
FFD2
0011
0099
FFC8
007C
008E
FFA5
FF87
FFD9
004D
005C
004A
FFFA
FFC3
FF5F
FFB7
FFF7
0005
0003
0060
0060
00AE
00EE
0025
FEC8
FFDB
FF73
FF8E
00DA
FF38
00DD
0066
FF0A
FFE6
FF6B
002B
0043
0015
FF68
FFBA
004C
0021
0080
FFA0
FF79
000C
FFEA
0030
FFAE
0004
FF32
FFA4
0030
FF88
FFD0
FF4C
0076
0019
FFAD
000A
002E
FFF3
FFBF
003D
FFE6
00A5
FFF1
0019
FFE7
0037
FF97
FFB3
00A5
FFDC
0019
FFF9
002E
00A8
FFE4
FFB2
0018
FFEC
00A2
007B
FF5B
FFD2
005B
FFE4
FFDD
FFFE
FF9D
FFCF
FF4D
FFE6
FF9D
FFFA
0034
00B0
0067
FFBB
FF59
FFFF
FFEB
000A
FFE1
0015
0011
001A
FFE0
FFE5
FFD5
0011
0002
FFFE
FFDA
FFFC
0009
FFF1
FFDB
FFD8
FFD7
0016
0001
0035
001E
0006
FFFE
0001
FFE5
002E
FFD1
FFEC
FFDA
FFC8
FFFB
0013
FFFF
003B
FFF7
001D
FFE6
0017
0013
FFF9
000D
002F
FFD3
FFE2
FFEC
FFF5
FFDA
0003
0005
FFED
0006
000C
FFE1
000D
FFDB
000B
0007
FFF5
0022
0006
0034
FFF6
FFE6
000B
0022
0021
FFFE
001A
0002
0022
FFEB
000B
001D
0017
0018
0026
0013
000A
0009
0007
FFEA
FFCD
0010
FFEC
0008
0000
FFE9
000F
FFDB
FFCF
FFF1
FFD3
FFEF
0016
FFE1
0004
FFEC
001B
0004
FFDD
FFF6
FFDB
001C
0006
FFF2
FFFE
0012
FFFF
002D
0002
000D
0029
FFFF
FFD3
0020
0011
0014
FFE9
FFFE
FFF8
FFFD
FFF4
0022
FFDB
0014
000E
0127
004B
0174
FDE1
FEC3
FEEE
01B9
FDFB
FE4E
FF4B
FE84
FFAE
0126
01E1
FFAE
0085
00F2
FED7
FE9B
FE95
FFB8
FED4
0095
01A9
0182
FEDF
FF9D
FF70
00D8
018B
FE14
0191
FDE0
00BB
0124
FF47
0282
FFBC
FD04
FF73
FE2C
FFFE
00BD
FE5D
0069
0095
FEC6
00DC
0064
018A
FF26
FF12
00F8
0091
0217
00C4
FD74
FED8
FFE5
FF8A
00DC
FFD8
FDA9
FF81
0187
0192
FF9C
016C
FE1C
FFAD
FF10
FEEA
FF37
FF49
0159
FF45
0181
FE43
FE68
FDCC
009C
FDB4
FD47
01EC
0140
00B8
FEDF
FFE8
FFD8
FD61
0115
0168
00DB
FF67
FECE
001C
FE96
FF53
01F9
015F
00AA
0106
00F7
014A
FE51
FF8C
0148
00B4
FE1C
FE48
00DC
FF55
FFB8
01C3
0214
FF7E
0163
0232
FF4A
FF4D
FF1F
FF8A
FF2A
01FB
00C6
FED1
013E
FF40
FF69
009A
013D
FD80
0097
FF6E
0245
FEA3
FE46
FE89
0064
FDC2
00B1
0213
00AB
019C
0071
0057
016B
0076
012B
FF6D
008F
023C
FE09
019B
000A
FF0F
0049
0039
0016
FFE7
0015
FFEF
FDEF
FE7D
FFA6
FF4D
001E
FE23
FF0D
FF80
FEFD
FFB2
012D
FFC0
FF86
FF0A
FEA6
FF77
000E
0095
015A
FE6D
0189
0024
01C5
001C
FDA3
00A9
0319
005C
FF18
FEA9
016D
0134
0170
0155
FEBB
FE9D
FE95
0082
0151
00C6
0027
FF49
FF09
FF75
0083
FF7B
FE05
FFEF
0093
FD93
FFA7
0165
0036
FF8D
01A7
FF9F
008F
FF3B
0181
01BA
01A9
FD8C
0161
0058
FFD9
FE89
FECD
0100
FFC0
FFC7
0105
0098
FF86
FE4F
00AF
009D
FF17
FDED
0045
FFB6
013D
FDFF
FE03
0023
0035
0259
FE4D
FF52
0157
FFB4
FF58
0188
008C
0233
0100
FF77
FDD7
FF6D
006F
FF1C
FE87
016C
01E4
FFC9
00D8
FE62
0087
FF90
FD9F
0116
FECD
01D8
FE3C
FF0F
FFE6
FF58
FE85
FFA8
00A2
0084
015D
0117
0205
FEF4
0220
FEF7
01F5
FE2D
025B
0218
FEB2
0068
0029
FEFF
0269
0019
01C0
019B
FECF
00D9
003F
017D
0213
00C2
FFC1
FDA9
022D
FF1E
0099
020B
012D
0123
028A
FDA8
FD17
0051
FED9
0137
FF74
FEAD
025D
0098
FE2C
014F
FE12
0214
FFDD
FE72
FF32
018B
FFE4
FD76
FFFD
0009
FF3C
FFD9
0060
FDED
FF91
FFC2
FF96
FEE1
FFA3
0068
0092
0028
FED9
00E9
017B
FEBB
FFC0
FFF4
02DA
0133
00BE
FDF4
0289
FED5
FFF8
014B
FDE4
FE59
00C9
010B
00BC
00D0
0096
FE46
FE81
FF2C
0155
FFF2
FFB5
012F
FDBA
00AA
FFC9
00F8
FF8D
01E9
0179
0190
0067
0066
0064
00C7
FE03
FFD1
0199
FE5E
FF5D
FF0E
FE0B
FFC8
019F
FF0B
FED8
0240
FFD4
FF9A
0098
FFDF
FEEF
FD40
FE08
FED6
0012
021F
FF61
0069
00CF
008A
0113
0018
0100
008B
FE77
FE8E
012D
FE39
0170
FE39
000B
FE18
FE94
FD64
FF74
FEAD
0019
FE42
FED6
FEA2
FE0A
FE0C
0131
FFC8
FE9F
008B
0034
0151
FF15
014A
0187
001A
00DA
0075
0173
FF23
FF9A
0021
FE9C
FFF0
00FF
01B3
014F
FE6C
0080
01AB
00DE
0227
002F
FE2B
FEAA
0270
FE34
FF33
0018
FEE5
FEA7
01BA
FE10
FD97
FFBE
0105
FFE5
0206
0010
0293
FEB7
0083
00A9
01C0
022D
00EC
FFA7
005C
FF0F
0095
FE87
017D
FE6D
0211
FFF4
FE92
0051
002C
FF2A
FE8E
FEF9
FC57
00D5
02C9
0131
FEBF
01C8
0169
FF33
0101
012C
019E
FEBD
FEF3
01F2
0192
FFC8
011F
0173
FE9A
FECD
FDAF
FF64
0013
FE88
027F
FDC8
FF86
009F
0011
FE4A
01C6
FF38
00CF
FDE1
FE73
022D
FED7
FEDB
FDE8
FE25
FF26
FE74
0248
00DD
FF18
FF7D
FEC9
019C
FF6A
FF9B
FE96
0079
0107
FFF6
0084
FE17
000C
FEDB
FE3B
FE32
FF2D
FE1D
FE97
0179
FEC7
FFEE
0291
FFDC
FE98
FEE0
FFFA
006C
FFB4
FFEC
FF33
FE1B
FF28
014D
016D
01E2
FF4D
0173
FE17
FF47
02E2
001C
0073
FD98
FF05
FDBC
FFE9
007F
FFA9
0032
FF13
FE7D
FE43
FE57
FF31
0055
FF81
00F5
00A8
FE42
FDC0
0038
005D
FF30
010A
FFE4
FEDE
01BF
FE1E
FDE5
FFBB
001E
011D
00A8
FF49
0014
00B8
0056
00CD
FE63
0062
FEE1
FF4D
002E
0276
0142
FE76
0117
0146
0072
FD8E
01D2
01D1
FE7B
00D2
FFC0
FD51
FF90
FE92
0028
FF28
0018
FFF9
0297
FF37
0171
FEA4
017F
02B3
FF9A
0004
FD19
00BA
FD97
00FD
0096
01E4
FE2D
005F
0005
FDD4
FFD2
018B
FF21
0099
0255
FE1F
01AF
00F4
01AA
FE9D
01D2
01CD
02A5
FFFF
006E
FF2D
FDF8
01B5
00DC
FE52
0033
0068
FE25
0015
00BC
FE32
0091
0052
0074
00EE
00CB
FFDE
00E4
00B5
FD42
0002
FFB3
FEEF
FFEA
FEA1
FF65
008B
FF2A
00CC
0091
012F
00E8
FD13
FF80
FF21
00E6
FF80
FEB1
FDC0
FEC1
0179
FED3
FFAD
0174
02CC
0086
FD96
FE05
FDD2
019E
FF7B
FEDA
000C
007D
00E2
FEF3
007B
01D9
01A4
016C
0128
003A
FE35
FE4C
FFD9
FDF7
FE28
FE7A
02A8
FE4C
0099
000C
FE0F
004D
0222
FF6E
0164
0168
FE93
FF6C
FDEC
00A7
00E4
011A
022F
FE85
0012
0078
00A2
0100
FE57
FFEA
0090
001B
0193
FE66
FEF1
00DD
FD6C
0189
01AF
028D
FE27
008D
FE66
00F3
FFD9
01C9
005C
FDF2
FEE6
FFBB
0018
00F4
01FD
FEC3
FEBC
FFEA
FFF8
00F1
FE8F
0069
FED5
FEDF
003A
FDD1
FE3E
0272
016E
FD7C
FEDF
009F
FEF6
0144
FF93
0196
FFB1
0034
0145
FFC5
00AD
FE3D
FF3B
0230
021D
FE1E
0008
024A
FE09
FFF9
0059
FF55
0073
0202
FEAC
0224
FE6A
024F
00FB
0265
FEA2
FFF8
FFD4
0051
FEB7
0198
FEB3
006C
002D
0035
FF60
00D3
01E1
FE40
002A
FFB5
FFD8
FF29
FEDA
00BD
FEBC
FF09
FFC2
0185
FF3A
00D7
0060
01FD
FFB7
02C1
FF06
FF40
00BE
0068
FF92
00DE
FEDC
FE23
015E
00DE
0046
FF32
FF25
021E
FFC5
FF21
FEAE
0254
FDA3
FD3F
FEF7
FDA2
008A
0131
0175
0241
FEFC
0157
00B8
FF03
003A
FDDA
0171
0176
0087
FD75
FFD4
0155
FF07
FFF6
FF4D
FF6C
FDAD
FF6E
0119
0015
FE7E
0172
FE09
FEFD
01F6
01D1
0168
018A
0233
00D4
0043
0145
0032
FE56
FE4C
0175
FFD0
0278
FEF2
01E6
00E2
FEBE
0078
0123
FF24
FFAD
0199
00D9
0043
FF83
0084
FE9B
FFB9
0131
FFC5
0020
01DB
00E4
FF49
0124
FFC1
FF84
01A0
FF3B
FE75
FF47
0113
0139
0071
FF30
FE66
FE7E
01A5
FF69
FEF4
FF9E
FF63
FEBF
FE21
0096
FF95
FDF7
011B
0151
0075
FE9D
FF06
01E2
FFCD
FEF8
FF67
0029
004B
FE9E
0041
0051
0196
FEEA
018F
FF7C
FDE2
FF88
01BD
0278
028A
FF11
0049
0026
FFCB
FF8A
0214
0169
016E
00CB
FCDC
01C3
0041
0001
0000
00AB
00ED
FEEF
FFD0
0197
01A5
00CC
00EA
0232
01A9
FEC7
0103
01C2
0068
01C3
FF05
00AE
FF3D
00A4
FFFB
019B
00AB
013C
FE09
010C
FE9E
0093
FF4D
0251
FFE7
01C6
006A
FD4A
00C6
FEFF
00D0
FEF0
FD6A
FF04
FFE3
007E
FF28
005F
FEB3
FFA4
0071
FF90
00B8
FE5D
013D
0036
014D
FE07
007C
FFF3
FDF6
0163
FF2E
01F7
0192
0062
00DD
FE07
0172
0138
FF90
FD9A
FFCA
0146
00D4
018B
0126
0130
0032
FFF5
FEE4
00C0
FFAA
FEC6
FEDE
013C
FE66
FFFC
01E8
FFBA
FEF4
FE43
0116
013E
0089
FFB7
FE5B
FFC7
0018
019F
00E3
00A2
01CF
FE4A
0092
00D5
FF65
0103
FECC
007F
00D9
0188
FEAE
014F
0171
FF84
FF5E
FF75
FFD2
FEE1
0118
FE4A
0072
017E
FD23
FFCB
FDF5
0310
02DE
0141
FFB0
FE8A
00AC
FF17
FEBA
FFF6
01F9
0048
01B8
0191
FE54
FFC5
0006
0121
FE6B
FD31
FF71
FEF6
FED5
FDE5
FDAE
007D
FEA5
01BF
01C7
FFD2
FDD1
FDEC
00E6
00DD
0115
01CB
FF31
0109
FE56
FDDB
FE47
0206
FF09
008E
005C
FE0D
FF0D
01E1
FE6D
FEF2
01FD
0061
FF72
FE9A
01DC
0194
FF15
011C
0027
01DA
FFBF
01AF
FE92
0194
00CF
FEC9
FE76
0199
FFE4
FF4F
01B9
014E
0124
FFF2
01F5
FF28
FE0A
0173
00F8
0103
0096
0111
025D
FF6E
0279
01CD
FEEB
0112
006C
FE6C
0264
FF9A
0143
01EF
FF26
FE2C
FEA4
01E0
0089
FF29
0295
FEDA
FF53
0202
FFDB
02AD
001A
00AE
FF9A
FEA8
FF79
FE08
0173
FFFB
FE43
FE68
00F5
FDE0
FFC1
0279
FF3C
FE84
003D
FEE4
FE91
FFC6
FF1A
FD4F
01A4
00C2
01CC
002E
FE36
FE99
FFB1
01C9
00F2
FEE4
FECD
FFA8
FFEC
0036
FEB2
FE0F
01BB
00F2
00A3
FFC6
002C
FF3E
0022
FF20
0052
02E1
002E
0050
0199
FFA3
00D7
01A6
015B
FEF1
0020
FED7
FF5A
FE3A
00E7
014F
0066
FDEC
FE7F
0029
FEF0
FE7C
FFA2
0167
FF25
FF1A
FDFE
FE1F
FFA1
FF35
FE65
0087
FF0E
FFFD
FECF
FE0C
FEA7
00E5
0068
FF32
01AB
0126
FD9D
00C4
FDD7
FE88
0027
FE7C
0064
FE95
FDB9
FE22
0069
00B7
FE77
00A8
010B
FD71
00BE
00A2
00AB
FF77
01EF
018C
02BA
FF03
FF95
0175
FF71
0196
0226
FFCE
0023
00E0
009A
FE9C
FEB2
0177
0062
FEA4
0142
FF9E
FFC7
FDCB
FDFB
FDD2
FF8E
001A
FECE
FF72
0171
FD9D
FEC7
FF31
0102
FE5D
FF68
FFC9
FF35
014B
027F
0078
FE2B
0187
FE4B
FEAA
009C
00B4
FDF3
FEB3
FE24
FF5C
FE41
FEAA
01AF
01E5
0295
0081
0134
00A0
0124
FF0A
010B
FEBF
01A7
FDD8
FF70
FFF7
FEC3
00DA
FE9F
0121
008E
0101
0123
FFC2
00A8
FEE3
FFD4
FFA2
FE6B
012E
0029
01E4
009F
FF3B
0260
01F9
FDB9
FFE8
FEE1
009A
01B3
FFCC
00EF
0051
FE70
FFE5
FEB2
01AE
0156
01F1
FE8B
FF16
0104
006A
0135
FDF8
005A
005E
0166
FE35
015F
FFB2
FFCB
0150
FFB5
FE62
FE36
FFEE
FEF3
FDB8
FEEB
FF21
FEA8
FFA5
00EA
0193
0020
FE0A
FE3E
FFF1
FDF9
0254
FFCA
FFF9
FDB9
FEE2
0088
01B9
FF7B
0055
FDFA
00D7
FE7F
FEB3
00C6
0199
FDF0
FE07
FEC4
FE92
FE4F
FD2F
007B
0170
0137
00B5
0200
FE37
FE10
0061
FEBE
FEC8
0263
0044
FE6C
FF84
FFAD
FEEC
001F
FE8B
0146
007A
FFE0
00E6
FF1C
00E4
0182
FDDA
00D4
0025
005F
0012
00B5
FDCE
009D
FEC5
FF66
FF2C
FDA3
0166
FF36
00EA
FFE6
015D
0114
0059
003B
0255
FF1C
016E
FFEB
FEC6
FE9B
FFB1
FFA8
007B
01A2
FFD4
FFC6
FDE2
0056
00E2
FFDB
FF5E
FE3B
016A
FF8B
01FE
0058
01A0
0036
FFA1
FF2E
00B0
0035
FED6
FE1D
0128
0219
0252
FFCF
FF2F
FEB7
0071
00F4
000F
00FF
018A
0255
FECA
008E
01D1
FF1B
00B7
01DB
0104
0195
0037
FE45
0132
00AC
FE60
00F1
FF3E
FF52
0182
FFB3
FFFD
FF46
01A3
FF4A
FFB2
FE98
015B
022F
FE08
FF5A
FF55
00A7
FEB8
00D9
0009
01BB
01BD
FE5C
FEE3
00F9
FE29
FF78
0067
0106
FEF3
0189
FFEA
FE9E
FFCD
FF8B
FE4F
FECA
FFB9
FF78
020E
FF55
FED7
0090
FE1F
FEEE
FF53
FE52
FF01
01CC
00B4
0050
FFD1
FE85
FFEF
003D
003E
FE59
008A
007E
FE89
01CE
FFE0
001D
FF9A
009A
0087
FE00
FF38
0019
FE43
00BF
00A0
0012
014A
026A
0190
FFBE
017E
0122
FDEC
01EC
0215
01AE
FF08
025E
FC96
005B
FD70
0024
FFEC
FE0C
0175
0226
FDBF
FF68
FE7F
0044
FDD1
FFBF
0049
01A9
0104
021A
FF89
FE83
FF6F
FDAC
FFD7
00F0
FEA4
00CB
003F
FE88
FF85
0153
0053
0128
0299
FD87
FE31
FE23
FF93
FF8D
01DD
FDD4
0097
FEAD
FE6F
017E
FE6B
0023
00F2
00DB
00FD
0176
FEA6
FEF0
FEAE
FFAC
FF50
01D5
FFBF
FEF4
FEE8
0091
012E
FD32
FF12
FFDA
FFA3
012D
00F1
FEB9
0169
FFA0
FF80
FD34
FE9E
FF00
FEBD
0097
0012
0147
007F
FE01
FFA1
00C5
FEED
FD7C
00B2
FEFD
FF08
FF21
FF26
0104
FF8E
FEBD
01B3
014B
0116
FDDB
FDF7
0079
000B
FDEA
FFC4
0154
FEC4
FEEE
014A
000B
FFA1
FD8D
022F
FCFB
0031
FFAC
FEC9
FFBD
FD93
FFC0
FE8A
FF0A
FE8E
FEC5
0145
01C6
FF5A
FEF1
FE82
FF31
01B7
00A8
FD6E
FE7E
FE27
0064
FE78
01B2
01F5
022D
FEEE
FEC0
01AC
FDFA
021A
FDDF
FD9B
00C1
00AE
FEEE
01D8
00D6
0025
FEE2
FFBF
00EE
FE9A
FDFA
0069
004B
011A
0156
0172
00CF
FEA8
FE2C
FE5D
0007
0211
FD6A
FF08
FEE3
FF07
FE9A
0134
FFF2
01C5
0168
014A
FDB8
FEEA
0045
01A4
00C2
FE8D
00A8
0017
FDA1
00A3
FFC4
0198
009A
FFE8
FED4
FFB5
FDB3
FFD0
FF22
FEB2
01ED
0224
FFE5
00B7
FF6C
FDE1
FEBA
0171
FD61
003E
FDE4
FE55
0207
0103
FEA3
013B
00DC
FF71
FF04
00AB
FD90
FFA9
FE83
0059
0183
016E
FE5E
007F
FEA7
00DF
FE92
FEB1
0120
0076
0120
0232
0117
FE79
FF44
0266
FFEB
0222
FD3C
01CD
FFBC
0003
FFD6
FEF2
FFB3
0216
FDFC
011B
0103
00A3
0063
FF6B
01BE
00EC
FE9B
0066
FEB5
01A8
0102
FE58
00D4
FD8A
FF1B
FE46
0174
0092
0103
FE8C
0206
FF8B
0080
0173
00FD
FF8C
0153
0246
00C4
FED4
FF29
FE5E
FFA8
00A0
0176
FFE8
01D2
0242
006B
FF64
FDEB
0180
00E4
022F
FFF3
0270
FF74
0058
FFDA
01D9
0114
FE72
FDAE
FF93
0104
019D
0233
FFF8
0169
FE5F
FE1A
FEF8
00D6
FE8D
FFBA
0088
FE59
FF79
FFB1
FFF2
005A
FEB5
FFCE
0091
0207
00CA
000E
0113
FF6F
0235
0275
0178
FD69
FE38
009C
00DD
0020
FEC0
0088
FFE2
01B4
00EF
0061
0246
FE2B
FDD3
FF77
0155
FEDA
00EF
003A
FFF1
FF5D
FDE7
FFF0
012B
008B
0076
FFEF
0275
FDA4
009A
FF20
FF9D
FF54
FE5E
00A2
FF1B
00BB
FE6E
026A
01EB
FEDF
027D
0142
00F9
017F
0045
01B9
FF7D
005A
FFC8
005F
0171
00AC
007C
00CD
FFB6
FFEF
023F
01A2
00A8
01A4
FDA0
005B
0226
FE78
FF22
019B
FFFF
00E7
FEDD
FDF2
014F
020F
00F6
FE3E
013B
012B
FEF3
026C
013B
FDC2
FF23
01DB
FEBA
009F
0034
0274
0240
FFE0
0067
0039
FFD1
001D
019E
FF46
FFFC
FFD6
0021
01A8
00A6
0065
00CA
00D1
0093
014E
020A
FF46
0014
FFAC
FF12
01FC
FF18
FFEF
0072
005C
0099
FE62
FF70
0223
FFA8
FFF4
FF95
FF65
FEEA
FF86
01C9
FD93
01C3
0134
FE93
FD9C
FFF4
FFBC
0212
FF38
0107
00B3
00D4
FDE8
FF95
FFF0
01C1
FF8A
FE0D
FF17
00EF
FFE6
FECE
FFC0
FEEF
0112
FDA9
01C4
FFAD
FE28
FE42
00CF
00DA
01A2
FFBD
FF3F
FF8B
FFF9
FE76
006C
FE8B
FE55
FDD9
01CF
01B4
FE47
FFD3
00A2
FECD
FFEB
00D3
0053
0014
0143
001D
FE8A
01A6
0170
0107
FF12
FEBF
0017
0103
022B
FF88
FE43
FEB9
0254
FF36
0155
0007
FF7D
00C9
0216
FD1C
003D
FF59
FF20
FF46
FF28
019E
FE67
0080
0074
0029
00BE
013D
FF62
00B7
0138
FEB9
0235
01E2
016D
01D4
FE7C
0149
FE42
FE01
0139
FE03
0044
01B1
033C
FEB6
FFA2
0185
023E
00EA
01CA
0324
FE91
003C
01F8
FE82
0063
0121
FEE1
FEFF
FF79
FEAD
0071
01F5
FEE4
0033
0038
0180
FF60
0081
00DF
FF0A
FEE1
022A
001C
FFF4
FEEA
0020
0006
FFA5
FEC3
FECA
FF8F
FE26
FE7A
019B
0106
FF0D
0005
FE2C
FE10
FF76
008F
0273
01B2
00C0
FF07
FF86
012F
FD61
01FD
FE2A
FE18
0212
FFFA
FEBD
0159
FE66
FEEC
00A4
FE8F
FF4F
01CE
FE45
011A
FE06
FFD7
00FB
FFAB
006C
FFEA
FFDE
FE19
FE7F
FF05
FF1C
00DE
FEDD
013A
006F
024C
FF6B
FEB1
0194
FEB7
0092
0178
008A
FEF0
FF1B
FE61
FF5C
00BB
0133
0167
01BE
00D7
00EA
004F
FF30
0210
022C
FF48
FF59
FED4
FE72
016E
016B
00E2
FDBB
FEFA
FEEC
01A5
0177
0185
FEA8
0141
0051
0208
FE68
00E4
01C1
0205
00F3
FFF2
FF79
0190
0153
FEC0
FEA7
FE90
FFEC
00D7
0050
FE4D
0233
00FB
011F
FF87
FFD3
FF69
004F
009D
FF04
019B
00B7
FF36
0179
FDA9
FECA
FFA1
0127
0010
FF38
FEAC
FF2E
0025
003A
FF84
002E
01AA
0032
FE25
FF62
FFA5
FFCD
FEF3
FF9A
FF84
025F
00B4
FF95
FF3D
FF1F
0122
FF2D
FF30
FFB0
FE5E
00C3
FE8D
034F
FF26
00FA
FDA5
00F6
FFE3
026E
FDFB
FF28
FED4
FD4A
FED3
005E
FE21
FED7
016F
0275
FF19
008E
01A8
0144
0274
01FE
00AB
006F
00D0
0122
FF43
FF0F
0099
017D
FF92
FFD5
01DA
0195
FF7F
020F
016E
008B
024A
0136
FFA1
FED0
FF7D
FFD0
0035
FECD
0091
00FF
FFA4
FE21
00D1
00C0
FFB5
00E4
006D
FEF7
0063
0150
FF9D
FEEC
FE47
FF51
00E2
FDDD
021E
00EF
013D
00A5
004E
01D6
020B
FF89
0234
0180
0126
FEC0
FFDE
0059
0022
010B
FDDD
0196
FE1F
FFA0
0001
02B2
0046
FE38
01B0
FE63
FE6F
FE10
01AE
FEC0
027F
FEEA
FDEE
FDAB
FE8A
FDC2
FFF6
FF49
007F
FF11
01AE
00FB
FFB4
010C
0192
FE66
0086
02C5
FF3D
FF04
0270
FE61
0012
01DB
01FE
FE0A
0267
FFDA
FF85
004A
FFA7
FE9D
013F
000B
FFE4
0055
0200
014D
02E1
FF96
FF57
01FA
FE08
FE55
0225
FF54
FFCD
FF1D
FF9F
0095
00E6
00D2
FF07
FE18
FEF6
FF8C
FEF2
0218
00E5
FF56
FF4B
01F2
FE0D
00B0
FF5E
FFD5
FECF
01A5
000C
013B
FF74
FE7E
0160
01A2
0037
FE8B
01F6
0005
FE9B
0216
0149
FEF8
000D
00AF
FFB8
01AD
0023
0241
FFDA
0141
FEFE
FDE9
FF65
0079
00AA
FF8A
FD8A
FF25
FDF7
FF39
00AC
0054
FE6A
FE1A
001F
FF35
FF95
012B
FE46
FF12
022D
FF89
FE99
FFA6
015E
00AE
FF0A
0191
FFFE
FF7C
FF23
00B0
FF84
FE11
FF94
0057
FE13
003C
FD7E
FF4B
016E
017E
FFBF
FFB8
019D
FDEA
017D
00A9
0101
0016
00EF
FEE0
FD7B
FE21
FF0E
006A
FE33
FEBD
FF55
009D
0002
FEA0
FF4A
FF0C
FF30
FEFB
FECA
0196
009B
0084
005D
FF58
FF0D
022C
FE41
0062
02B7
FE8F
017B
FFE3
FFE2
FFB1
FEA6
0053
012D
0108
0251
0161
01B7
FFC8
FE0D
FEC3
002F
00A9
003B
0012
01F3
FF9A
020B
00AA
FF8A
00E1
0178
FF0B
FF33
000E
FFFF
FF12
FEF9
0113
0115
016F
FF7B
FEB8
FE5F
FED0
01D8
FF30
0208
01AA
02A8
01BF
FF22
00F6
FF15
FFF5
FE17
005B
FF27
FDCA
FF80
0056
01FE
FFF5
FE18
FD88
0083
FF10
001A
FE54
0111
0204
0185
00E7
0219
FFF3
FE19
FEF6
FDFA
0136
0243
FD2A
FED3
00D1
FFE8
FDF4
FCE0
FE57
0229
FF73
000A
0018
030C
FEB2
FEF3
FFF8
FD8E
FE2A
FF18
0148
0156
FF3B
022E
FFBD
009D
FEE2
FF90
024F
FFBF
FFB6
FF8A
0129
FF51
FF16
00EB
00CE
FFC6
FEAA
002B
0184
FF41
023C
FE6A
FEAF
006C
FEBB
FF53
00A0
FF72
024C
FE4E
0062
007D
FEFC
00E4
00BB
FE2C
0186
00F3
FFAE
0174
FDC5
FE5E
007F
0005
00D3
FE42
FED2
0171
FEA5
FE12
FF0D
FF8C
FF2C
0237
FEF3
00BD
0077
01A7
0163
027C
0172
00AC
FFAB
FEF3
FFD7
FE71
FF8A
0057
0128
FE9B
0110
01FB
00AA
FFF3
FF55
0095
0277
0117
FFC5
011E
FE17
FDA0
00D4
020A
018F
FDB6
FDC2
004F
0048
FF63
FF36
013B
02C9
002E
FE77
FF83
FDCA
0024
FE4F
FF0F
FD3B
0070
FFD1
007B
FD27
0141
FF3C
0282
FDCC
022E
01FE
FF78
FF22
01C0
00C4
0205
00E2
0182
FF7B
FE30
FF2D
FF3A
0038
FDE4
0000
FFC9
FE1F
FF3B
FED3
FFDC
007E
FF61
FE76
010C
01E5
FF30
FECF
00B2
FF1C
007C
01A5
FFED
FF83
00C5
FFCA
00B2
FFF6
FF67
FE63
FE25
FF6C
FF3D
0100
FFB8
00FC
FF6B
FF67
FF4F
FFD1
0104
FE60
023F
FE3D
0160
FEDE
FEB1
FFFE
00AF
0165
0098
0196
00AE
01F8
FF03
0159
FF73
00BE
FF3F
0232
FE9D
FD45
013D
FFC2
0023
0138
0088
FD3C
01ED
0078
FFAD
0233
01D1
01D5
00B1
FFDC
FFD5
016F
FE12
0099
FFED
FF81
00FC
FF7A
0157
FF52
01B4
0194
0175
FED1
0013
FDE2
01CF
029F
FF44
FF9B
0125
00F4
FFD3
0184
0058
0061
FE8D
014E
FE25
FE4D
FF3A
0062
FE2B
FE65
00F3
010F
00E5
0055
FF71
00A6
0040
0086
0080
0024
FEE9
01AB
0033
01EB
FF10
FDEA
FF7B
FD88
00FD
FEF9
FD70
FF9D
FE71
0178
FF7C
00DC
FF2E
0182
FEC4
00C6
010A
FDED
FFC8
FF75
0160
FF9C
FF45
FFD0
018A
FEED
0029
0057
FFA6
022B
FE61
00ED
0045
0091
FF78
005E
FFD1
FE49
FE2F
FEFD
FE39
FF8A
025E
006B
FF50
00F5
FF32
00F3
FFCB
00C9
FF4C
FFD2
FF7D
FF56
FF4A
FE8F
FF76
FDCD
00B3
FF76
002D
FF43
015E
009B
0208
00C6
FED5
FDFD
0116
0084
00F2
020E
FEE9
FFB8
00BF
FE27
FE97
0032
FF82
0144
FFE3
00A8
FFA2
0083
0140
002F
FFFE
FFCA
0000
0070
0065
01BE
FEBC
FE74
FE4E
FEC8
FEF5
0141
FF93
FD50
0210
FFFE
0246
0211
FE63
FE6C
FF39
FF3A
FEB4
FEA8
FFAB
0062
FF6E
FE9E
0124
FEED
FFFC
FEF1
004B
00F3
FD98
021B
FE35
00DA
00EA
018C
005A
003C
0053
FEBE
FE1B
FF03
FF5B
00A3
00F0
FFD8
FE6C
00F3
01BC
FE54
0168
FF97
021A
FFE3
FF71
FE7B
FF8E
00E0
01FC
00A0
FFDC
FFBB
01D2
000E
00EE
FF30
FF47
FFC0
0014
01C3
0176
FEB9
0182
008E
FFFC
FE2B
FE2F
FDDF
FF5C
00D6
FF4E
0038
FF8D
0270
FEB5
006F
FF75
00A9
0199
FFB8
01D3
FEB4
FFC8
00B9
01E6
FFBA
0160
004B
FE86
FFAD
FFA2
FEDE
0211
0169
011E
0108
0285
FFC6
FF44
FEA8
FD87
0231
01EA
FE24
FECE
FDF9
0184
0192
00FD
000C
FFAE
00BB
010A
01A5
FE44
FE45
016C
0244
01D9
01BA
0103
00C2
011C
00A2
0098
0024
FE36
00F8
00AD
0085
FEA3
FEB8
FF15
010F
01C6
0088
00A5
0192
0007
012F
0147
00C9
FE56
02CC
00E7
FDC2
FF50
00AD
0048
007A
009C
01AD
00D5
FFC7
0064
FF63
0244
0104
FFB9
FF0E
FE57
FE45
FE86
FEF2
FF83
00A0
000C
004D
0127
FEED
FF67
FE42
027D
01B1
00FE
0290
0054
FF4C
FF5D
FFFA
FE74
0278
003E
FFA6
FFFA
02D3
FE23
022D
FE3A
011A
FFA8
01FE
FF89
0125
01AA
0106
00E2
FE5C
00F0
009B
FE66
FEE1
01F8
015D
FE17
FFE6
0251
007D
FF8C
FE95
FEDE
0054
FF39
FFD9
00F4
FECE
0168
FEFA
FE48
FF8D
004A
00AD
00EB
FF24
FF7E
00E5
0213
019B
FF1A
0030
0252
FF0F
00B4
FDCA
0145
014D
01CF
FEBB
FE57
008B
0100
FF39
0015
FF52
0100
0139
0013
0024
0009
FFEF
FFEA
01F6
FF79
013E
0196
0151
01A5
FE70
FE4E
FE15
01BE
FF28
016E
FF9F
FF71
FF61
FF09
FE35
FE4D
00B3
0193
FFD2
FF06
00AA
FEAD
00C4
00EC
FF71
FF46
017A
0147
010D
FE23
FE16
FEAF
FF48
0271
01C1
FEC1
FF65
01A7
00AD
FF60
0029
026B
0006
0189
FFDD
FF6D
FFF6
FE14
00B8
FDE6
FE4A
009D
01F2
FF5D
FFCD
FE6B
0001
FF46
FF75
FD2A
0106
FFE3
FE42
FF84
FF14
010C
FF20
FF0A
FFAB
00B5
011A
01C4
FFCD
FF6C
01A2
0017
FDBC
00E4
0245
FE63
0163
FE48
FEE4
019F
FE4F
00F4
01AA
0029
FF00
0290
FEDD
019E
FFE5
FEAB
FF75
FE84
017C
00E5
FF18
FEF8
FE41
FD5F
FE9D
007A
FDE2
FF68
007C
0063
016A
01E1
FE0B
FE45
FE62
FD93
0134
FFD7
0053
0046
FE3B
FDC9
016F
FED0
0005
FEC1
00B1
FFC9
002F
FDFE
022C
FE89
015D
017A
FEC3
01EC
01C4
0075
FE73
02E7
00F0
00C7
FFC9
01BD
00D3
FD8C
FDF5
FE9E
00BA
FE58
0071
FF30
FED9
024A
FDD7
FDEA
011C
FE0B
FFC5
FF86
FF1F
FE74
0113
FF67
FEEA
0072
FFB6
0115
FF00
FE53
003E
FF34
FFA3
FF4B
FECE
FFC2
0102
FE2C
0053
0028
FFD5
01AB
FE35
00AB
FFDF
0048
FFF1
FDD1
0241
FD89
005F
0162
00A3
FFDB
FEDD
00D8
FDDA
00ED
FF19
FEEE
FEB5
003E
01C9
0236
0008
FE9C
0240
FF3C
0188
006B
FFD7
FF58
FFBF
000F
FEF3
FE13
0046
FFDA
0025
FFA2
FFE9
00B9
0144
011A
FF7B
012E
FFEB
FEE1
FFA7
0079
015D
015F
0313
01AF
FF2C
FE60
FF6C
00DD
FFD9
01DD
FECA
FEE0
0268
FFD5
0138
FE71
0113
FDFE
0165
01A1
015E
FE16
01B3
013F
FF40
FF9C
FE9A
0091
00C0
FF16
FF7A
FF94
FF17
FF94
018F
020B
0000
006E
0086
FFA9
024F
017A
0127
FF1F
00B4
01D6
013B
FE64
FFEE
FDFC
003D
0180
0073
0001
0050
0138
FEC6
0097
010A
014E
0287
00F9
01EA
FFB3
FE95
FFEE
001B
FE33
018D
FFA7
FFBC
FF19
013F
FEEC
FE1B
017C
007E
0118
017E
FDF0
020F
00E4
027C
00B7
FF51
00A4
00B0
FDAB
0187
FFDB
00C9
004A
FED2
0185
0092
FE5D
FFEF
FE63
FFE0
FFA6
0188
0040
FD9F
FEDB
FE4C
008B
00DC
00F8
013E
FF73
0105
FECF
001D
0134
00C7
FFA5
FF49
FDF0
FEED
017B
004F
0049
FEE3
FFDB
FEF5
FEAD
FF6D
01AC
0152
FED6
FED5
FEE9
002E
FE3B
0299
FEE3
016B
00B8
0016
FE01
0295
FE92
0257
FD6E
FF20
007E
006D
0043
FE25
FE70
0028
006F
01E9
FF57
FF11
FF19
00F1
0127
00D3
00F2
FD1F
FE55
FF02
01C7
0183
FF1B
FF1E
01DD
000D
020B
0243
FEF2
FEC8
008F
0037
0160
FEF8
0063
0014
001C
00B0
0182
FFED
00FD
FF8B
FE0A
FFE3
016A
0001
006F
FDCE
FD9F
01C2
0026
FE3F
FEA2
FFBD
01C0
0049
FFBB
000E
FEBE
009F
003A
FDE6
FE26
01BE
FE4D
0267
0188
FE22
FEC8
FF9A
00C1
00F5
0150
00DF
FCDD
018E
FF41
FEC0
FE14
FEC4
011E
010D
FF25
FF4F
011A
008F
0141
FED3
FEDB
FE9D
02A7
009E
001E
FFD9
01AF
FE8E
FE72
004B
FE07
0118
FEBE
FDBA
FF87
FE5B
FDB1
FF57
FEF6
FE78
FFB0
0045
FF2A
0032
01A2
006D
FF6E
FFDE
000C
FEC7
FF72
0037
FF14
0084
FF49
FFE8
010D
FECE
FE33
FEB6
0173
FF41
001E
003B
0050
FE2D
FE87
FF1D
FFB9
0073
0073
FE20
FF34
00F3
01C7
FF18
FFA2
00BD
FFFA
FE41
007A
0164
01BC
FF55
FE87
FFCD
FFAE
01DD
FF07
004D
0266
FF76
0055
00E3
FE1F
FE9D
00AC
FFE0
004E
0079
00FA
FE29
FDEB
00F4
022F
01C9
FF5C
FFD9
0124
007A
00DB
025F
FE58
FE54
FFC2
FF37
FF75
0289
FE81
0191
0073
FE55
FE15
013C
00F0
00B2
01A7
027F
0249
0025
FF96
00E5
FF26
FEAF
0226
01F5
FEF8
0145
00D0
FFCE
004E
0150
0054
010A
FF7B
FF4D
0196
00C3
0265
0234
FEE1
01F3
0107
0045
0114
FDF6
0203
00F3
FF0B
FFEC
FF70
FF63
0173
0018
FF7C
FDFD
0014
FEB4
0116
0085
01AB
00A8
005D
FFC1
0026
FE24
01E1
FE4C
01B1
01DE
FFD9
00EB
FF33
0137
014A
0066
FF3D
FEC1
FFA5
00AA
0000
FEC9
0210
FF80
FF0E
0041
FEC7
FF69
FF92
023A
FE95
FDCB
FDD7
0002
00A8
0104
01C4
FEFF
FF5F
FE69
FE67
FF6C
FEC9
FF0D
0126
0036
FF25
0106
008C
0208
FF0F
FE04
0183
028B
01AA
FE56
FF46
015F
FF7D
FE75
00B7
FE40
004A
014B
FE9F
0217
FF4C
01B5
0075
0029
024A
0049
FE67
FEA0
FF62
006B
FEF7
0182
FEEE
FE45
0028
01B2
FF69
0021
FFA5
024A
FF33
0034
FE30
00DD
018A
01EF
00F2
01CD
00FB
FF11
FE55
FF23
FEA1
FE76
00BC
FF73
FFCE
00E3
0061
FE23
00BC
FEE6
FE37
FF51
FDD7
FE8A
FF08
FE42
FF4F
FF45
00C4
FEA1
008C
FE05
00AC
026A
0011
FFBE
00E9
024A
00CA
FF83
00E1
FE3C
0107
FF06
FEC7
FEDE
0042
003A
FE78
FFBA
FF25
FEE3
00FB
FE3F
0262
FFC3
FF7A
008A
008A
FD96
0035
FF73
0119
019E
01F0
FDF4
FEC2
FE1A
01ED
FF1E
0101
016E
FFD3
0093
006D
FF82
FECC
FFEF
FED8
0010
02B2
FFFD
02BC
FF2F
FF32
023D
FDC5
0152
FEB1
FFC3
009B
FF2B
000A
008D
016D
016D
FF51
00A9
FF36
FF37
FEFF
FF2F
FEAE
FFF1
FFCF
FFD5
0158
013B
0113
FE27
0118
FE09
00E7
FEE0
0139
FF55
005F
FEE2
0086
FE5F
00D2
FE70
FE00
FDC7
0028
FFCF
FDBB
FD41
00C6
FFEB
FE65
0134
01E4
00D8
FF54
0286
FE4E
FCEA
010F
012A
FE84
0104
004A
FE5E
FE7F
FF45
0239
0086
FF38
FF4A
FF03
00DF
01DE
FD4C
00B9
FDA9
02C3
0033
00C3
017C
FF54
01E3
003A
FF09
018A
01BA
01DF
0013
FFBC
FD1D
00A5
004F
00B7
0049
FE7F
FEC3
015E
0294
FFB8
0170
007D
0189
FE51
FF34
FE73
FF9F
009F
FEDC
FE6A
0126
FDB8
FE44
FFE7
FE02
FEF5
FEF8
FE5A
FF59
01B7
FF02
FF1F
00B4
00F6
FF7A
0209
FFCB
FEAC
FD00
FEAF
FEF2
FE96
FF53
0153
01E7
0140
009D
0204
00E8
003C
0069
FDD7
00C9
FF1C
FF74
FCE2
012C
FE84
00A7
FF42
00A4
0017
FED1
FF49
FEFB
01C8
FF15
FF4C
FF79
FEC8
0096
FE97
FFF4
01FA
0079
0054
FF4C
0163
FE53
FE7A
001E
FFCB
0045
FE2C
0115
01B0
00D1
013A
FEB3
0023
0024
FF9A
0034
0115
009F
00D3
FF02
01C3
FDDA
FEEE
003E
FF7D
02D6
FF83
FD88
FE81
FED5
00A6
FE15
FE1A
00BF
FF97
FF4C
FE33
00E1
FDD3
FF39
FF6C
0159
FDA3
010D
FE85
01E7
01A8
0030
00FB
FF17
FE41
0223
FF38
0199
FFA3
FF22
FF4E
0147
FF54
015E
014E
FE3C
FEBA
FFA8
0121
0091
000A
0288
0060
FD6C
00DD
00ED
FEDD
0065
FF80
FE3C
0274
01AD
00FE
FDF1
0177
003F
FF96
FF69
0146
FE3F
FF66
FF50
01F8
FEDB
01A9
0131
00D5
0185
0165
01AF
FE3D
009C
014D
FDFD
FE59
FEFB
FFD0
0054
01D6
007A
FFB9
0185
00F9
FF88
FE06
FE97
0145
0148
FFBC
0113
0043
006D
021D
0136
FEC1
FE2B
037E
0207
0169
FF48
FED8
0040
00FF
0199
FEBF
01F7
0035
00D8
FF17
022E
00A5
00A6
FE2E
0139
FFE4
00B9
FFFB
0204
00F6
0026
FF15
FF14
0179
FF68
FF8C
FF7D
0125
0069
0075
FFF3
0116
00AA
FFC9
FECE
FEE7
013C
014D
0009
FF0D
FFBF
01D0
FFBB
0034
FF05
FD35
FFA8
014A
00B0
014C
0128
01A3
00D9
014E
01A5
0086
FF69
FE51
FEEB
0177
0152
FF2C
0167
FF20
01CA
0156
00C6
003F
FF28
FEFE
0155
020A
0114
0057
012A
00E2
00A1
027D
00BB
FF8A
0115
01B4
FF53
0129
0055
00AD
FEBD
FFB0
FF95
FE66
FEFD
00A9
0009
0089
FF24
0048
00C8
FF26
01CF
FEC1
017E
0049
FFB8
FEB8
0201
FC67
0189
FFBE
0188
0037
FEDE
FF6B
FE8A
FE1D
FDB3
FEF7
FFB2
FE70
0133
0092
FEFE
0018
FF8D
01A3
0191
FE2C
009B
00D4
FEC4
FE34
0275
01CF
FEA1
017F
FF50
009F
FE48
00A4
FFD9
FE22
FEDC
FFE8
FF5E
FFCB
027D
0137
FF9C
FE94
FEE1
019E
00EA
0147
FD5A
FE7E
FEF7
025A
FF93
FF08
0143
00A6
FF78
006E
0250
FEAD
FF25
FE8A
0028
FF14
FEA9
00EA
0071
01C5
012F
006B
01D9
000B
0138
022C
FFC4
FE60
FE2B
01AF
0160
021B
0124
0246
01A1
0183
FDF0
004B
0143
FE37
0140
0173
FE23
FE86
023C
FEF8
0177
FE30
FE6C
FFFB
FD69
0188
FF99
FF34
FE28
01E8
0008
FF23
FF40
015B
FEBF
000A
FECB
FEE4
FF6C
FEFC
00D3
0237
FC83
FF04
FED1
FEE9
FF3C
FFD6
FFE5
026A
01AA
FDBA
FFD0
009D
001A
FFD4
0086
0015
FE21
FE3D
FE34
FF7F
00F8
01D1
FF6C
001F
FED4
FF09
FE52
FEAB
00D1
0128
FDE1
0096
005B
FE24
00EE
FE6D
FE9F
00AA
0244
001B
01D8
FE14
00A1
01A3
FF87
FFD9
FF54
0221
FDE5
FE33
017D
005B
01EF
FFE4
0030
0271
FECD
FF51
01A6
01B5
FE02
00F9
FECA
FEEF
FFCB
FE97
FE61
0015
FF60
FEF0
01EA
0221
0252
027B
01B7
FF9B
FEC0
FE0A
FE14
01BC
0080
016B
00E3
0079
FF70
FF5B
FE60
FEE8
02C2
FFF2
01AA
FFAE
FF7F
00A6
0105
FE21
01B0
FF61
FF57
0179
FF80
012B
FF5B
FE1B
FF9E
01DA
0173
FD70
FF0F
FFE3
0035
001C
FE12
007D
FF7B
FFED
FE2A
FFEF
0129
0020
FD8A
FE5A
FF7C
FE8A
FDCE
FFDD
FF9D
00F3
FF6D
014D
015D
009E
FECE
FE9B
FF38
0152
0140
FF3F
010E
0161
00AA
00B9
0146
01E6
0015
00C6
004F
012D
FFAB
FED6
0234
FED9
FFAA
0115
01AC
0125
01A4
0222
FE9E
0186
FF43
FFF3
0086
FF62
FF2F
FF7B
FED1
FF07
01BE
FF48
FE9B
FFE1
FF00
FFC4
FF08
FD97
0240
00C2
FCBE
FEAF
FE1D
012B
0140
FF6D
FFB6
FF2D
FCEE
FD86
FEE8
0086
FEA4
FF9D
FF45
0014
00A2
0011
01C4
FEA9
FF98
007F
00CD
0049
000C
01D2
FED9
FE4D
00F6
FFB0
028E
FE9F
FF9D
FDBC
FE60
008F
FF75
FE1A
009D
FE6C
01E4
013E
FFE4
0074
00DC
FE97
FFF1
0230
FF5A
0188
FF1D
FDDC
FE6D
0134
0158
FFF0
0182
FF36
01EF
FDF7
0080
0051
FF0D
027E
00CB
FE93
FE34
006D
FF5C
0097
00B0
FE58
017D
FEC7
019F
020B
00D5
FFD0
FFE4
FE47
FEA8
026E
0058
010A
FE14
0268
01BA
FDE7
FE8D
00D7
FE3F
FD56
FE5C
00B3
0023
0085
FE14
0100
FF1A
022D
FFE6
0060
009F
01D2
00B3
0194
FFA8
FF34
0152
01C1
0090
FF4D
0004
FF15
FDDC
FF94
FFD3
0036
FF09
FE0C
FF26
FF47
01C1
001E
FF57
00C9
FE51
0174
FF2E
01FD
FEE4
FFE5
FF21
FEF5
FFAF
000F
006C
FFC4
FDA4
FE33
FF46
FE1A
FDFB
008D
FE46
0110
FF10
FFCE
FF17
002B
010F
0131
FF5A
FE82
013B
FFC5
FEC5
FDE4
FE3B
000E
FEB9
0125
FEFE
FDC8
0206
FECA
003F
019A
00D5
0120
011D
FDAB
FEF9
FE8B
00ED
FEAF
FF39
FF33
FF4D
0129
FE5E
FDFE
FF76
015A
018B
00B2
FE62
0216
0026
0070
00AD
0046
006D
0082
FDD4
FFB6
0027
FFAC
0262
0224
FDF8
FE20
FDEA
0020
0046
001B
0152
FF18
0285
FFAD
FE90
FE85
00EC
FFAF
FE65
0215
FF7F
FE8F
FF7F
FF82
01B7
FDD1
021D
02AD
FFC3
0103
0072
FF8A
0272
0009
FF67
00A1
0069
FEB5
FEED
FF7E
FE22
00D2
FE9E
021D
0059
0153
FEA8
002E
FE73
0038
FEF0
FE10
FFF4
FF2A
0253
00EC
FD0E
FE15
FE4F
0237
FFE8
01E7
FF2C
0229
009D
FEF0
FDE9
0172
018A
017D
FED0
00AE
FFA4
00B1
FF7D
FE9F
FE5E
FE87
007E
FFDC
FECC
FFCE
FF75
004D
FF78
01C0
FF6C
FEAA
FF5E
0133
FF95
00ED
FD71
0052
FF1D
0073
0241
FE9E
FE4A
01AF
01E6
01CC
FEAC
FEDB
01B6
FDC2
FE8E
0028
FF14
0115
0067
FF09
FE8C
019C
002A
0046
0068
00E7
01DD
00D2
0226
01D2
FF8A
0101
00CA
FF6F
01DE
0002
0048
FE16
0090
FEF7
FE13
FDB4
FE90
FEA4
019B
FEDF
0185
0052
00B2
0296
0193
FE66
FF9C
FEC6
FE73
FFA6
0174
FF7F
022A
FF91
FE02
00BE
FE23
FE7D
FEF9
0087
00DE
0142
FE25
FE8A
FD7F
00F6
0058
FE62
008C
012D
FE1F
FE42
00D2
FE89
0095
FF6B
01D8
003F
013F
00EE
0127
FFB2
0058
00FC
00DB
008A
FF6E
0201
FF67
0221
00C9
00F8
01FF
00DF
0022
FD5C
0101
FE3A
FE26
00E8
0088
0039
014F
FDCF
FDF2
FDCB
00D5
FEA5
012F
FEFC
FFF6
FD9E
FF2C
005E
0144
FDE6
FF43
0276
0062
0207
FFB3
00D7
0084
FF98
0177
00C6
FE20
FDF5
FFFE
00C4
0174
0073
FF4F
0127
0220
00D5
FF67
FF8B
FF66
FDE1
FEBB
FEB3
0156
006A
0233
01A8
0141
0281
FF7E
FFCD
0185
FE55
00F7
00E1
0106
FE9F
FFB7
00D9
FF29
FF7F
FFD8
FFC7
0158
FFCA
01B6
01BB
FE29
0025
0061
0145
FE39
FE1E
FE03
FEB9
01D2
004F
FF06
FF6A
FF3F
0033
00A1
00FF
0160
004D
00C1
00F3
003E
0223
FF34
00FF
006C
FF94
FFCE
0095
FE63
FE97
FF3D
0169
002A
0136
014E
FFBB
FEC9
FFD5
FFB5
015A
FE33
FF64
00B1
FF2B
01AA
FFEF
0067
0211
FE47
FEEC
FF6C
FDFD
00C8
FF2D
008E
00A4
0068
FF5A
000C
FFCB
FF61
018A
FE4D
FFE8
00E7
FFD4
FF0B
0013
FFD3
FF80
014B
0174
0215
0178
FE91
FF1E
FFE8
01A1
0195
FDDE
FD3C
00AA
FFC9
FE87
00CA
FFC6
FFD6
FF93
00BF
FE4F
026F
FE85
0013
0087
FFC7
FE82
FEC0
FE73
0055
011D
013E
00B2
021D
FE4F
008B
FF8F
00AF
0121
00AF
FF5E
FF93
0099
FF3C
006B
0115
FF93
FDBB
003C
0120
FCF7
FFB3
FFE0
FF46
014F
FFD4
FF4D
FF9D
FFE8
0012
016B
FF0A
FF50
FF8D
FDF9
003D
FE8D
FE18
0077
0248
0026
01F2
019C
00AB
0001
029D
FDFB
0228
0115
FF07
FE85
0159
FFAF
005B
FDA7
FDB7
FF85
01E6
0164
023C
018B
00D5
FFF2
010B
00A3
00A4
01BF
0010
00FE
FE52
011B
FEB3
01DE
FFAF
FF1A
0111
00E0
00D6
006E
01D3
FED1
0163
00A3
00A9
FF8B
FE24
0085
00F9
FFF7
0260
FF29
0032
000C
0249
0113
FFD9
0007
FDD9
0005
FF41
FEDC
01DD
01AA
00BC
015F
0039
00BA
00BB
FF84
0089
0212
0110
0201
FF20
FFF1
FE27
FE26
FFD0
02BB
FE3E
FFB3
FFCC
FEAF
FF11
FFB3
FE00
FEB2
012A
0004
FE01
01CF
FD85
FE40
0120
00A4
0072
FFFA
0154
FF17
FDC5
004A
021D
FECB
FD55
FDD6
FE18
FEBC
0232
FF8A
FF56
0074
FF4E
FFB2
FF49
00CC
FDB9
FF7B
0107
FF34
0011
FFAA
FFBC
0178
FF79
030A
FF38
FFEB
FFD4
FEED
0191
FED4
0136
00EE
FF15
0011
FFA6
FEAB
FE23
012F
FF7C
005C
FF66
FF90
0036
0164
006C
000A
0071
0006
0134
017B
FF7E
010A
FF20
FE54
FE42
014C
FED7
0211
019E
FEEE
FF9C
FE25
00A5
FF27
0058
FFF5
FE82
0031
019B
0119
FF0A
01EC
00A4
02E1
FFB7
0153
FF37
0036
FF55
FE34
0125
0023
00E0
FEFB
FF1F
FFCD
FE43
024D
0045
00A8
FEEF
FF18
FFB0
009A
006C
FED5
0175
004B
FE03
0293
FED3
FFAF
01E2
FF48
01E3
0140
0090
0021
FE50
0177
FFF0
FF77
FE9E
0159
FE7A
0073
FD66
FEC8
0204
FEFF
002C
003C
00D9
FFD0
FFE7
FE83
FEEC
FFD5
014A
00D8
FFBE
0182
0269
016F
FFE7
0031
FEE9
0125
00EF
0152
027C
FF86
0100
00FE
010C
0153
014A
0203
007A
FF80
FFE6
012C
FF9D
0091
FFA5
FF62
01AE
FF84
0290
FD8A
FEB9
0029
FE87
00E7
FE69
FF93
014E
00AA
FF3A
FEF4
FEDD
FF19
FE81
0016
FFD0
FF10
0293
006C
018C
0129
01D9
FFDF
0159
FE7B
0005
004A
FF42
002E
00E2
0087
0181
FF2D
01CF
017C
FE98
FE5F
0083
FE34
018A
FE83
0187
FFF6
FE63
015B
00A0
0075
00FB
0141
0173
019A
008F
0135
00C9
017E
FED6
FFBB
FE2F
FEDB
0074
FDFF
01ED
012F
FFB9
01DD
0053
FE97
020B
FF9D
FE65
FF9A
FF47
0243
0259
01B3
FF17
FE6F
FEE6
FDDC
FE88
FFD4
0150
0125
01A8
FE00
FE37
FE6F
0079
FE27
FFB3
0167
0091
0181
0109
FF08
0034
002A
FFE0
FEDE
025F
FE55
FF1E
FF3E
FF96
FF0D
FF6F
FF4F
009F
FEE0
0194
FFE4
FF27
00E2
FF5E
FE85
019D
FFBA
00E5
FE4C
0012
FF72
FF7B
FED2
025A
FE40
0108
FFDF
FED6
0234
FF4F
FE78
FE58
FF71
0072
0098
002F
FFCD
00F0
0038
0042
0028
01F8
FF12
0045
FF20
FEDC
00E9
004A
0018
FD71
FF8C
01AF
FF53
FF7A
0307
0044
0155
005C
FF60
01BC
0146
FF88
FEFD
0054
00A2
FFB9
FFFF
017E
FFAE
0221
FFD4
01C3
00C2
01A2
FF01
0138
FE49
008C
FF9C
003F
FEEE
0169
0222
FE9F
FF46
01B1
00CF
FEEE
021A
FFF4
0171
FFE7
FF5C
FF02
FE11
0183
01B5
FEB1
0003
00C4
FE40
FE18
FEF7
FE28
00DB
FDDB
FF3C
01A4
0128
FE5C
FF80
018F
017D
FFBC
FE6B
00E7
FFC1
003C
0188
01FC
FF0D
FFC5
FEB6
0066
FE37
FE88
024A
003E
01DA
FFE3
FEA6
FEFF
FD0F
FE97
013B
FF45
FF7F
001C
FF71
0094
0005
00B2
0151
0278
FD7C
FFC3
FDD7
FFD0
FF02
FF8A
0047
0140
FEDE
FE35
FEBF
FF2B
0046
0038
FE1F
FEDD
0153
0058
017F
0212
FE10
0095
FFCB
FE6A
0085
0025
FE73
00BE
0110
FFB0
FE09
0201
0143
FF1F
00A0
0266
FFA1
017C
017F
0104
021E
FE61
FF1A
0179
FFFD
00C1
FFBE
003D
0126
FFBA
FE83
0022
015B
FEFA
FEA5
FFBB
FEF6
FFAE
00F8
FFC5
FE4C
FFB7
FF04
01A2
FED8
FF9F
01AB
FEF1
FFFC
01D4
0161
0133
FE9B
013C
023F
00B8
0027
FEE7
00A0
FECD
FFF9
010E
FFE7
0180
FF7D
FF43
FF77
01E4
FD9A
FE58
FF92
0068
FF21
0238
01C8
0087
FFC2
001D
FEFB
00D8
0259
FE99
00FD
FF7D
01EB
FFA1
01AA
0107
FF2B
00A2
FF52
01FB
FE2A
0108
FFFD
FE9F
0192
0039
FE80
FEEE
00E1
FE16
FEBF
FE31
0127
005B
01A0
00CE
024B
FF17
FFF7
FE5E
0035
FEC9
0075
0198
FF39
01FF
011D
FE48
FD49
017A
0078
FFC5
FF84
FF1A
FF48
0023
0201
01FD
FF88
001A
FEAB
FDEA
FF6D
FF71
00C5
01DA
0142
FEA1
004D
000D
FFA4
FF72
FFEF
FF85
FF39
FE21
FF10
00FB
002E
FE8B
FECC
00B0
0190
019C
FF91
FEAB
FE06
FF8C
FF3A
01C2
0030
FE16
010A
00CB
002A
FFF4
01B1
FEF9
0185
FF11
FEFC
0152
FE08
FDD9
FF77
00AC
FDDA
01A4
0024
FDE7
0149
FFA8
02C6
FFA6
FFA5
00DF
0156
FF76
FEF9
FE51
01FA
0160
01D7
FFBC
FFBE
00C1
00E0
019B
FE43
FEF3
FE9E
013D
FFDC
00B7
FF10
0056
0248
009F
0128
01E4
0019
FFCF
FFB3
FEEF
011D
FEE9
FE01
011A
FE79
015C
0251
00F6
FF6B
FEE3
FEA0
FFB9
FF4C
FF10
01F6
FE8E
0141
00B5
FF43
FDFF
0159
FD90
0194
FF37
FF06
FDFC
FF1F
FF5C
FFEA
0028
FE80
0183
002E
FEDC
0158
FD9F
FD71
FF51
FED6
FFA4
FFEB
FE6F
0253
00A6
FE90
009D
FDB2
0058
0047
FEBF
FE0B
01C0
00E2
FFC7
0109
00FB
FF90
FFD1
FE33
016A
01C6
00A8
0139
FF10
FEC3
0304
FF47
0161
FED3
0070
FD6B
00FA
FF52
0226
005D
001C
0222
FE72
FEA2
015D
0141
FEF8
0137
FFDC
FF95
01B5
0153
FE24
FEA5
0045
00F3
0055
006D
004D
FFC1
0057
01CF
FF6E
0192
FF9E
01D8
0021
FFBA
FFBA
0206
FF42
FE86
FEA1
FEE0
00BB
FDFD
01A9
01A9
0078
011A
016B
0077
00CE
FF8B
0022
0174
00FF
01EA
002F
00FB
FEFD
FF10
FDEA
FE2D
0195
01CB
FECE
0099
FE3A
FDDA
FF3D
0186
FD64
FFE9
00BC
FEC4
FE39
FEAD
FFFD
FEE8
0042
FEA0
00BB
FF04
0034
0028
0192
004D
FE22
FFE1
FFB2
027D
00CB
FED0
FD44
002A
FF33
014F
00A0
FDF8
00B5
00AD
01C1
0066
002A
00CA
000B
0074
0138
01AD
FF95
003F
0069
00A4
FFF7
001D
0168
005D
FF46
013B
FE8E
FFCE
FF44
018F
FDDA
0049
008A
FF1A
FFA5
FF4C
FFAE
0021
00F7
FF83
FF01
0227
FEDC
FEB0
0092
FF29
00BF
FE41
FFEC
000E
004A
00E1
020C
FF5B
FFA4
021A
01A4
0003
0132
FEC6
FF8A
024A
FF72
0101
0044
FF39
FDD2
FF14
FE92
012A
004C
00E6
FF6F
00E8
FE97
0138
FF67
01A0
01DA
FFB2
FF1D
012A
FEF9
0035
FF5F
016C
01EC
FF5D
0071
FE1C
0094
011C
00C2
0073
0009
01C3
FFD9
FF51
0102
FE9B
FF22
FE3D
FEC7
01F6
FE4B
FFEA
0197
00B5
FFA5
FDFF
FDDD
016B
FEA7
FE29
FFD8
00E5
01FC
0039
FFB3
00A5
FD94
FEFE
FEAD
FF00
FEE6
FD78
003E
003F
00D8
0117
00B8
FF39
00E1
FF94
FF43
019F
0179
FEFE
FFD1
FF1B
FD22
FEEF
0138
0102
0014
FF13
003B
FE6F
01B5
00A7
0030
FF57
00BD
017B
012A
FE5C
01ED
FF05
019C
02FE
FF19
007A
00AF
01FA
017F
FF02
01B7
FEDF
FE12
00D5
015A
02D7
0221
FD6A
FEB2
010C
FFA2
0024
FE7B
00BB
000B
0104
00C0
FDB5
FFED
FFA4
0072
FDCB
0114
FEB1
00BA
00C3
FF10
FF84
FF07
01DF
02A5
004E
0128
FFF0
0043
FDD8
FEFC
0233
FDC3
FE8C
023D
00C1
006B
022B
FFE3
003E
FE19
FDE5
00A3
0170
0095
FDC7
0131
00E9
0053
FF80
01DF
FF97
FE83
002D
FDA2
FFD7
0142
FE01
FF02
FE85
0277
007A
0134
FDD5
0060
00EE
027E
FFD3
FF76
0151
0179
002F
0293
00A3
0115
01AB
FC9E
FFF9
0074
FF89
00B3
FF60
00F9
0102
01F2
0248
FECF
FEB2
011A
00DA
0110
013A
FF44
FF9A
FFE2
FDE6
0155
FD26
0294
00CC
0191
00B8
FF8C
FF4E
01AC
01CD
FF71
FF59
FF2A
000F
FE5E
02A2
020E
0038
016E
FFE2
007E
01D5
FF36
FF53
018D
02A3
006F
FEB5
FE74
FDB9
008C
0125
FF96
0169
FF26
007D
FF4D
FDED
0052
FDDB
0076
00F3
00B6
02EC
FE14
02E8
FFE5
FF39
FE2B
0273
020C
026F
FD2A
0130
01C7
0238
FE90
FDA3
FD36
0224
FF59
FE14
015B
0060
FDCB
FF3C
01AC
0162
00AF
FFD2
01C6
FD86
0138
00E2
FEB0
000E
0019
016C
0085
FFAF
FFDB
0157
FFD5
0009
023C
01A5
0162
0169
FD81
00FA
FE8C
FE35
00CE
0230
0224
0039
FF65
0006
FF9D
0038
0191
0112
FF2F
FFB6
FFD1
FEF6
01B9
0177
000F
FF54
FE97
0079
FF51
FE76
FEB1
01FC
01D5
FEE4
0004
FF68
0183
0202
FFE2
FEBB
001B
FFBB
FEEE
FDBE
FF77
FD64
0183
00B1
FF9C
0003
FE5E
0062
0035
01B2
019E
FFCA
FFAC
0139
FF5C
FF0D
FEB3
FF30
FFF4
0010
FD77
FDBF
01E9
FF8D
FEAE
FDB0
003C
FEB8
FFA9
0020
005F
0271
00C5
FD8E
014D
0056
FFB6
FF3F
FFFF
0152
FFF4
01AC
FEC6
FEFB
0231
FDFE
FF11
FEA1
FF48
022E
0240
FE9B
FE02
FFE8
0001
FE58
00E2
FF79
00A1
0175
0000
022E
0115
FFF4
FEA0
002D
0109
01A7
00CE
01CA
01BF
FDC1
0086
023D
FEFF
01D3
FDDB
00F4
FEB7
0155
FFE3
017F
00D1
0099
00B9
0190
0144
01B3
0001
0342
0125
0102
01A4
FFCD
FE98
FE91
0245
FECA
FE51
0222
0116
012E
0290
00F2
FEAB
01EC
019E
FFFA
FCAC
014C
0152
004E
FE28
FF01
FFAC
00E4
FFE8
00FA
FF32
FF87
0012
0040
FFBE
FEE3
01D2
FE22
0106
0020
FDE9
FEBC
FFF7
00B1
018E
FE2F
0016
0101
FF42
FF69
FE04
FE3D
0044
0014
FFF4
0196
FEE9
0096
00B2
FF26
00E2
026C
FF75
00E0
0100
028A
FF91
FF56
009D
00D0
00ED
00F7
FE79
015C
FFF4
0164
01A2
010F
FFFB
00CF
FFF9
FE43
003C
FE95
006D
FED2
FF61
007A
000F
00B6
02A1
0156
0116
FF9B
012A
0232
023F
FF93
FE6B
FF99
001F
01BB
0153
019A
0127
FEF3
FF56
00E7
FF18
011C
FE75
006E
FE2B
FDFD
01D9
0049
FE15
FFBB
0005
0016
013B
003A
FE1E
FF01
FE2F
007E
020C
017A
0295
FF46
00C9
0090
0072
005F
FDB4
FEC2
00A5
009A
005F
FFBD
FE90
0078
FF4A
FF48
008A
017B
FDE5
FF3A
01C4
0015
FE67
0217
00B8
FFC9
FE8B
009C
0242
FF16
FF00
0086
0224
0058
FF5C
FEF1
FFCF
FD2D
009B
02D4
FDF5
FF12
FEF8
0090
FDFD
0158
0135
FE80
FF01
00FB
0042
FF87
009C
FF7A
FFDF
FEAC
FECE
FEEB
FF98
FF39
FF57
00AC
019E
002F
0086
FEAE
0073
FE53
FDCD
FFAB
FE26
0142
FEAC
00DA
0101
FF8A
027E
FEAC
0056
FE43
00DC
FF2B
0180
FFA1
00D8
0217
0075
0155
FFD7
FEB8
01A5
FE44
0057
FFEC
0181
FFDA
FDB0
0205
0184
FEE5
FF32
0124
FF97
0111
027A
FE2E
0210
FF7A
FF12
001F
0121
FEB4
FF77
FE91
007B
0146
0033
0075
019E
FF6B
FF7A
FFFF
FF15
FE8B
0019
FE3D
0025
0156
FD6F
005D
FD89
FE70
FEFD
FECF
FF1E
0036
FF34
014B
0291
006A
FFA4
00C7
00DB
029A
0242
FFA0
0063
0070
FDF9
01E9
FDB7
FE2C
FEF4
FF95
00CD
FF90
01CD
FF3A
FEE4
01E8
010E
FEC0
FDFB
0170
007E
FF42
01E5
01B3
005C
FFCE
0171
FFE8
FFEC
FF9F
FEC4
0080
FF52
FF2F
003C
FEA5
008B
FF0F
016E
010C
FDA1
008A
0132
0130
FE20
FF12
0221
FF47
FE44
01AD
FFD9
FFE7
FEF2
FDBE
FF2C
00FC
011F
FE20
FE1B
FFB6
0096
FEE7
FFA9
FFAB
01CE
0122
0185
FFD5
0138
00C5
FEA2
009B
FEFE
016C
0133
0104
0197
0140
00A2
FEED
FF24
01F9
00CD
0112
FD99
014B
017B
FE25
0066
FF4C
FEB8
FE9C
FDE1
FE52
010F
0145
FDAC
FD0F
FFF2
FE3A
FE8A
FF42
015B
FF5C
FF1E
017D
FF8F
FF39
FEC5
0112
FE8E
00D9
FE9F
FDAC
FEF3
FFF8
FE02
FF8E
028A
FD45
0298
0091
01F3
005E
018D
FFC4
FF71
FE1F
0085
02A5
FF3B
001E
00B2
FE3C
0208
01F3
0115
FF8D
FE21
FE6D
FFED
FD69
021C
015F
FEF9
FEB8
0150
FDD1
FF29
FE51
02F8
012B
FEF3
01F0
FEB3
FF8A
FEE4
00A4
FE1A
FE4F
FED6
0150
FEF2
0269
FF6E
FE68
FF1C
FE50
FEB1
FE6A
0010
00EC
00E6
01CC
FE49
01EA
FE67
000C
FEFD
01DB
FF07
0170
0084
0085
00AE
FF41
FE7D
FF12
0152
FE57
FDB8
FE89
0146
FF50
011A
0134
0125
FEDC
FF05
FDC5
FEE8
0013
0225
FD6B
FF77
0183
FDE3
013A
013B
FE70
FFB1
00EA
003D
0107
00C9
0120
00B7
FF20
FF1A
FE5C
FEB8
FFFE
FF84
FE6D
00EA
0248
0099
01C1
FF24
00D8
FECD
00A2
FE14
FF10
FF4E
FFC4
0212
0131
016B
FE63
01F5
00A8
FFE2
FEA6
0138
FF55
00B5
FFC2
FE82
FFED
FFA9
006F
00ED
FE3D
FEB7
FEE0
00AC
0239
0137
FF34
012D
FE5E
001A
FEEC
FE7F
FD9A
013F
01FC
01CC
004A
FE5A
FEC2
0144
0007
FEC5
FFCC
0004
FFBB
0166
FF64
FEC6
FE59
00B5
FF79
FE86
FE65
FF2E
FF54
0045
014A
01A0
FE2A
0268
0162
FF69
01D8
0051
FF86
0163
00A7
009E
00BE
FECE
FD6C
01AE
00C8
FFE7
00B0
FDD7
0093
FF24
02B6
FDCA
FE32
00BD
0244
FF96
FE93
01AC
FDDA
FEBA
006B
FD9B
FF29
008F
0289
FFCF
00A0
00A9
014D
FE17
FF25
FF20
007A
FE63
FF8C
FFC1
FFEC
FE95
FEA9
FE26
0064
0028
FDE6
FED3
016B
018F
FE12
00FD
FECC
0147
FEA7
FEC6
0122
FF9E
01CA
FE88
FF04
FE25
FFCF
019B
0153
FFC9
FDCE
00CE
02AA
02B0
00D5
FE5B
FEB5
008D
00DF
FF56
FF68
FF31
0085
FE64
0263
0078
FEA8
FE67
FFDD
FED0
004C
015A
FDF1
0041
01E2
FE9B
FED5
FFE0
0188
FEEB
0118
FDF6
0108
FF5C
FE81
FE68
FFBA
FE4E
FE56
FEB6
FEF6
0145
0006
FFF6
FE4A
0184
FFFA
FE2A
0074
FF8E
00B3
FF80
00A0
FE70
FF96
024D
FE80
FF22
FF79
0000
0125
018D
00FC
019E
0240
00EE
FFF1
FFA3
FFFC
01E4
020E
01A8
01D0
0128
01E5
FF36
00E4
FE9B
0136
006B
00D0
FFA2
FF41
FE74
0081
01C8
00BD
0173
0021
FE8F
FEC8
0197
0103
FF2A
FD8D
FF61
FF3D
01C4
FF21
022E
0208
FF4D
FE9D
0150
FD7F
0027
00C8
FFB9
FEB8
0043
FFD2
FF90
FFA7
FEB6
FDCC
006D
0030
0062
01DF
0107
0054
0200
FF58
00D8
FEA3
FF3C
FEB2
FF36
FEBA
00C7
000F
00F8
FFE5
FE83
FF17
006E
FFCF
014A
0131
010E
019B
00B1
FF0A
0053
FE92
0155
007B
FD8A
007B
0167
01B8
FDB9
FDD8
00B1
0132
00E3
01F1
FE7A
FE87
FDDB
FF44
FF0D
FDE1
0196
0134
FFAC
0183
FF83
FF01
FDCF
01E0
01B5
FEF3
FF0F
0113
0022
FD79
FF5B
0175
003A
FEA3
016F
013B
FEA7
0161
0034
FEC4
FF43
FE73
01C3
FF5F
FEEB
FE73
00CB
01B9
FF9F
0177
FEEF
FF7E
FDF8
FEA8
FF41
FEC3
FDF9
006C
00EF
FE95
0025
FEA7
00D0
FE50
0026
00E2
FF04
0032
FDCD
FF06
FFEE
021B
009E
01C5
FE32
003C
FEC2
FE0D
FF65
FE88
00F3
FF79
00BD
FE8E
FDA5
FFAB
FFAC
00A6
FFE5
0146
FDB3
FF41
FF36
FF8B
FE18
FEFE
0224
FD96
005A
FF74
FDF5
FED8
FE21
FFEF
FDB7
FF31
01F4
022A
FF36
FED5
0067
FF7E
0045
FE10
FF3E
FE3E
FD30
0135
FE02
FE5D
FE4C
0141
FF9B
014E
FF14
FF96
FF4D
FF7B
022E
009C
FF0E
FF64
013E
FD9D
FCEF
FF15
FEFD
FE51
FFC6
FF79
FDDA
004B
00CB
FF2A
FEFC
01EC
FF68
007F
FFDA
FF1C
0148
006E
FFE0
FFAC
0090
00A6
FF30
003B
00C4
0082
00A0
FFF6
011C
FFD2
FF69
00C5
FD56
0273
00EA
FF20
FE6A
014C
0008
FFAE
009B
00D5
FFC3
FF57
008C
006D
00DC
004F
FEC5
0040
FEC5
FED3
019E
FED7
FFBF
0251
FEC6
00F0
FE69
0027
002E
007B
007B
FF54
FEBF
0026
FFB6
FD9E
006E
FE94
003E
01AD
FF58
FE6E
FE65
0081
0027
FF0B
00A4
0169
01F0
01A6
FFDD
FE26
0227
FFAD
02A5
FEE3
0179
022D
FFF4
FEE4
FE78
00F9
FEDB
FD2B
016B
FF7F
FE3E
003C
FF07
FFAF
FE26
FEF3
FF8F
007E
0195
FEFA
0198
FE70
0169
FE13
004D
FD82
0066
FE6A
010A
FF0F
019C
FEB4
0150
020E
00BF
00E7
FF76
0133
00FD
FFC7
FE38
00ED
FE9D
FF84
011A
FFF7
0042
0095
FF82
015E
005F
FE6E
0032
FEA9
0082
0234
003C
FFD1
0109
FEED
0240
FFDB
0041
004C
FFD0
FFE4
FE4E
001E
FDB6
FF95
FD53
00B0
FF23
FE83
FFD5
FE92
00E5
FF69
00AF
FEF6
FECE
FF2E
012D
0145
FE88
00B6
01BE
FE95
FF62
FE38
FF87
FE82
00D6
0129
FE8F
FF75
FF93
FFEC
00DC
FE78
FDDD
00EF
0089
0163
FE28
FF5D
0025
FFC7
FF35
0049
FFD6
005F
FEEB
FEB1
FE7C
010F
FF3A
FFA7
FF51
FDDE
FDB2
FDDF
FF82
FE2E
FF15
00D0
0040
0150
0188
0044
0176
004A
FFC1
FCC2
FFEE
00AA
003F
FF7F
FECC
005A
FEDD
00C9
0100
01DC
0023
00C6
0109
00D9
FF67
FF2A
00CA
FE98
FF3B
0044
00FA
FEC5
FF4F
00F1
FF47
FDC8
FD74
FFC9
016B
FF45
017F
FF30
010A
FE3A
0155
01B7
0050
FEB8
01FC
FFA2
00C9
FF63
FF72
0189
027D
FE25
0215
0039
026D
FF89
0142
0002
0160
0097
FDB8
FE84
FF46
00D3
FFB6
0042
FF9C
FF92
0016
00D0
FF02
FE56
FFEF
0250
FDD7
00AE
0023
FF5C
FE7D
FF4C
FFAF
FF30
FEBE
FEE0
FDFE
0084
01D2
01C3
FEE9
FDA9
FF80
FF87
00C4
FF92
FED5
021F
003A
FF0E
01A1
00A9
FF02
FFD5
FF45
0069
0075
FFFD
0007
FE1C
FF0B
0104
FE56
FE00
FEC3
FDED
FF6E
0171
FF3B
FFE5
FEEF
FEA2
FE8F
01A4
01FB
0208
FFA4
FE17
00EB
FEF0
FF62
00EF
007A
FDF1
FF92
FE1F
0030
FFD8
FF1F
01C4
FF3C
FEFA
0059
FEFF
FFAB
00BF
FF7B
FE6B
FF9F
0042
0236
00C3
FD4A
015E
FEAA
FFF7
FE67
0126
FE7D
0244
01C2
FF4F
0143
FF3A
FF1C
FEBD
0203
FFCF
00E1
0074
FF81
FF64
FE80
0131
019F
017B
00D1
FEFD
FE91
FDB2
FDA2
005A
FFED
FEEC
00A8
0146
00E4
01C0
004E
FF13
005A
FEA8
0195
012C
FF90
01D4
FF9D
01B1
021E
00C2
FFAE
01BD
014D
FEB6
0121
00C5
014C
013A
006C
0100
FFF0
FFC7
0084
00AF
FDD4
009D
00BD
FDA8
FFEA
019D
0093
FE0D
014C
0056
FFAD
004D
FE34
FF96
002D
0122
0027
008D
0066
FFB0
0026
002E
FFE6
0093
0035
0130
003C
FFB3
006B
FF26
003E
007E
FFB8
FFF2
0094
0073
FF34
005D
FFB0
FFDA
FF88
002C
FFCF
002D
0050
FFD9
FF5A
FF79
FF48
FFC8
FF9E
0045
0041
FFB7
FF6C
0072
FF38
005D
FFE8
0039
0037
0054
0025
0045
000E
0024
FFBD
0006
FFC8
0036
FFB0
0044
FF7E
005D
0043
002D
FFDC
00AB
FF0E
002A
